document_id,token_index,sentence_index,token_text,lemma,pos,domain_class,target_abs_delta_z,target_delta_z,pos_norm,pos_norm_sq,pos_norm_cu,sent_relative_pos,is_sent_initial,is_sent_final,dist_sent_start,dist_sent_end,is_noun,is_verb,is_adj,is_adv,is_cs,is_bio,is_eli5,is_fin,window_count,token_len,syllable_est,clean_rate,n_trials,self_information,candidate_entropy
cli_input,0,0,Sound,sound,JJ,general,0.10694115289979571,0.10694115289979571,0.0,0.0,0.0,0.0,1.0,0.0,0.0,78.0,0.0,0.0,1.0,0.0,0.0,0.0,0.0,0.0,1.0,5.0,2.0,0.0,5.0,10.666815756314712,2.9068905956085187
cli_input,4,0,structure,structure,NN,general,0.1133628115349167,0.0422257035635464,0.009259259259259259,8.573388203017832e-05,7.938322410201695e-07,0.01282051282051282,0.0,0.0,1.0,77.0,1.0,0.0,0.0,0.0,0.0,0.0,0.0,0.0,2.0,9.0,3.0,1.0,5.0,11.836740757757024,3.7548875021634687
cli_input,4,0,discerning,discern,VBG,general,0.04542099477416313,0.04542099477416313,0.012618296529968454,0.00015922140731821393,2.0091029314601126e-06,0.02564102564102564,0.0,0.0,2.0,76.0,0.0,1.0,0.0,0.0,0.0,0.0,0.0,0.0,3.0,10.0,3.0,1.0,5.0,12.836740757757024,3.9068905956085187
cli_input,4,0,employed,employ,VBN,general,0.09580323598208026,-0.031179733585114756,0.009592326139088728,9.201272075864486e-05,8.826160264618212e-07,0.038461538461538464,0.0,0.0,3.0,75.0,0.0,1.0,0.0,0.0,0.0,0.0,0.0,0.0,3.0,8.0,4.0,1.0,5.0,12.836740757757024,3.584962500721156
cli_input,4,0,slight,slight,JJ,biomedical,0.13928744072440663,-0.11484523894122423,0.008639308855291577,7.463765749711946e-05,6.448177753530839e-07,0.05128205128205128,0.0,0.0,4.0,74.0,0.0,0.0,1.0,0.0,0.0,0.0,0.0,0.0,3.0,6.0,1.0,1.0,5.0,12.836740757757024,3.169925001442312
cli_input,6,0,suggested,suggest,VBD,general,0.0589327389478342,-0.02527652715723434,0.010067114093959731,0.00010134678618080266,1.0202696595382818e-06,0.0641025641025641,0.0,0.0,5.0,73.0,0.0,1.0,0.0,0.0,0.0,0.0,0.0,0.0,3.0,9.0,3.0,0.0,5.0,12.836740757757024,3.7548875021634687
cli_input,6,0,admirable,admirable,JJ,general,0.026291613663110436,0.021619925646852778,0.010968921389396709,0.00012031723644676463,1.3197503083740178e-06,0.07692307692307693,0.0,0.0,6.0,72.0,0.0,0.0,1.0,0.0,0.0,0.0,0.0,0.0,3.0,9.0,4.0,1.0,5.0,12.836740757757024,3.7548875021634687
cli_input,6,0,originated,originate,VBD,biomedical,0.20036895901189275,-0.16409063768926374,0.011406844106463879,0.00013011609246916972,1.4842139825380578e-06,0.08974358974358974,0.0,0.0,7.0,71.0,0.0,1.0,0.0,0.0,0.0,0.0,0.0,0.0,3.0,10.0,5.0,0.0,5.0,12.836740757757024,3.9068905956085187
cli_input,8,0,structures,structure,NNS,general,0.16746126706148923,0.1157991811319004,0.014678899082568808,0.0002154700782762394,3.16286353433012e-06,0.10256410256410256,0.0,0.0,8.0,70.0,1.0,0.0,0.0,0.0,0.0,0.0,0.0,0.0,3.0,10.0,3.0,1.0,5.0,11.836740757757024,3.9068905956085187
cli_input,8,0,reasons,reason,NNS,general,0.11234200659744746,-0.1040145392331691,0.02564102564102564,0.0006574621959237343,1.6858005023685495e-05,0.11538461538461539,0.0,0.0,9.0,69.0,1.0,0.0,0.0,0.0,0.0,0.0,0.0,0.0,3.0,7.0,3.0,1.0,5.0,11.836740757757024,3.3923174227787602
cli_input,8,0,disparate,disparate,JJ,general,0.25344487093120116,-0.25344487093120116,0.015968063872255488,0.00025497906382843094,4.071521977300294e-06,0.1282051282051282,0.0,0.0,10.0,68.0,0.0,0.0,1.0,0.0,0.0,0.0,0.0,0.0,3.0,9.0,4.0,0.6,5.0,12.836740757757024,3.7548875021634687
cli_input,8,0,condition,condition,NN,biomedical,0.07870987273656609,-0.04316072936197259,0.024024024024024024,0.0005771537303068835,1.3865555082447651e-05,0.14102564102564102,0.0,0.0,11.0,67.0,1.0,0.0,0.0,0.0,0.0,0.0,0.0,0.0,3.0,9.0,4.0,1.0,5.0,10.836740757757024,3.7548875021634687
cli_input,8,0,superior,superior,JJ,general,0.11408190204159685,-0.11408190204159685,0.01603206412825651,0.0002570270802125292,4.120674632665799e-06,0.15384615384615385,0.0,0.0,12.0,66.0,0.0,0.0,1.0,0.0,0.0,0.0,0.0,0.0,3.0,8.0,4.0,0.0,5.0,12.836740757757024,3.584962500721156
cli_input,8,0,extensive,extensive,JJ,general,0.11185765639457368,-0.11185765639457368,0.015267175572519083,0.0002330866499621234,3.5585748085820364e-06,0.16666666666666666,0.0,0.0,13.0,65.0,0.0,0.0,1.0,0.0,0.0,0.0,0.0,0.0,3.0,9.0,4.0,1.0,5.0,12.836740757757024,3.7548875021634687
cli_input,10,0,elements,element,NNS,general,0.2736821923289503,-0.2736821923289503,0.01996007984031936,0.00039840478723192336,7.952191361914639e-06,0.1794871794871795,0.0,0.0,14.0,64.0,1.0,0.0,0.0,0.0,0.0,0.0,0.0,0.0,3.0,8.0,3.0,0.6,5.0,12.836740757757024,3.584962500721156
cli_input,10,0,utilized,utilize,VBD,general,0.19693164133343286,-0.19693164133343286,0.019880715705765408,0.00039524285697346736,7.857710874224004e-06,0.19230769230769232,0.0,0.0,15.0,63.0,0.0,1.0,0.0,0.0,0.0,0.0,0.0,0.0,3.0,8.0,4.0,0.0,5.0,12.836740757757024,3.584962500721156
cli_input,12,0,setup,setup,NN,general,0.4161763991958748,-0.4161763991958748,0.031496062992125984,0.0009920019840039679,3.124415697650293e-05,0.20512820512820512,0.0,0.0,16.0,62.0,1.0,0.0,0.0,0.0,0.0,0.0,0.0,0.0,3.0,5.0,2.0,0.0,5.0,12.836740757757024,2.9068905956085187
cli_input,12,0,tension,tension,NN,biomedical,0.10843839382271066,-0.06797798795327106,0.031746031746031744,0.0010078105316200553,3.1993985130795404e-05,0.21794871794871795,0.0,0.0,17.0,61.0,1.0,0.0,0.0,0.0,0.0,0.0,0.0,0.0,3.0,7.0,3.0,0.0,5.0,12.836740757757024,3.3923174227787602
cli_input,12,0,reason,reason,NN,biomedical,0.2288079225108294,-0.2288079225108294,0.02591792656587473,0.0006717389174740751,1.7410079934533264e-05,0.23076923076923078,0.0,0.0,18.0,60.0,1.0,0.0,0.0,0.0,0.0,0.0,0.0,0.0,3.0,6.0,3.0,1.0,5.0,12.251778257035868,3.169925001442312
cli_input,12,0,group,group,NN,general,0.05784245482604518,0.013341484292265119,0.015789473684210527,0.00024930747922437675,3.936433882490159e-06,0.24358974358974358,0.0,0.0,19.0,59.0,1.0,0.0,0.0,0.0,0.0,0.0,0.0,0.0,3.0,5.0,2.0,1.0,5.0,12.836740757757024,2.9068905956085187
cli_input,12,0,domain,domain,NN,general,0.12496860287904021,-0.059669167279299405,0.022900763358778626,0.0005244449624147776,1.2010189978964375e-05,0.2564102564102564,0.0,0.0,20.0,58.0,1.0,0.0,0.0,0.0,0.0,0.0,0.0,0.0,3.0,6.0,3.0,1.0,5.0,12.836740757757024,3.169925001442312
cli_input,13,0,system,system,NN,general,0.18991498071044693,-0.18991498071044693,0.03009259259259259,0.0009055641289437584,2.7250772398770508e-05,0.2692307692307692,0.0,0.0,21.0,57.0,1.0,0.0,0.0,0.0,0.0,0.0,0.0,0.0,3.0,6.0,2.0,1.0,5.0,9.836740757757024,3.169925001442312
cli_input,14,0,constructed,construct,VBD,general,0.31174668668120786,-0.31174668668120786,0.03674540682414698,0.0013502249226720676,4.961456408768752e-05,0.28205128205128205,0.0,0.0,22.0,56.0,0.0,1.0,0.0,0.0,0.0,0.0,0.0,0.0,3.0,11.0,3.0,0.0,5.0,12.836740757757024,4.044394119358453
cli_input,14,0,demand,demand,NN,general,0.2842436700448368,-0.2842436700448368,0.0374331550802139,0.0014012410992593437,5.2452875373344414e-05,0.2948717948717949,0.0,0.0,23.0,55.0,1.0,0.0,0.0,0.0,0.0,0.0,0.0,0.0,3.0,6.0,2.0,0.6,5.0,12.836740757757024,3.169925001442312
cli_input,14,0,elucidate,elucidate,VB,general,0.07452979246843797,-0.06645472234037317,0.027833001988071572,0.0007746759996679961,2.156155863887067e-05,0.3076923076923077,0.0,0.0,24.0,54.0,0.0,1.0,0.0,0.0,0.0,0.0,0.0,0.0,3.0,9.0,5.0,0.0,5.0,12.836740757757024,3.7548875021634687
cli_input,14,0,employed,employ,VBN,general,0.16821668973707848,-0.16821668973707848,0.022950819672131147,0.000526740123622682,1.2089117591340242e-05,0.32051282051282054,0.0,0.0,25.0,53.0,0.0,1.0,0.0,0.0,0.0,0.0,0.0,0.0,3.0,8.0,4.0,1.0,5.0,12.836740757757024,3.584962500721156
cli_input,14,0,structure,structure,NN,biomedical,0.1007220108573688,-0.046892596499241976,0.026615969581749048,0.0007084098367765906,1.8855014667057545e-05,0.3333333333333333,0.0,0.0,26.0,52.0,1.0,0.0,0.0,0.0,0.0,0.0,0.0,0.0,3.0,9.0,3.0,0.0,5.0,11.836740757757024,3.7548875021634687
cli_input,16,0,detailed,detail,VBD,general,0.2876862872735976,-0.2876862872735976,0.053691275167785234,0.0028827530291428314,0.00015477868612847416,0.34615384615384615,0.0,0.0,27.0,51.0,0.0,1.0,0.0,0.0,0.0,0.0,0.0,0.0,3.0,8.0,4.0,1.0,5.0,12.836740757757024,3.584962500721156
cli_input,16,0,gloomy,gloomy,JJ,biomedical,0.24187613774914518,-0.24187613774914518,0.023323615160349854,0.0005439910241481016,1.2687837297914905e-05,0.358974358974359,0.0,0.0,28.0,50.0,0.0,0.0,1.0,0.0,0.0,0.0,0.0,0.0,3.0,6.0,3.0,1.0,5.0,12.836740757757024,3.169925001442312
cli_input,16,0,propose,propose,VB,general,0.1278275270170623,-0.1278275270170623,0.052980132450331126,0.0028068944344546293,0.00014870963891150353,0.3717948717948718,0.0,0.0,29.0,49.0,0.0,1.0,0.0,0.0,0.0,0.0,0.0,0.0,3.0,7.0,3.0,1.0,5.0,12.836740757757024,3.3923174227787602
cli_input,18,0,probing,probe,VBG,general,0.14366272475763875,-0.07438440677808238,0.0481283422459893,0.0023163373273470786,0.00011148147564772036,0.38461538461538464,0.0,0.0,30.0,48.0,0.0,1.0,0.0,0.0,0.0,0.0,0.0,0.0,3.0,7.0,2.0,0.0,5.0,12.836740757757024,3.3923174227787602
cli_input,18,0,regularly,regularly,RB,biomedical,0.14593153358891658,0.04197847145947755,0.038876889848812095,0.0015114125643166689,5.875901977904976e-05,0.3974358974358974,0.0,0.0,31.0,47.0,0.0,0.0,0.0,1.0,0.0,0.0,0.0,0.0,3.0,9.0,4.0,1.0,5.0,11.836740757757024,3.7548875021634687
cli_input,18,0,group,group,NN,general,0.10559271084697146,-0.055196631998360335,0.03578528827037773,0.0012805868565940342,4.582616981847438e-05,0.41025641025641024,0.0,0.0,32.0,46.0,1.0,0.0,0.0,0.0,0.0,0.0,0.0,0.0,3.0,5.0,2.0,0.0,5.0,12.836740757757024,2.9068905956085187
cli_input,20,0,duties,duty,NNS,general,0.12695024023291338,-0.12695024023291338,0.03669724770642202,0.0013466879892264961,4.941974272390812e-05,0.4230769230769231,0.0,0.0,33.0,45.0,1.0,0.0,0.0,0.0,0.0,0.0,0.0,0.0,3.0,6.0,3.0,1.0,5.0,12.836740757757024,3.169925001442312
cli_input,20,0,problems,problem,NNS,general,0.2876302369615614,-0.2876302369615614,0.03076923076923077,0.0009467455621301776,2.9130632680928542e-05,0.4358974358974359,0.0,0.0,34.0,44.0,1.0,0.0,0.0,0.0,0.0,0.0,0.0,0.0,3.0,8.0,2.0,0.0,5.0,10.136301039615931,3.584962500721156
cli_input,20,0,exercised,exercise,VBN,finance,0.25071305652669673,-0.25071305652669673,0.0322061191626409,0.0010372341115182254,3.3405285395111924e-05,0.44871794871794873,0.0,0.0,35.0,43.0,0.0,1.0,0.0,0.0,0.0,0.0,0.0,0.0,3.0,9.0,4.0,1.0,5.0,12.836740757757024,3.7548875021634687
cli_input,20,0,employed,employ,VBN,biomedical,0.10297059541701614,-0.040519668304088444,0.03802281368821293,0.0014457343607685524,5.497088824215027e-05,0.46153846153846156,0.0,0.0,36.0,42.0,0.0,1.0,0.0,0.0,0.0,0.0,0.0,0.0,3.0,8.0,4.0,0.0,5.0,12.836740757757024,3.584962500721156
cli_input,22,0,diverse,diverse,JJ,general,0.1805290322800615,-0.13858886638056153,0.03691275167785235,0.0013625512364307917,5.02955154387205e-05,0.47435897435897434,0.0,0.0,37.0,41.0,0.0,0.0,1.0,0.0,0.0,0.0,0.0,0.0,3.0,7.0,3.0,0.0,5.0,12.251778257035868,3.3923174227787602
cli_input,22,0,heterogeneous,heterogeneous,JJ,general,0.06794374627607976,-0.06794374627607976,0.05092592592592592,0.002593449931412894,0.00013207383909973072,0.48717948717948717,0.0,0.0,38.0,40.0,0.0,0.0,1.0,0.0,0.0,0.0,0.0,0.0,3.0,13.0,7.0,1.0,5.0,12.836740757757024,4.285402218862249
cli_input,23,0,connotation,connotation,NN,general,0.19519301418115312,-0.1788202573177484,0.07371794871794872,0.005434335963182118,0.0004006080998499638,0.5,0.0,0.0,39.0,39.0,1.0,0.0,0.0,0.0,0.0,0.0,0.0,0.0,3.0,11.0,5.0,1.0,5.0,12.836740757757024,4.044394119358453
cli_input,24,0,sector,sector,NN,general,0.10418627419871189,-0.10418627419871189,0.06417112299465241,0.004117933026394808,0.00026425238672052244,0.5128205128205128,0.0,0.0,40.0,38.0,1.0,0.0,0.0,0.0,0.0,0.0,0.0,0.0,3.0,6.0,2.0,0.0,5.0,12.836740757757024,3.169925001442312
cli_input,24,0,distinct,distinct,JJ,biomedical,0.09217417566997306,-0.07022517193906633,0.040336134453781515,0.0016270037426735402,6.562704172128566e-05,0.5256410256410257,0.0,0.0,41.0,37.0,0.0,0.0,1.0,0.0,0.0,0.0,0.0,0.0,3.0,8.0,2.0,1.0,5.0,12.836740757757024,3.584962500721156
cli_input,24,0,large,large,JJ,finance,0.08854204029679318,-0.021810275252022483,0.05687203791469194,0.0032344286965701576,0.00018394855146370564,0.5384615384615384,0.0,0.0,42.0,36.0,0.0,0.0,1.0,0.0,0.0,0.0,0.0,0.0,3.0,5.0,2.0,0.0,5.0,12.251778257035868,2.9068905956085187
cli_input,26,0,demands,demand,NNS,biomedical,0.1247481486147648,-0.0031358696422062126,0.043697478991596636,0.0019094696702210293,8.343901079957438e-05,0.5512820512820513,0.0,0.0,43.0,35.0,1.0,0.0,0.0,0.0,0.0,0.0,0.0,0.0,3.0,7.0,2.0,1.0,5.0,12.836740757757024,3.3923174227787602
cli_input,26,0,selection,selection,NN,general,0.173568926604031,-0.173568926604031,0.03651685393258427,0.0013334806211336952,4.869451706387089e-05,0.5641025641025641,0.0,0.0,44.0,34.0,1.0,0.0,0.0,0.0,0.0,0.0,0.0,0.0,3.0,9.0,4.0,1.0,5.0,12.836740757757024,3.7548875021634687
cli_input,28,0,system,system,NN,general,0.05760903662535579,-0.04090233997747443,0.06481481481481481,0.004200960219478737,0.00027228445866991815,0.5769230769230769,0.0,0.0,45.0,33.0,1.0,0.0,0.0,0.0,0.0,0.0,0.0,0.0,3.0,6.0,2.0,1.0,5.0,9.836740757757024,3.169925001442312
cli_input,28,0,only,only,RB,general,0.08381353487190338,-0.08381353487190338,0.03684210526315789,0.0013573407202216064,5.0007289692374965e-05,0.5897435897435898,0.0,0.0,46.0,32.0,0.0,0.0,0.0,1.0,0.0,0.0,0.0,0.0,3.0,4.0,2.0,1.0,4.0,10.514812662869662,2.584962500721156
cli_input,28,0,start,start,VBP,general,0.18020213614345176,-0.18020213614345176,0.051188299817184646,0.0026202420381739857,0.00013412573504364097,0.6025641025641025,0.0,0.0,47.0,31.0,0.0,1.0,0.0,0.0,0.0,0.0,0.0,0.0,3.0,5.0,1.0,1.0,5.0,11.836740757757024,2.9068905956085187
cli_input,29,0,exercised,exercise,VBN,general,0.2194243388323179,-0.2194243388323179,0.11026615969581749,0.012158625974063525,0.0013406849933378033,0.6153846153846154,0.0,0.0,48.0,30.0,0.0,1.0,0.0,0.0,0.0,0.0,0.0,0.0,3.0,9.0,4.0,1.0,5.0,12.836740757757024,3.7548875021634687
cli_input,30,0,area,area,NN,biomedical,0.1220400458402164,-0.11274662297567666,0.043731778425655975,0.0019124684442706694,8.36356462509039e-05,0.6282051282051282,0.0,0.0,49.0,29.0,1.0,0.0,0.0,0.0,0.0,0.0,0.0,0.0,3.0,4.0,3.0,1.0,5.0,10.02938583569942,2.584962500721156
cli_input,30,0,results,result,NNS,general,0.15185899173652212,-0.15185899173652212,0.059880239520958084,0.0035856430850873104,0.00021470916677169524,0.6410256410256411,0.0,0.0,50.0,28.0,1.0,0.0,0.0,0.0,0.0,0.0,0.0,0.0,3.0,7.0,2.0,0.0,5.0,11.251778257035868,3.3923174227787602
cli_input,30,0,schemes,scheme,NNS,general,0.22599451108104968,-0.047338624473125715,0.08450704225352113,0.007141440190438404,0.0006035019879243722,0.6538461538461539,0.0,0.0,51.0,27.0,1.0,0.0,0.0,0.0,0.0,0.0,0.0,0.0,3.0,7.0,2.0,0.0,5.0,12.836740757757024,3.3923174227787602
cli_input,30,0,aspects,aspect,NNS,general,0.18768385564947515,-0.18341172140412787,0.042134831460674156,0.0017753440222194167,7.480382116093048e-05,0.6666666666666666,0.0,0.0,52.0,26.0,1.0,0.0,0.0,0.0,0.0,0.0,0.0,0.0,3.0,7.0,2.0,1.0,5.0,12.836740757757024,3.3923174227787602
cli_input,32,0,improve,improve,VB,general,0.06103854839827658,-0.048615702140275996,0.06412825651302605,0.0041124332834004676,0.00026372317649061113,0.6794871794871795,0.0,0.0,53.0,25.0,0.0,1.0,0.0,0.0,0.0,0.0,0.0,0.0,3.0,7.0,3.0,0.0,5.0,9.929850162148504,3.3923174227787602
cli_input,32,0,necessity,necessity,NN,general,0.11676792866904209,-0.11676792866904209,0.0798004987531172,0.0063681196012462605,0.0005081791202989534,0.6923076923076923,0.0,0.0,54.0,24.0,1.0,0.0,0.0,0.0,0.0,0.0,0.0,0.0,3.0,9.0,4.0,0.0,5.0,12.836740757757024,3.7548875021634687
cli_input,32,0,substances,substance,NNS,biomedical,0.08903277382446965,-0.07968359501864039,0.060836501901140684,0.003701079963567494,0.00022516075823984756,0.7051282051282052,0.0,0.0,55.0,23.0,1.0,0.0,0.0,0.0,0.0,0.0,0.0,0.0,3.0,10.0,3.0,0.0,5.0,10.836740757757024,3.9068905956085187
cli_input,34,0,decrease,decrease,VB,general,0.058875400501785705,0.058875400501785705,0.05704697986577181,0.003254357911805775,0.00018565129027079923,0.717948717948718,0.0,0.0,56.0,22.0,0.0,1.0,0.0,0.0,0.0,0.0,0.0,0.0,3.0,8.0,4.0,0.0,5.0,12.836740757757024,3.584962500721156
cli_input,34,0,markedly,markedly,RB,finance,0.10126393942416323,-0.10126393942416323,0.08056872037914692,0.006491318703533164,0.00052299724151689,0.7307692307692307,0.0,0.0,57.0,21.0,0.0,0.0,0.0,1.0,0.0,0.0,0.0,0.0,3.0,8.0,3.0,0.0,5.0,12.836740757757024,3.584962500721156
cli_input,38,0,duration,duration,NN,finance,0.24728714066997784,-0.24728714066997784,0.09004739336492891,0.008108533051818244,0.0007301522653296048,0.7435897435897436,0.0,0.0,58.0,20.0,1.0,0.0,0.0,0.0,0.0,0.0,0.0,0.0,3.0,8.0,4.0,0.0,5.0,12.836740757757024,3.584962500721156
cli_input,39,0,apprehending,apprehend,VBG,general,0.35185408961161885,-0.35185408961161885,0.07155963302752294,0.005120781079033752,0.00036644121482993825,0.7564102564102564,0.0,0.0,59.0,19.0,0.0,1.0,0.0,0.0,0.0,0.0,0.0,0.0,3.0,12.0,4.0,1.0,5.0,12.836740757757024,4.169925001442312
cli_input,39,0,originating,originate,VBG,general,0.22447174603246517,-0.22447174603246517,0.09285714285714286,0.008622448979591838,0.0008006559766763849,0.7692307692307693,0.0,0.0,60.0,18.0,0.0,1.0,0.0,0.0,0.0,0.0,0.0,0.0,3.0,11.0,5.0,0.0,5.0,12.836740757757024,4.044394119358453
cli_input,43,0,facet,facet,NN,general,0.14408006837416015,0.031128401915021975,0.09347826086956522,0.008738185255198488,0.0008168303608120325,0.782051282051282,0.0,0.0,61.0,17.0,1.0,0.0,0.0,0.0,0.0,0.0,0.0,0.0,3.0,5.0,2.0,1.0,5.0,12.836740757757024,2.9068905956085187
cli_input,43,0,correct,correct,JJ,finance,0.28193703526332003,-0.28193703526332003,0.1016548463356974,0.01033370778353425,0.0010504714768131743,0.7948717948717948,0.0,0.0,62.0,16.0,0.0,0.0,1.0,0.0,0.0,0.0,0.0,0.0,3.0,7.0,2.0,1.0,5.0,11.836740757757024,3.3923174227787602
cli_input,43,0,discontinue,discontinue,VB,general,0.05670212528869911,0.041555150415232146,0.1382636655948553,0.019116841223725978,0.002643164542187193,0.8076923076923077,0.0,0.0,63.0,15.0,0.0,1.0,0.0,0.0,0.0,0.0,0.0,0.0,3.0,11.0,5.0,1.0,5.0,12.836740757757024,4.044394119358453
cli_input,45,0,formed,form,VBD,general,0.17119428760236294,-0.03497161891883298,0.08946322067594434,0.008003667853712714,0.0007160339034136624,0.8205128205128205,0.0,0.0,64.0,14.0,0.0,1.0,0.0,0.0,0.0,0.0,0.0,0.0,3.0,6.0,2.0,0.0,5.0,12.251778257035868,3.169925001442312
cli_input,46,0,investigate,investigate,VB,general,0.07762107845048902,0.009209710955904527,0.14511041009463724,0.021057031117833795,0.0030555944208844,0.8333333333333334,0.0,0.0,65.0,13.0,0.0,1.0,0.0,0.0,0.0,0.0,0.0,0.0,3.0,11.0,5.0,1.0,5.0,12.836740757757024,4.044394119358453
cli_input,46,0,phase,phase,NN,general,0.16062635791742824,-0.16062635791742824,0.060526315789473685,0.0036634349030470917,0.00022173421781600817,0.8461538461538461,0.0,0.0,66.0,12.0,1.0,0.0,0.0,0.0,0.0,0.0,0.0,0.0,3.0,5.0,2.0,1.0,5.0,12.836740757757024,2.9068905956085187
cli_input,47,0,selection,selection,NN,general,0.15164740038248564,-0.09793047287232852,0.1087962962962963,0.011836634087791495,0.0012877819493662044,0.8589743589743589,0.0,0.0,67.0,11.0,1.0,0.0,0.0,0.0,0.0,0.0,0.0,0.0,3.0,9.0,4.0,1.0,5.0,12.836740757757024,3.7548875021634687
cli_input,48,0,manner,manner,NN,general,0.18422822842861236,-0.18422822842861236,0.08053691275167785,0.00648619431557137,0.0005223780656836003,0.8717948717948718,0.0,0.0,68.0,10.0,1.0,0.0,0.0,0.0,0.0,0.0,0.0,0.0,3.0,6.0,2.0,0.0,5.0,12.836740757757024,3.169925001442312
cli_input,48,0,immediately,immediately,RB,finance,0.12873567385106494,-0.12774981838188187,0.11374407582938388,0.01293771478628063,0.0014715884117096451,0.8846153846153846,0.0,0.0,69.0,9.0,0.0,0.0,0.0,1.0,0.0,0.0,0.0,0.0,3.0,11.0,6.0,0.0,4.0,12.836740757757024,4.044394119358453
cli_input,48,0,kind,kind,NN,general,0.0665484416990684,-0.014356235391874339,0.06741573033707865,0.004544880696881706,0.0003063964514751712,0.8974358974358975,0.0,0.0,70.0,8.0,1.0,0.0,0.0,0.0,0.0,0.0,0.0,0.0,3.0,4.0,1.0,1.0,5.0,12.251778257035868,2.584962500721156
cli_input,48,0,bodies,body,NNS,general,0.11622620131879939,-0.07160426942544573,0.07868852459016394,0.006191883902176835,0.00048723020869588215,0.9102564102564102,0.0,0.0,71.0,7.0,1.0,0.0,0.0,0.0,0.0,0.0,0.0,0.0,3.0,6.0,3.0,0.8,5.0,12.836740757757024,3.169925001442312
cli_input,50,0,span,span,NN,general,0.10535399554903928,-0.10535399554903928,0.06578947368421052,0.004328254847645429,0.0002847536083977256,0.9230769230769231,0.0,0.0,72.0,6.0,1.0,0.0,0.0,0.0,0.0,0.0,0.0,0.0,3.0,4.0,1.0,1.0,5.0,12.836740757757024,2.584962500721156
cli_input,50,0,body,body,NN,biomedical,0.07287683132924636,-0.01213111496297925,0.09505703422053231,0.009035839754803451,0.0008589201287835979,0.9358974358974359,0.0,0.0,73.0,5.0,1.0,0.0,0.0,0.0,0.0,0.0,0.0,0.0,3.0,4.0,2.0,0.0,5.0,9.749277916506685,2.584962500721156
cli_input,55,0,choose,choose,VBP,general,0.29269309817018513,-0.29269309817018513,0.12614678899082568,0.0159130123726959,0.002007375413986868,0.9487179487179487,0.0,0.0,74.0,4.0,0.0,1.0,0.0,0.0,0.0,0.0,0.0,0.0,3.0,6.0,3.0,1.0,5.0,11.514812662869662,3.169925001442312
cli_input,58,0,varied,varied,JJ,finance,0.1347736110045387,-0.06697634154210638,0.13744075829383887,0.018889962040385438,0.002596250706972406,0.9615384615384616,0.0,0.0,75.0,3.0,0.0,0.0,1.0,0.0,0.0,0.0,0.0,0.0,3.0,6.0,3.0,0.0,5.0,12.836740757757024,3.169925001442312
cli_input,60,0,features,feature,NNS,finance,0.06678910614052232,-0.06678910614052232,0.14218009478672985,0.020215179353563487,0.0028741961166204007,0.9743589743589743,0.0,0.0,76.0,2.0,1.0,0.0,0.0,0.0,0.0,0.0,0.0,0.0,3.0,8.0,4.0,0.0,5.0,11.836740757757024,3.584962500721156
cli_input,67,0,primary,primary,JJ,general,0.04815462316764215,0.03505808301453507,0.0881578947368421,0.007771814404432132,0.0006851467961802011,0.9871794871794872,0.0,0.0,77.0,1.0,0.0,0.0,1.0,0.0,0.0,0.0,0.0,0.0,2.0,7.0,3.0,1.0,5.0,12.836740757757024,3.3923174227787602
cli_input,68,0,categories,category,NNS,finance,0.11261461918144096,-0.11261461918144096,0.16113744075829384,0.025965274814132657,0.00418397793213512,1.0,0.0,1.0,78.0,0.0,1.0,0.0,0.0,0.0,0.0,0.0,0.0,0.0,1.0,10.0,5.0,0.0,5.0,11.836740757757024,3.9068905956085187
cli_input,25,1,crucial,crucial,JJ,general,0.07770726010450635,0.005579446625377527,0.038461538461538464,0.0014792899408284025,5.689576695493856e-05,0.0,1.0,0.0,0.0,102.0,0.0,0.0,1.0,0.0,0.0,0.0,0.0,0.0,1.0,7.0,3.0,0.0,5.0,12.836740757757024,3.3923174227787602
cli_input,31,1,applied,apply,VBD,general,0.2590465432962124,-0.2590465432962124,0.08136482939632546,0.006620235462693147,0.0005386543289855317,0.00980392156862745,0.0,0.0,1.0,101.0,0.0,1.0,0.0,0.0,0.0,0.0,0.0,0.0,2.0,7.0,3.0,0.0,5.0,12.251778257035868,3.3923174227787602
cli_input,31,1,conditions,condition,NNS,general,0.2209906041367078,-0.2209906041367078,0.047692307692307694,0.0022745562130177515,0.00010847883477469277,0.0196078431372549,0.0,0.0,2.0,100.0,1.0,0.0,0.0,0.0,0.0,0.0,0.0,0.0,3.0,10.0,4.0,0.2,5.0,10.514812662869662,3.9068905956085187
cli_input,35,1,setup,setup,NN,general,0.24838730401905734,-0.24838730401905734,0.09186351706036745,0.008438905766700422,0.0007752275638701175,0.029411764705882353,0.0,0.0,3.0,99.0,1.0,0.0,0.0,0.0,0.0,0.0,0.0,0.0,3.0,5.0,2.0,0.0,5.0,12.836740757757024,2.9068905956085187
cli_input,36,1,people,people,NN,general,0.2861951121738222,0.2861951121738222,0.11538461538461539,0.013313609467455623,0.001536185707783341,0.0392156862745098,0.0,0.0,4.0,98.0,1.0,0.0,0.0,0.0,0.0,0.0,0.0,0.0,3.0,6.0,3.0,1.0,4.0,9.444423334978264,3.169925001442312
cli_input,37,1,meaningful,meaningful,JJ,general,0.09624369008049535,0.04743109341877529,0.05522388059701493,0.0030496769881933616,0.0001684149978554543,0.049019607843137254,0.0,0.0,5.0,97.0,0.0,0.0,1.0,0.0,0.0,0.0,0.0,0.0,3.0,10.0,4.0,0.0,5.0,12.836740757757024,3.9068905956085187
cli_input,38,1,obstacles,obstacle,NNS,biomedical,0.12309554579517287,-0.12309554579517287,0.10052910052910052,0.010106100053189999,0.0010159571482042855,0.058823529411764705,0.0,0.0,6.0,96.0,1.0,0.0,0.0,0.0,0.0,0.0,0.0,0.0,3.0,9.0,3.0,0.0,5.0,12.836740757757024,3.7548875021634687
cli_input,39,1,strain,strain,NN,general,0.0821823000096487,-0.0821823000096487,0.06,0.0036,0.00021599999999999996,0.06862745098039216,0.0,0.0,7.0,95.0,1.0,0.0,0.0,0.0,0.0,0.0,0.0,0.0,3.0,6.0,2.0,0.0,5.0,12.836740757757024,3.169925001442312
cli_input,39,1,discerned,discern,VBN,general,0.12144848263671419,-0.12144848263671419,0.12149532710280374,0.014761114507817277,0.0017934064355292019,0.0784313725490196,0.0,0.0,8.0,94.0,0.0,1.0,0.0,0.0,0.0,0.0,0.0,0.0,3.0,9.0,3.0,0.0,5.0,12.836740757757024,3.7548875021634687
cli_input,42,1,apprehend,apprehend,VB,legal,0.11501190438914524,-0.11501190438914524,0.1268882175226586,0.016100619746077526,0.0020429789405898976,0.08823529411764706,0.0,0.0,9.0,93.0,0.0,1.0,0.0,0.0,0.0,0.0,0.0,0.0,3.0,9.0,3.0,1.0,5.0,12.836740757757024,3.7548875021634687
cli_input,43,1,work,work,VBP,general,0.1356340025144193,-0.10595281727534948,0.1235632183908046,0.015267868939093671,0.0018865470240834136,0.09803921568627451,0.0,0.0,10.0,92.0,0.0,1.0,0.0,0.0,0.0,0.0,0.0,0.0,3.0,4.0,1.0,1.0,5.0,11.251778257035868,2.584962500721156
cli_input,43,1,burden,burden,NN,biomedical,0.16227049267100294,-0.139114523499103,0.11375661375661375,0.012940567173371404,0.0014720751017327257,0.10784313725490197,0.0,0.0,11.0,91.0,1.0,0.0,0.0,0.0,0.0,0.0,0.0,0.0,3.0,6.0,2.0,0.0,5.0,12.836740757757024,3.169925001442312
cli_input,43,1,frequent,frequent,JJ,biomedical,0.07263480793424666,-0.0003776182243621307,0.06268221574344024,0.003929060170507187,0.0002462821972766896,0.11764705882352941,0.0,0.0,12.0,90.0,0.0,0.0,1.0,0.0,0.0,0.0,0.0,0.0,3.0,8.0,3.0,1.0,5.0,12.836740757757024,3.584962500721156
cli_input,43,1,factor,factor,NN,general,0.05889909011065253,-0.05889909011065253,0.08582834331337326,0.007366504515918264,0.0006322548786117472,0.12745098039215685,0.0,0.0,13.0,89.0,1.0,0.0,0.0,0.0,0.0,0.0,0.0,0.0,3.0,6.0,2.0,0.0,5.0,11.514812662869662,3.169925001442312
cli_input,43,1,characteristics,characteristic,NNS,finance,0.15275309952703514,-0.1480433656681178,0.06924315619967794,0.004794614680492998,0.0003319942532386456,0.13725490196078433,0.0,0.0,14.0,88.0,1.0,0.0,0.0,0.0,0.0,0.0,0.0,0.0,3.0,15.0,5.0,1.0,5.0,11.836740757757024,4.491853096329675
cli_input,47,1,installations,installation,NNS,finance,0.13837134768462517,-0.13837134768462517,0.11407766990291263,0.013013714770477898,0.0014845742577972358,0.14705882352941177,0.0,0.0,15.0,87.0,1.0,0.0,0.0,0.0,0.0,0.0,0.0,0.0,3.0,13.0,5.0,0.0,5.0,12.836740757757024,4.285402218862249
cli_input,47,1,recurrent,recurrent,JJ,general,0.11736515472414522,-0.11736515472414522,0.08969465648854962,0.008045131402598915,0.0007216052975613531,0.1568627450980392,0.0,0.0,16.0,86.0,0.0,0.0,1.0,0.0,0.0,0.0,0.0,0.0,3.0,9.0,3.0,1.0,5.0,12.836740757757024,3.7548875021634687
cli_input,49,1,parts,part,NNS,biomedical,0.05907429249800804,-0.05512926529605609,0.14714714714714713,0.02165228291354417,0.0031860716599509437,0.16666666666666666,0.0,0.0,17.0,85.0,1.0,0.0,0.0,0.0,0.0,0.0,0.0,0.0,3.0,5.0,1.0,1.0,5.0,11.251778257035868,2.9068905956085187
cli_input,50,1,diversity,diversity,NN,finance,0.20800624605815568,-0.20800624605815568,0.15337423312883436,0.02352365538785803,0.003607922605499698,0.17647058823529413,0.0,0.0,18.0,84.0,1.0,0.0,0.0,0.0,0.0,0.0,0.0,0.0,3.0,9.0,4.0,1.0,5.0,12.836740757757024,3.7548875021634687
cli_input,50,1,people,people,NN,general,0.23465178458031333,-0.23465178458031333,0.11904761904761904,0.014172335600907028,0.0016871828096317889,0.18627450980392157,0.0,0.0,19.0,83.0,1.0,0.0,0.0,0.0,0.0,0.0,0.0,0.0,3.0,6.0,3.0,0.0,4.0,9.444423334978264,3.169925001442312
cli_input,50,1,crucial,crucial,JJ,biomedical,0.09917260140383044,-0.0017877465547347926,0.1079913606911447,0.011662133983924914,0.0012594097174864918,0.19607843137254902,0.0,0.0,20.0,82.0,0.0,0.0,1.0,0.0,0.0,0.0,0.0,0.0,3.0,7.0,3.0,1.0,5.0,12.836740757757024,3.3923174227787602
cli_input,51,1,positive,positive,JJ,general,0.22353256961160195,-0.22353256961160195,0.09323583180987204,0.008692920333278746,0.0008104916581301939,0.20588235294117646,0.0,0.0,21.0,81.0,0.0,0.0,1.0,0.0,0.0,0.0,0.0,0.0,3.0,8.0,4.0,1.0,5.0,12.836740757757024,3.584962500721156
cli_input,52,1,started,start,VBD,general,0.3223944966840313,-0.3223944966840313,0.12380952380952381,0.015328798185941045,0.0018978512039736532,0.21568627450980393,0.0,0.0,22.0,80.0,0.0,1.0,0.0,0.0,0.0,0.0,0.0,0.0,3.0,7.0,2.0,0.0,5.0,12.836740757757024,3.3923174227787602
cli_input,53,1,manners,manner,NNS,general,0.21330386801447912,-0.21330386801447912,0.0791044776119403,0.006257518378257963,0.000494997722459212,0.22549019607843138,0.0,0.0,23.0,79.0,1.0,0.0,0.0,0.0,0.0,0.0,0.0,0.0,3.0,7.0,2.0,0.0,5.0,12.836740757757024,3.3923174227787602
cli_input,53,1,divisions,division,NNS,general,0.2776622924656135,-0.2776622924656135,0.10114503816793893,0.010230318745993824,0.0010347459800337264,0.23529411764705882,0.0,0.0,24.0,78.0,1.0,0.0,0.0,0.0,0.0,0.0,0.0,0.0,3.0,9.0,4.0,1.0,5.0,12.836740757757024,3.7548875021634687
cli_input,54,1,outcomes,outcome,NNS,finance,0.41049216590582677,-0.41049216590582677,0.1656441717791411,0.027437991644397603,0.004544943401219234,0.24509803921568626,0.0,0.0,25.0,77.0,1.0,0.0,0.0,0.0,0.0,0.0,0.0,0.0,3.0,8.0,4.0,1.0,5.0,12.836740757757024,3.584962500721156
cli_input,54,1,factors,factor,NNS,biomedical,0.24006690427167526,-0.24006690427167526,0.11320754716981132,0.012815948736205056,0.0014508621210798176,0.2549019607843137,0.0,0.0,26.0,76.0,1.0,0.0,0.0,0.0,0.0,0.0,0.0,0.0,3.0,7.0,2.0,1.0,5.0,10.251778257035868,3.3923174227787602
cli_input,54,1,working,work,VBG,general,0.25439176891914395,-0.25439176891914395,0.12857142857142856,0.016530612244897956,0.00212536443148688,0.2647058823529412,0.0,0.0,27.0,75.0,0.0,1.0,0.0,0.0,0.0,0.0,0.0,0.0,3.0,7.0,2.0,0.0,5.0,11.836740757757024,3.3923174227787602
cli_input,55,1,results,result,NNS,general,0.2841409782643522,-0.2841409782643522,0.10978043912175649,0.012051744813765683,0.001323045837838548,0.27450980392156865,0.0,0.0,28.0,74.0,1.0,0.0,0.0,0.0,0.0,0.0,0.0,0.0,3.0,7.0,2.0,0.8,5.0,11.251778257035868,3.3923174227787602
cli_input,57,1,rules,rule,NNS,general,0.27862691324619127,-0.27862691324619127,0.1832797427652733,0.033591464108104756,0.006156634900842351,0.28431372549019607,0.0,0.0,29.0,73.0,1.0,0.0,0.0,0.0,0.0,0.0,0.0,0.0,3.0,5.0,2.0,1.0,5.0,12.251778257035868,2.9068905956085187
cli_input,57,1,grounds,ground,NNS,general,0.14589481118116007,-0.14589481118116007,0.16056338028169015,0.025780599087482644,0.00413942013517327,0.29411764705882354,0.0,0.0,30.0,72.0,1.0,0.0,0.0,0.0,0.0,0.0,0.0,0.0,3.0,7.0,2.0,0.0,5.0,12.836740757757024,3.3923174227787602
cli_input,58,1,difficulties,difficulty,NNS,general,0.1305416766451494,-0.08027400022747169,0.17791411042944785,0.031653430689901764,0.005631591963234057,0.30392156862745096,0.0,0.0,31.0,71.0,1.0,0.0,0.0,0.0,0.0,0.0,0.0,0.0,3.0,12.0,5.0,0.0,5.0,12.836740757757024,4.169925001442312
cli_input,58,1,amenities,amenity,NNS,finance,0.193606567371287,0.18191185121780062,0.17791411042944785,0.031653430689901764,0.005631591963234057,0.3137254901960784,0.0,0.0,32.0,70.0,1.0,0.0,0.0,0.0,0.0,0.0,0.0,0.0,3.0,9.0,5.0,1.0,5.0,12.836740757757024,3.7548875021634687
cli_input,58,1,beginning,begin,VBG,general,0.08962918338028172,-0.08962918338028172,0.16066481994459833,0.0258131843678302,0.00414727061865416,0.3235294117647059,0.0,0.0,33.0,69.0,0.0,1.0,0.0,0.0,0.0,0.0,0.0,0.0,3.0,9.0,3.0,1.0,5.0,12.836740757757024,3.7548875021634687
cli_input,59,1,meaningful,meaningful,JJ,biomedical,0.3414945712741493,-0.3414945712741493,0.11216730038022814,0.012581503274588327,0.001411233257035573,0.3333333333333333,0.0,0.0,34.0,68.0,0.0,0.0,1.0,0.0,0.0,0.0,0.0,0.0,3.0,10.0,4.0,0.0,5.0,12.836740757757024,3.9068905956085187
cli_input,60,1,comprehensive,comprehensive,JJ,general,0.1087761070936629,-0.08390726495861212,0.20134228187919462,0.04053871447232106,0.008162157276306254,0.3431372549019608,0.0,0.0,35.0,67.0,0.0,0.0,1.0,0.0,0.0,0.0,0.0,0.0,3.0,13.0,5.0,1.0,5.0,12.251778257035868,4.285402218862249
cli_input,60,1,body,body,NN,biomedical,0.11655418467704223,0.01661941762178478,0.12958963282937366,0.01679347293685188,0.0021762599918166586,0.35294117647058826,0.0,0.0,36.0,66.0,1.0,0.0,0.0,0.0,0.0,0.0,0.0,0.0,3.0,4.0,2.0,1.0,5.0,9.749277916506685,2.584962500721156
cli_input,61,1,significance,significance,NN,general,0.1939119527949611,-0.1387137279950191,0.1955128205128205,0.03822526298487837,0.007473528981017886,0.3627450980392157,0.0,0.0,37.0,65.0,1.0,0.0,0.0,0.0,0.0,0.0,0.0,0.0,3.0,12.0,5.0,1.0,5.0,12.251778257035868,4.169925001442312
cli_input,61,1,dissimilar,dissimilar,JJ,general,0.30534156677003377,-0.30534156677003377,0.1,0.010000000000000002,0.0010000000000000002,0.37254901960784315,0.0,0.0,38.0,64.0,0.0,0.0,1.0,0.0,0.0,0.0,0.0,0.0,3.0,10.0,4.0,1.0,5.0,12.836740757757024,3.9068905956085187
cli_input,61,1,factor,factor,NN,biomedical,0.1069735668406195,-0.1069735668406195,0.11596958174904944,0.01344894389104946,0.0015596683980114393,0.38235294117647056,0.0,0.0,39.0,63.0,1.0,0.0,0.0,0.0,0.0,0.0,0.0,0.0,3.0,6.0,2.0,0.0,5.0,11.514812662869662,3.169925001442312
cli_input,62,1,creating,create,VBG,general,0.23918164166163275,-0.23918164166163275,0.14761904761904762,0.02179138321995465,0.0032168232372314005,0.39215686274509803,0.0,0.0,40.0,62.0,0.0,1.0,0.0,0.0,0.0,0.0,0.0,0.0,3.0,8.0,3.0,0.0,5.0,11.836740757757024,3.584962500721156
cli_input,63,1,endeavors,endeavor,NNS,general,0.04592309181913423,0.02253383589236462,0.11559633027522936,0.013362511573099908,0.0015446573011106317,0.4019607843137255,0.0,0.0,41.0,61.0,1.0,0.0,0.0,0.0,0.0,0.0,0.0,0.0,3.0,9.0,4.0,1.0,5.0,12.836740757757024,3.7548875021634687
cli_input,63,1,groups,group,NNS,general,0.24390843846567972,-0.24390843846567972,0.10327868852459017,0.010666487503359313,0.00110162084051088,0.4117647058823529,0.0,0.0,42.0,60.0,1.0,0.0,0.0,0.0,0.0,0.0,0.0,0.0,3.0,6.0,2.0,1.0,5.0,12.836740757757024,3.169925001442312
cli_input,63,1,strengths,strength,NNS,general,0.10624700722449801,-0.10624700722449801,0.16279069767441862,0.026500811249323963,0.004314085552215529,0.4215686274509804,0.0,0.0,43.0,59.0,1.0,0.0,0.0,0.0,0.0,0.0,0.0,0.0,3.0,9.0,1.0,1.0,5.0,12.836740757757024,3.7548875021634687
cli_input,66,1,dilemmas,dilemma,NNS,general,0.15022049311879515,-0.15022049311879515,0.10153846153846154,0.010310059171597632,0.0010468675466545289,0.43137254901960786,0.0,0.0,44.0,58.0,1.0,0.0,0.0,0.0,0.0,0.0,0.0,0.0,3.0,8.0,3.0,0.0,5.0,12.836740757757024,3.584962500721156
cli_input,67,1,regularly,regularly,RB,general,0.11414859275104701,-0.11414859275104701,0.12293577981651377,0.015113205959094354,0.0018579537601088473,0.4411764705882353,0.0,0.0,45.0,57.0,0.0,0.0,0.0,1.0,0.0,0.0,0.0,0.0,3.0,9.0,4.0,1.0,5.0,11.836740757757024,3.7548875021634687
cli_input,69,1,annoyance,annoyance,NN,biomedical,0.061341365541906,-0.013255555643980099,0.14465408805031446,0.02092480518966813,0.0030268586123419305,0.45098039215686275,0.0,0.0,46.0,56.0,1.0,0.0,0.0,0.0,0.0,0.0,0.0,0.0,3.0,9.0,5.0,1.0,5.0,12.836740757757024,3.7548875021634687
cli_input,71,1,utilized,utilize,VBN,general,0.15347332258676658,-0.15347332258676658,0.16435185185185186,0.027011531207133063,0.004439395175246406,0.46078431372549017,0.0,0.0,47.0,55.0,0.0,1.0,0.0,0.0,0.0,0.0,0.0,0.0,3.0,8.0,4.0,1.0,5.0,12.836740757757024,3.584962500721156
cli_input,71,1,diversity,diversity,NN,general,0.07181399390357668,0.07181399390357668,0.21712538226299694,0.04714343162285255,0.010236035612301317,0.47058823529411764,0.0,0.0,48.0,54.0,1.0,0.0,0.0,0.0,0.0,0.0,0.0,0.0,3.0,9.0,4.0,1.0,5.0,12.836740757757024,3.7548875021634687
cli_input,71,1,structure,structure,NN,general,0.17964658029756905,-0.135461354317303,0.2282958199356913,0.05211898140010959,0.011898545592951063,0.4803921568627451,0.0,0.0,49.0,53.0,1.0,0.0,0.0,0.0,0.0,0.0,0.0,0.0,3.0,9.0,3.0,1.0,5.0,11.836740757757024,3.7548875021634687
cli_input,71,1,disappointment,disappointment,NN,biomedical,0.13974032622248397,-0.13974032622248397,0.10349854227405247,0.010711948252853827,0.0011086710290854544,0.49019607843137253,0.0,0.0,50.0,52.0,1.0,0.0,0.0,0.0,0.0,0.0,0.0,0.0,3.0,14.0,5.0,1.0,5.0,12.836740757757024,4.392317422778761
cli_input,73,1,output,output,NN,general,0.17798752647174493,-0.17798752647174493,0.1738095238095238,0.03020975056689342,0.005250742360436237,0.5,0.0,0.0,51.0,51.0,1.0,0.0,0.0,0.0,0.0,0.0,0.0,0.0,3.0,6.0,3.0,0.0,5.0,12.836740757757024,3.169925001442312
cli_input,74,1,work,work,NN,general,0.21249799388620297,-0.21249799388620297,0.12131147540983607,0.01471647406611126,0.0017852771817905466,0.5098039215686274,0.0,0.0,52.0,50.0,1.0,0.0,0.0,0.0,0.0,0.0,0.0,0.0,3.0,4.0,1.0,1.0,5.0,11.251778257035868,2.584962500721156
cli_input,76,1,admirable,admirable,JJ,general,0.06359316523244055,-0.02951550088023396,0.11343283582089553,0.01286700824237024,0.0014595412334628929,0.5196078431372549,0.0,0.0,53.0,49.0,0.0,0.0,1.0,0.0,0.0,0.0,0.0,0.0,3.0,9.0,4.0,0.0,5.0,12.836740757757024,3.7548875021634687
cli_input,76,1,largely,largely,RB,general,0.1037085896138727,-0.047545253910897936,0.23384615384615384,0.05468402366863905,0.012787648611743285,0.5294117647058824,0.0,0.0,54.0,48.0,0.0,0.0,0.0,1.0,0.0,0.0,0.0,0.0,3.0,7.0,3.0,1.0,5.0,12.836740757757024,3.3923174227787602
cli_input,77,1,range,range,NN,general,0.17169603991850546,-0.09905762614253075,0.17824074074074073,0.03176976165980795,0.005662665851400954,0.5392156862745098,0.0,0.0,55.0,47.0,1.0,0.0,0.0,0.0,0.0,0.0,0.0,0.0,3.0,5.0,2.0,1.0,5.0,11.251778257035868,2.9068905956085187
cli_input,77,1,lowerred,lower,VBD,biomedical,0.14474212551202212,-0.14474212551202212,0.2037037037037037,0.041495198902606306,0.008452725702382766,0.5490196078431373,0.0,0.0,56.0,46.0,0.0,1.0,0.0,0.0,0.0,0.0,0.0,0.0,3.0,8.0,3.0,0.0,5.0,10.02938583569942,3.584962500721156
cli_input,79,1,connotations,connotation,NNS,biomedical,0.11951825267885366,-0.11951825267885366,0.16561844863731656,0.027429470529031465,0.004542826355961186,0.5588235294117647,0.0,0.0,57.0,45.0,1.0,0.0,0.0,0.0,0.0,0.0,0.0,0.0,3.0,12.0,5.0,1.0,5.0,12.836740757757024,4.169925001442312
cli_input,79,1,types,type,NNS,general,0.11263328816145393,0.012947562084760823,0.17173913043478262,0.02949432892249528,0.005065330401906798,0.5686274509803921,0.0,0.0,58.0,44.0,1.0,0.0,0.0,0.0,0.0,0.0,0.0,0.0,3.0,5.0,2.0,1.0,5.0,10.666815756314712,2.9068905956085187
cli_input,80,1,rules,rule,NNS,general,0.28096929505023716,-0.28096929505023716,0.11235955056179775,0.012624668602449185,0.0014185020901628298,0.5784313725490197,0.0,0.0,59.0,43.0,1.0,0.0,0.0,0.0,0.0,0.0,0.0,0.0,3.0,5.0,2.0,1.0,5.0,12.251778257035868,2.9068905956085187
cli_input,80,1,employed,employ,VBN,general,0.2451360859796848,-0.2451360859796848,0.15904572564612326,0.02529554284630191,0.00402314796760269,0.5882352941176471,0.0,0.0,60.0,42.0,0.0,1.0,0.0,0.0,0.0,0.0,0.0,0.0,3.0,8.0,4.0,0.0,5.0,12.836740757757024,3.584962500721156
cli_input,81,1,fields,field,NNS,general,0.0882828785077205,0.030541098741313187,0.1875,0.03515625,0.006591796875,0.5980392156862745,0.0,0.0,61.0,41.0,1.0,0.0,0.0,0.0,0.0,0.0,0.0,0.0,3.0,6.0,2.0,1.0,5.0,12.836740757757024,3.169925001442312
cli_input,82,1,goals,goal,NNS,general,0.11497414247327256,-0.11497414247327256,0.10789473684210527,0.011641274238227148,0.0012560322204402976,0.6078431372549019,0.0,0.0,62.0,40.0,1.0,0.0,0.0,0.0,0.0,0.0,0.0,0.0,3.0,5.0,2.0,1.0,5.0,11.514812662869662,2.9068905956085187
cli_input,82,1,admirable,admirable,JJ,general,0.1644845164308057,-0.1644845164308057,0.16302186878727634,0.026576129702895943,0.00433249032929914,0.6176470588235294,0.0,0.0,63.0,39.0,0.0,0.0,1.0,0.0,0.0,0.0,0.0,0.0,3.0,9.0,4.0,0.0,5.0,12.836740757757024,3.7548875021634687
cli_input,83,1,persons,person,NNS,general,0.06463705636599255,0.06463705636599255,0.19904076738609114,0.039617227081644044,0.007885443280039463,0.6274509803921569,0.0,0.0,64.0,38.0,1.0,0.0,0.0,0.0,0.0,0.0,0.0,0.0,3.0,7.0,2.0,1.0,4.0,11.514812662869662,3.3923174227787602
cli_input,83,1,elaborate,elaborate,JJ,biomedical,0.07726069189199399,-0.01293037091568534,0.15779467680608364,0.02489916002833639,0.003928954909414297,0.6372549019607843,0.0,0.0,65.0,37.0,0.0,0.0,1.0,0.0,0.0,0.0,0.0,0.0,3.0,9.0,5.0,0.0,5.0,12.836740757757024,3.7548875021634687
cli_input,84,1,advance,advance,VB,general,0.10708303531947508,-0.10708303531947508,0.2,0.04000000000000001,0.008000000000000002,0.6470588235294118,0.0,0.0,66.0,36.0,0.0,1.0,0.0,0.0,0.0,0.0,0.0,0.0,3.0,7.0,3.0,0.0,5.0,12.251778257035868,3.3923174227787602
cli_input,84,1,merely,merely,RB,general,0.15351185694297054,0.11094678000431402,0.23661971830985915,0.05598889109303709,0.013248075638915818,0.6568627450980392,0.0,0.0,67.0,35.0,0.0,0.0,0.0,1.0,0.0,0.0,0.0,0.0,3.0,6.0,3.0,0.0,4.0,12.836740757757024,3.169925001442312
cli_input,84,1,dilemmas,dilemma,NNS,finance,0.12882860946796265,0.060498816617255494,0.19858156028368795,0.03943463608470399,0.007830991562919942,0.6666666666666666,0.0,0.0,68.0,34.0,1.0,0.0,0.0,0.0,0.0,0.0,0.0,0.0,3.0,8.0,3.0,1.0,5.0,12.836740757757024,3.584962500721156
cli_input,85,1,applied,apply,VBN,general,0.06634275244942325,0.0020656291387561145,0.3231939163498099,0.1044543075655279,0.03375899674171054,0.6764705882352942,0.0,0.0,69.0,33.0,0.0,1.0,0.0,0.0,0.0,0.0,0.0,0.0,3.0,7.0,3.0,1.0,5.0,12.251778257035868,3.3923174227787602
cli_input,85,1,requirement,requirement,NN,biomedical,0.32579279787752224,-0.32579279787752224,0.32075471698113206,0.10288358846564613,0.033000396300301583,0.6862745098039216,0.0,0.0,70.0,32.0,1.0,0.0,0.0,0.0,0.0,0.0,0.0,0.0,3.0,11.0,5.0,1.0,5.0,12.836740757757024,4.044394119358453
cli_input,86,1,fully,fully,RB,general,0.14102582621826737,-0.0282502686775012,0.2,0.04000000000000001,0.008000000000000002,0.696078431372549,0.0,0.0,71.0,31.0,0.0,0.0,0.0,1.0,0.0,0.0,0.0,0.0,3.0,5.0,2.0,0.0,5.0,12.836740757757024,2.9068905956085187
cli_input,86,1,hastily,hastily,RB,general,0.1402563582227206,-0.1402563582227206,0.20476190476190476,0.04192743764172335,0.008585141993305258,0.7058823529411765,0.0,0.0,72.0,30.0,0.0,0.0,0.0,1.0,0.0,0.0,0.0,0.0,3.0,7.0,3.0,0.0,5.0,12.836740757757024,3.3923174227787602
cli_input,86,1,strategies,strategy,NNS,general,0.18145421268274778,-0.18145421268274778,0.1709741550695825,0.02923216170175764,0.004997944147815421,0.7156862745098039,0.0,0.0,73.0,29.0,1.0,0.0,0.0,0.0,0.0,0.0,0.0,0.0,3.0,10.0,4.0,0.0,5.0,12.251778257035868,3.9068905956085187
cli_input,87,1,applicable,applicable,JJ,biomedical,0.0769959069687843,-0.02697151672196433,0.146218487394958,0.02137984605606949,0.003126128751055539,0.7254901960784313,0.0,0.0,74.0,28.0,0.0,0.0,1.0,0.0,0.0,0.0,0.0,0.0,3.0,10.0,4.0,1.0,5.0,12.836740757757024,3.9068905956085187
cli_input,87,1,spheres,sphere,NNS,biomedical,0.19238109284603197,-0.19238109284603197,0.12682215743440234,0.016083859616316334,0.002039789776413296,0.7352941176470589,0.0,0.0,75.0,27.0,1.0,0.0,0.0,0.0,0.0,0.0,0.0,0.0,3.0,7.0,2.0,1.0,5.0,12.836740757757024,3.3923174227787602
cli_input,87,1,safeguard,safeguard,VB,general,0.08531455203619234,-0.08382558587093797,0.19954128440366972,0.03981672418146621,0.007945080283916422,0.7450980392156863,0.0,0.0,76.0,26.0,0.0,1.0,0.0,0.0,0.0,0.0,0.0,0.0,3.0,9.0,4.0,1.0,5.0,12.836740757757024,3.7548875021634687
cli_input,89,1,regularly,regularly,RB,general,0.15452743638382738,-0.15452743638382738,0.1493288590604027,0.02229910814828161,0.003329900377847422,0.7549019607843137,0.0,0.0,77.0,25.0,0.0,0.0,0.0,1.0,0.0,0.0,0.0,0.0,3.0,9.0,4.0,0.0,5.0,11.836740757757024,3.7548875021634687
cli_input,90,1,often,often,RB,general,0.1289948590344403,-0.1289948590344403,0.20833333333333334,0.04340277777777778,0.009042245370370372,0.7647058823529411,0.0,0.0,78.0,24.0,0.0,0.0,0.0,1.0,0.0,0.0,0.0,0.0,3.0,5.0,2.0,1.0,5.0,9.588813244313439,2.9068905956085187
cli_input,90,1,issue,issue,NN,general,0.10850194106242131,-0.004372659559384551,0.26785714285714285,0.07174744897959183,0.0192180666909621,0.7745098039215687,0.0,0.0,79.0,23.0,1.0,0.0,0.0,0.0,0.0,0.0,0.0,0.0,3.0,5.0,3.0,1.0,5.0,12.836740757757024,2.9068905956085187
cli_input,90,1,complication,complication,NN,general,0.3144902040375078,-0.3144902040375078,0.2535211267605634,0.06427296171394564,0.01629455367395805,0.7843137254901961,0.0,0.0,80.0,22.0,1.0,0.0,0.0,0.0,0.0,0.0,0.0,0.0,3.0,12.0,5.0,0.0,5.0,12.836740757757024,4.169925001442312
cli_input,91,1,brisk,brisk,JJ,biomedical,0.11656047932413813,-0.06920782282563025,0.3433962264150943,0.11792096831612672,0.040493615534971814,0.7941176470588235,0.0,0.0,81.0,21.0,0.0,0.0,1.0,0.0,0.0,0.0,0.0,0.0,3.0,5.0,1.0,1.0,5.0,12.836740757757024,2.9068905956085187
cli_input,91,1,start,start,VB,general,0.18068636785100942,-0.18068636785100942,0.11973684210526316,0.01433691135734072,0.0017166564914710598,0.803921568627451,0.0,0.0,82.0,20.0,0.0,1.0,0.0,0.0,0.0,0.0,0.0,0.0,3.0,5.0,1.0,1.0,5.0,11.836740757757024,2.9068905956085187
cli_input,93,1,diverse,diverse,JJ,general,0.08895202654657693,-0.009255319265031824,0.17748091603053434,0.031499475555037584,0.0055905557759894945,0.8137254901960784,0.0,0.0,83.0,19.0,0.0,0.0,1.0,0.0,0.0,0.0,0.0,0.0,3.0,7.0,3.0,1.0,5.0,12.251778257035868,3.3923174227787602
cli_input,94,1,structure,structure,NN,general,0.17277164657562766,-0.17277164657562766,0.27011494252873564,0.07296208217730216,0.01970814863409886,0.8235294117647058,0.0,0.0,84.0,18.0,1.0,0.0,0.0,0.0,0.0,0.0,0.0,0.0,3.0,9.0,3.0,1.0,5.0,11.836740757757024,3.7548875021634687
cli_input,95,1,significances,significance,NNS,general,0.36058775865221565,-0.36058775865221565,0.23690773067331672,0.05612527285278077,0.013296511024973002,0.8333333333333334,0.0,0.0,85.0,17.0,1.0,0.0,0.0,0.0,0.0,0.0,0.0,0.0,3.0,13.0,5.0,0.2,5.0,12.251778257035868,4.285402218862249
cli_input,96,1,duties,duty,NNS,general,0.3632407216221808,-0.3632407216221808,0.3028391167192429,0.09171153061529123,0.0277738389245046,0.8431372549019608,0.0,0.0,86.0,16.0,1.0,0.0,0.0,0.0,0.0,0.0,0.0,0.0,3.0,6.0,3.0,1.0,5.0,12.836740757757024,3.169925001442312
cli_input,96,1,greater,great,JJR,general,0.29500658872328045,-0.29500658872328045,0.3086816720257235,0.09528437464459633,0.029412540083219446,0.8529411764705882,0.0,0.0,87.0,15.0,0.0,0.0,1.0,0.0,0.0,0.0,0.0,0.0,3.0,7.0,3.0,1.0,5.0,12.836740757757024,3.3923174227787602
cli_input,97,1,intent,intent,NN,general,0.05849599589914911,-0.05849599589914911,0.16275167785234898,0.026488108643754782,0.004310984124906399,0.8627450980392157,0.0,0.0,88.0,14.0,1.0,0.0,0.0,0.0,0.0,0.0,0.0,0.0,3.0,6.0,2.0,0.0,5.0,12.836740757757024,3.169925001442312
cli_input,97,1,prerequisites,prerequisite,NNS,biomedical,0.15353872834839333,-0.15353872834839333,0.2566137566137566,0.06585062008342432,0.016898174994952803,0.8725490196078431,0.0,0.0,89.0,13.0,1.0,0.0,0.0,0.0,0.0,0.0,0.0,0.0,3.0,13.0,6.0,0.0,5.0,12.836740757757024,4.285402218862249
cli_input,97,1,cease,cease,VB,general,0.13947751599106603,-0.04855468107442397,0.31189710610932475,0.09727980479937139,0.030341289599803936,0.8823529411764706,0.0,0.0,90.0,12.0,0.0,1.0,0.0,0.0,0.0,0.0,0.0,0.0,3.0,5.0,3.0,1.0,5.0,12.836740757757024,2.9068905956085187
cli_input,106,1,distinct,distinct,JJ,general,0.17019882198093808,-0.17019882198093808,0.24537037037037038,0.06020661865569273,0.014772920318294977,0.8921568627450981,0.0,0.0,91.0,11.0,0.0,0.0,1.0,0.0,0.0,0.0,0.0,0.0,3.0,8.0,2.0,1.0,5.0,12.836740757757024,3.584962500721156
cli_input,107,1,building,build,VBG,general,0.23888561445310302,-0.23888561445310302,0.33753943217665616,0.11393286827413947,0.0384568356635108,0.9019607843137255,0.0,0.0,92.0,10.0,0.0,1.0,0.0,0.0,0.0,0.0,0.0,0.0,3.0,8.0,3.0,1.0,5.0,11.836740757757024,3.584962500721156
cli_input,108,1,installations,installation,NNS,general,0.14541421942370267,-0.10165049597633431,0.25,0.0625,0.015625,0.9117647058823529,0.0,0.0,93.0,9.0,1.0,0.0,0.0,0.0,0.0,0.0,0.0,0.0,3.0,13.0,5.0,1.0,5.0,12.836740757757024,4.285402218862249
cli_input,110,1,discipline,discipline,NN,general,0.11666189236146556,0.11666189236146556,0.18032786885245902,0.032518140284869664,0.005863926936615841,0.9215686274509803,0.0,0.0,94.0,8.0,1.0,0.0,0.0,0.0,0.0,0.0,0.0,0.0,3.0,10.0,4.0,0.0,5.0,12.836740757757024,3.9068905956085187
cli_input,112,1,individuals,individual,NNS,general,0.08655404406237263,-0.05994502792255599,0.36012861736334406,0.12969262104403387,0.04670602429881606,0.9313725490196079,0.0,0.0,95.0,7.0,1.0,0.0,0.0,0.0,0.0,0.0,0.0,0.0,3.0,11.0,5.0,1.0,4.0,11.836740757757024,4.044394119358453
cli_input,121,1,stretch,stretch,NN,general,0.22604240994544914,-0.22604240994544914,0.30174563591022446,0.09105042879086574,0.027474069535398393,0.9411764705882353,0.0,0.0,96.0,6.0,1.0,0.0,0.0,0.0,0.0,0.0,0.0,0.0,3.0,7.0,1.0,0.0,5.0,12.836740757757024,3.3923174227787602
cli_input,124,1,requirement,requirement,NN,biomedical,0.09344106863714849,-0.007457265091987897,0.4679245283018868,0.21895336418654326,0.1024536496570995,0.9509803921568627,0.0,0.0,97.0,5.0,1.0,0.0,0.0,0.0,0.0,0.0,0.0,0.0,3.0,11.0,5.0,1.0,5.0,12.836740757757024,4.044394119358453
cli_input,125,1,selection,selection,NN,general,0.22491709211379546,-0.22491709211379546,0.4752851711026616,0.22589599387008633,0.10736501609794978,0.9607843137254902,0.0,0.0,98.0,4.0,1.0,0.0,0.0,0.0,0.0,0.0,0.0,0.0,3.0,9.0,4.0,1.0,5.0,12.836740757757024,3.7548875021634687
cli_input,127,1,extensive,extensive,JJ,finance,0.15037362312502395,0.13754345269407056,0.3009478672985782,0.09056961883156263,0.02725673362940392,0.9705882352941176,0.0,0.0,99.0,3.0,0.0,0.0,1.0,0.0,0.0,0.0,0.0,0.0,3.0,9.0,4.0,0.0,5.0,12.836740757757024,3.7548875021634687
cli_input,131,1,works,work,NNS,general,0.06644095961719684,0.06644095961719684,0.49809885931558934,0.24810247365149127,0.12357955911918385,0.9803921568627451,0.0,0.0,100.0,2.0,1.0,0.0,0.0,0.0,0.0,0.0,0.0,0.0,3.0,5.0,1.0,1.0,5.0,12.836740757757024,2.9068905956085187
cli_input,133,1,positive,positive,JJ,general,0.07404859298124729,-0.07404859298124729,0.2644135188866799,0.06991450897003663,0.018486341338001734,0.9901960784313726,0.0,0.0,101.0,1.0,0.0,0.0,1.0,0.0,0.0,0.0,0.0,0.0,2.0,8.0,4.0,0.0,5.0,12.836740757757024,3.584962500721156
cli_input,137,1,strategies,strategy,NNS,general,0.09541370728631157,0.015547915563406001,0.27236580516898606,0.07418313182535008,0.02020494842956851,1.0,0.0,1.0,102.0,0.0,1.0,0.0,0.0,0.0,0.0,0.0,0.0,0.0,1.0,10.0,4.0,0.0,5.0,12.251778257035868,3.9068905956085187
cli_input,48,2,vital,vital,JJ,biomedical,0.22552600357663705,-0.22552600357663705,0.0967741935483871,0.009365244536940686,0.0009063139874458729,0.0,1.0,0.0,0.0,95.0,0.0,0.0,1.0,0.0,0.0,0.0,0.0,0.0,1.0,5.0,2.0,1.0,5.0,12.836740757757024,2.9068905956085187
cli_input,59,2,diverse,diverse,JJ,finance,0.20600774202296518,-0.20600774202296518,0.14320388349514562,0.02050735224809124,0.0029367324821295707,0.010526315789473684,0.0,0.0,1.0,94.0,0.0,0.0,1.0,0.0,0.0,0.0,0.0,0.0,2.0,7.0,3.0,0.0,5.0,12.251778257035868,3.3923174227787602
cli_input,61,2,groups,group,NNS,finance,0.19788475965381727,-0.1805298023619227,0.14805825242718446,0.021921246111791873,0.0032456213903381166,0.021052631578947368,0.0,0.0,2.0,93.0,1.0,0.0,0.0,0.0,0.0,0.0,0.0,0.0,3.0,6.0,2.0,0.0,5.0,12.836740757757024,3.169925001442312
cli_input,62,2,products,product,NNS,general,0.30682487300289113,-0.30682487300289113,0.12375249500998003,0.015314680021195133,0.0018952298629023917,0.031578947368421054,0.0,0.0,3.0,92.0,1.0,0.0,0.0,0.0,0.0,0.0,0.0,0.0,3.0,8.0,2.0,0.4,5.0,10.251778257035868,3.584962500721156
cli_input,80,2,apt,apt,JJ,biomedical,0.2175094410766695,-0.2175094410766695,0.16129032258064516,0.026014568158168574,0.004195898090027189,0.042105263157894736,0.0,0.0,4.0,91.0,0.0,0.0,1.0,0.0,0.0,0.0,0.0,0.0,3.0,3.0,1.0,1.0,5.0,12.836740757757024,2.169925001442312
cli_input,83,2,preferences,preference,NNS,general,0.21373625390649376,-0.21373625390649376,0.1276923076923077,0.016305325443786982,0.0020820646335912604,0.05263157894736842,0.0,0.0,5.0,90.0,1.0,0.0,0.0,0.0,0.0,0.0,0.0,0.0,3.0,11.0,4.0,0.0,5.0,12.836740757757024,4.044394119358453
cli_input,86,2,endeavor,endeavor,NN,biomedical,0.029869450080522907,-0.029869450080522907,0.1857451403887689,0.03450125717804347,0.0064084408581247055,0.06315789473684211,0.0,0.0,6.0,89.0,1.0,0.0,0.0,0.0,0.0,0.0,0.0,0.0,3.0,8.0,4.0,1.0,5.0,12.836740757757024,3.584962500721156
cli_input,87,2,withstanding,withstand,VBG,general,0.12223889060417581,-0.12223889060417581,0.13384615384615384,0.017914792899408283,0.002397826126536185,0.07368421052631578,0.0,0.0,7.0,88.0,0.0,1.0,0.0,0.0,0.0,0.0,0.0,0.0,3.0,12.0,3.0,0.0,5.0,12.836740757757024,4.169925001442312
cli_input,88,2,merely,merely,RB,general,0.14254953744604318,0.10485039984880826,0.28205128205128205,0.07955292570677186,0.022438004686525397,0.08421052631578947,0.0,0.0,8.0,87.0,0.0,0.0,0.0,1.0,0.0,0.0,0.0,0.0,3.0,6.0,3.0,1.0,4.0,12.836740757757024,3.169925001442312
cli_input,91,2,prerequisites,prerequisite,NNS,general,0.04409657527632347,-0.04409657527632347,0.14,0.019600000000000003,0.0027440000000000008,0.09473684210526316,0.0,0.0,9.0,86.0,1.0,0.0,0.0,0.0,0.0,0.0,0.0,0.0,3.0,13.0,6.0,0.0,5.0,12.836740757757024,4.285402218862249
cli_input,91,2,reason,reason,NN,general,0.09746126988465305,-0.06822519486185952,0.21666666666666667,0.04694444444444445,0.010171296296296298,0.10526315789473684,0.0,0.0,10.0,85.0,1.0,0.0,0.0,0.0,0.0,0.0,0.0,0.0,3.0,6.0,3.0,0.0,5.0,12.251778257035868,3.169925001442312
cli_input,92,2,evolutions,evolution,NNS,biomedical,0.17246966114230639,-0.16287215518992165,0.13411078717201166,0.01798570323589661,0.0024120768188082915,0.11578947368421053,0.0,0.0,11.0,84.0,1.0,0.0,0.0,0.0,0.0,0.0,0.0,0.0,3.0,10.0,5.0,1.0,5.0,12.836740757757024,3.9068905956085187
cli_input,96,2,alterations,alteration,NNS,general,0.1770164391272279,-0.1770164391272279,0.1476923076923077,0.021813017751479293,0.00322161492944925,0.12631578947368421,0.0,0.0,12.0,83.0,1.0,0.0,0.0,0.0,0.0,0.0,0.0,0.0,3.0,11.0,5.0,0.2,5.0,12.836740757757024,4.044394119358453
cli_input,97,2,rapid,rapid,JJ,general,0.13196171163846734,0.13196171163846734,0.23095238095238096,0.0533390022675737,0.012318769571320594,0.1368421052631579,0.0,0.0,13.0,82.0,0.0,0.0,1.0,0.0,0.0,0.0,0.0,0.0,3.0,5.0,2.0,0.0,5.0,12.251778257035868,2.9068905956085187
cli_input,100,2,aspects,aspect,NNS,general,0.26280277681887604,-0.26280277681887604,0.2898550724637681,0.08401596303297627,0.024352453053036602,0.14736842105263157,0.0,0.0,14.0,81.0,1.0,0.0,0.0,0.0,0.0,0.0,0.0,0.0,3.0,7.0,2.0,1.0,5.0,12.836740757757024,3.3923174227787602
cli_input,101,2,scheme,scheme,NN,general,0.1906399221969522,-0.18240318422465182,0.29022988505747127,0.08423338618047299,0.024447045989160265,0.15789473684210525,0.0,0.0,15.0,80.0,1.0,0.0,0.0,0.0,0.0,0.0,0.0,0.0,3.0,6.0,2.0,1.0,5.0,12.836740757757024,3.169925001442312
cli_input,101,2,evolutions,evolution,NNS,general,0.10648067688735222,-0.021897132091086922,0.15538461538461537,0.024144378698224847,0.0037516649977241685,0.16842105263157894,0.0,0.0,16.0,79.0,1.0,0.0,0.0,0.0,0.0,0.0,0.0,0.0,3.0,10.0,5.0,0.0,5.0,12.836740757757024,3.9068905956085187
cli_input,101,2,possibility,possibility,NN,legal,0.12661403278720812,-0.08137521337607194,0.30513595166163143,0.09310794899644947,0.028410582624294252,0.17894736842105263,0.0,0.0,17.0,78.0,1.0,0.0,0.0,0.0,0.0,0.0,0.0,0.0,3.0,11.0,5.0,1.0,5.0,12.836740757757024,4.044394119358453
cli_input,101,2,sphere,sphere,NN,general,0.10887069345256037,-0.10887069345256037,0.3146417445482866,0.09899942741238923,0.03114935255031561,0.18947368421052632,0.0,0.0,18.0,77.0,1.0,0.0,0.0,0.0,0.0,0.0,0.0,0.0,3.0,6.0,2.0,0.0,5.0,12.836740757757024,3.169925001442312
cli_input,102,2,obstacles,obstacle,NNS,biomedical,0.29800016262148954,-0.29800016262148954,0.2698412698412698,0.072814310909549,0.019648306118449727,0.2,0.0,0.0,19.0,76.0,1.0,0.0,0.0,0.0,0.0,0.0,0.0,0.0,3.0,9.0,3.0,0.0,5.0,12.836740757757024,3.7548875021634687
cli_input,104,2,basis,basis,NN,biomedical,0.22807422446320702,-0.22807422446320702,0.2180293501048218,0.04753679750713096,0.010364417066544276,0.21052631578947367,0.0,0.0,20.0,75.0,1.0,0.0,0.0,0.0,0.0,0.0,0.0,0.0,3.0,5.0,2.0,1.0,5.0,12.836740757757024,2.9068905956085187
cli_input,105,2,realm,realm,NN,general,0.207389073241223,-0.207389073241223,0.2755905511811024,0.07595015190030381,0.020931144224493176,0.22105263157894736,0.0,0.0,21.0,74.0,1.0,0.0,0.0,0.0,0.0,0.0,0.0,0.0,3.0,5.0,2.0,0.0,5.0,12.836740757757024,2.9068905956085187
cli_input,106,2,disparate,disparate,JJ,finance,0.16211860874548423,-0.14106718843883934,0.25059101654846333,0.06279585757479222,0.015736077784699706,0.23157894736842105,0.0,0.0,22.0,73.0,0.0,0.0,1.0,0.0,0.0,0.0,0.0,0.0,3.0,9.0,4.0,1.0,5.0,12.836740757757024,3.7548875021634687
cli_input,107,2,burden,burden,NN,biomedical,0.16227049267100294,-0.139114523499103,0.2830687830687831,0.08012793594804178,0.02268171731862558,0.24210526315789474,0.0,0.0,23.0,72.0,1.0,0.0,0.0,0.0,0.0,0.0,0.0,0.0,3.0,6.0,2.0,0.0,5.0,12.836740757757024,3.169925001442312
cli_input,108,2,extensive,extensive,JJ,general,0.21970593462034776,-0.21970593462034776,0.1981651376146789,0.03926942176584463,0.007781830368277468,0.25263157894736843,0.0,0.0,24.0,71.0,0.0,0.0,1.0,0.0,0.0,0.0,0.0,0.0,3.0,9.0,4.0,1.0,5.0,12.836740757757024,3.7548875021634687
cli_input,108,2,preferences,preference,NNS,finance,0.08657513308577972,0.05419009497787308,0.2553191489361702,0.06518786781349026,0.016643710931103894,0.2631578947368421,0.0,0.0,25.0,70.0,1.0,0.0,0.0,0.0,0.0,0.0,0.0,0.0,3.0,11.0,4.0,1.0,5.0,12.836740757757024,4.044394119358453
cli_input,108,2,crucial,crucial,JJ,general,0.14909094558077118,-0.14909094558077118,0.1945945945945946,0.03786705624543463,0.007368724458571063,0.2736842105263158,0.0,0.0,26.0,69.0,0.0,0.0,1.0,0.0,0.0,0.0,0.0,0.0,3.0,7.0,3.0,0.0,5.0,12.836740757757024,3.3923174227787602
cli_input,109,2,substance,substance,NN,general,0.3391873448685304,-0.3391873448685304,0.36577181208053694,0.13378901851267963,0.04893625173785933,0.28421052631578947,0.0,0.0,27.0,68.0,1.0,0.0,0.0,0.0,0.0,0.0,0.0,0.0,3.0,9.0,3.0,1.0,5.0,12.251778257035868,3.7548875021634687
cli_input,109,2,discipline,discipline,NN,general,0.14339835977764417,-0.07814253570031578,0.30193905817174516,0.0911671948496405,0.02752693694906043,0.29473684210526313,0.0,0.0,28.0,67.0,1.0,0.0,0.0,0.0,0.0,0.0,0.0,0.0,3.0,10.0,4.0,1.0,5.0,12.836740757757024,3.9068905956085187
cli_input,110,2,types,type,NNS,general,0.09637090924898369,-0.09637090924898369,0.2018348623853211,0.04073731167410151,0.008222209695690213,0.30526315789473685,0.0,0.0,29.0,66.0,1.0,0.0,0.0,0.0,0.0,0.0,0.0,0.0,3.0,5.0,2.0,1.0,5.0,10.666815756314712,2.9068905956085187
cli_input,110,2,effects,effect,NNS,general,0.2524734544420312,-0.20933220998228733,0.36423841059602646,0.13266961975351957,0.04832337143340116,0.3157894736842105,0.0,0.0,30.0,65.0,1.0,0.0,0.0,0.0,0.0,0.0,0.0,0.0,3.0,7.0,2.0,1.0,5.0,10.666815756314712,3.3923174227787602
cli_input,110,2,undertakings,undertaking,NNS,general,0.17296333191483332,-0.17296333191483332,0.1981981981981982,0.039282525769012255,0.007785725828092519,0.3263157894736842,0.0,0.0,31.0,64.0,1.0,0.0,0.0,0.0,0.0,0.0,0.0,0.0,3.0,12.0,4.0,0.0,5.0,12.836740757757024,4.169925001442312
cli_input,112,2,discovered,discover,VBN,general,0.1289444863097752,0.03162249161756594,0.3333333333333333,0.1111111111111111,0.03703703703703703,0.3368421052631579,0.0,0.0,32.0,63.0,0.0,1.0,0.0,0.0,0.0,0.0,0.0,0.0,3.0,10.0,4.0,1.0,5.0,12.836740757757024,3.9068905956085187
cli_input,113,2,heightened,heighten,VBD,finance,0.09851422079469496,0.053221959262171215,0.34662576687116564,0.12014942225902367,0.04164688562966158,0.3473684210526316,0.0,0.0,33.0,62.0,0.0,1.0,0.0,0.0,0.0,0.0,0.0,0.0,3.0,10.0,4.0,1.0,5.0,12.836740757757024,3.9068905956085187
cli_input,114,2,applied,apply,VBN,biomedical,0.2602033146853131,-0.2602033146853131,0.21673003802281368,0.04697190938137026,0.010180223706228536,0.35789473684210527,0.0,0.0,34.0,61.0,0.0,1.0,0.0,0.0,0.0,0.0,0.0,0.0,3.0,7.0,3.0,0.0,5.0,12.251778257035868,3.3923174227787602
cli_input,115,2,procedures,procedure,NNS,general,0.09059775870705371,0.02241291879502514,0.35276073619631904,0.124440137001769,0.04389759434111483,0.3684210526315789,0.0,0.0,35.0,60.0,1.0,0.0,0.0,0.0,0.0,0.0,0.0,0.0,3.0,10.0,4.0,0.0,5.0,12.836740757757024,3.9068905956085187
cli_input,117,2,basis,basis,NN,general,0.14003305871347024,-0.14003305871347024,0.31283422459893045,0.09786525208041406,0.0306156002497552,0.37894736842105264,0.0,0.0,36.0,59.0,1.0,0.0,0.0,0.0,0.0,0.0,0.0,0.0,3.0,5.0,2.0,0.0,5.0,12.836740757757024,2.9068905956085187
cli_input,117,2,amplified,amplify,VBD,biomedical,0.1339386354947138,-0.1339386354947138,0.17055393586005832,0.029088645037356888,0.0049611828999573705,0.3894736842105263,0.0,0.0,37.0,58.0,0.0,1.0,0.0,0.0,0.0,0.0,0.0,0.0,3.0,9.0,4.0,1.0,5.0,12.836740757757024,3.7548875021634687
cli_input,117,2,persistent,persistent,JJ,general,0.1457694303672586,-0.007354179369175107,0.1918032786885246,0.036788497715667834,0.007056154479890387,0.4,0.0,0.0,38.0,57.0,0.0,0.0,1.0,0.0,0.0,0.0,0.0,0.0,3.0,10.0,3.0,0.4,5.0,12.251778257035868,3.9068905956085187
cli_input,119,2,human,human,NN,general,0.16785452442332383,-0.16785452442332383,0.39403973509933776,0.15526731283715628,0.061181490819939066,0.4105263157894737,0.0,0.0,39.0,56.0,1.0,0.0,0.0,0.0,0.0,0.0,0.0,0.0,3.0,5.0,2.0,1.0,4.0,10.377309139119726,2.9068905956085187
cli_input,119,2,aim,aim,NN,legal,0.3102007036127916,-0.3102007036127916,0.3595166163141994,0.12925219740601127,0.04646831266258411,0.42105263157894735,0.0,0.0,40.0,55.0,1.0,0.0,0.0,0.0,0.0,0.0,0.0,0.0,3.0,3.0,2.0,1.0,5.0,12.836740757757024,2.169925001442312
cli_input,119,2,group,group,NN,general,0.14856952338871893,-0.14856952338871893,0.19508196721311474,0.03805697393173878,0.0074242293407818264,0.43157894736842106,0.0,0.0,41.0,54.0,1.0,0.0,0.0,0.0,0.0,0.0,0.0,0.0,3.0,5.0,2.0,0.6,5.0,12.836740757757024,2.9068905956085187
cli_input,120,2,used,use,VBN,finance,0.18766939071398386,-0.18766939071398386,0.1932367149758454,0.03734042801465612,0.007215541645344177,0.4421052631578947,0.0,0.0,42.0,53.0,0.0,1.0,0.0,0.0,0.0,0.0,0.0,0.0,3.0,4.0,2.0,1.0,5.0,8.588813244313439,2.584962500721156
cli_input,120,2,range,range,NN,biomedical,0.06333389657894309,-0.03900139484470096,0.22813688212927757,0.052046436987667886,0.011873711860304462,0.45263157894736844,0.0,0.0,43.0,52.0,1.0,0.0,0.0,0.0,0.0,0.0,0.0,0.0,3.0,5.0,2.0,0.0,5.0,11.251778257035868,2.9068905956085187
cli_input,123,2,diversity,diversity,NN,finance,0.2158436560494826,-0.2158436560494826,0.3773006134969325,0.14235575294516165,0.05371091292102725,0.4631578947368421,0.0,0.0,44.0,51.0,1.0,0.0,0.0,0.0,0.0,0.0,0.0,0.0,3.0,9.0,4.0,1.0,5.0,12.836740757757024,3.7548875021634687
cli_input,123,2,engines,engine,NNS,general,0.16807570047651682,0.02705610039164763,0.38801261829652994,0.15055379195732865,0.05841677101183414,0.47368421052631576,0.0,0.0,45.0,50.0,1.0,0.0,0.0,0.0,0.0,0.0,0.0,0.0,3.0,7.0,3.0,1.0,5.0,12.836740757757024,3.3923174227787602
cli_input,123,2,exercised,exercise,VBN,general,0.20997175716398284,0.1817273370205304,0.3954983922829582,0.15641897829840468,0.061863454439561975,0.4842105263157895,0.0,0.0,46.0,49.0,0.0,1.0,0.0,0.0,0.0,0.0,0.0,0.0,3.0,9.0,4.0,1.0,5.0,12.836740757757024,3.7548875021634687
cli_input,123,2,challenges,challenge,NNS,biomedical,0.2906936548348198,-0.2906936548348198,0.3253968253968254,0.10588309397833208,0.034454022643742976,0.49473684210526314,0.0,0.0,47.0,48.0,1.0,0.0,0.0,0.0,0.0,0.0,0.0,0.0,3.0,10.0,3.0,0.0,5.0,12.836740757757024,3.9068905956085187
cli_input,123,2,disparate,disparate,JJ,general,0.11480277446923193,-0.11414798802942112,0.22486288848263253,0.05056331861675283,0.01136981387543071,0.5052631578947369,0.0,0.0,48.0,47.0,0.0,0.0,1.0,0.0,0.0,0.0,0.0,0.0,3.0,9.0,4.0,1.0,5.0,12.836740757757024,3.7548875021634687
cli_input,125,2,apt,apt,JJ,general,0.29592164924622105,-0.29592164924622105,0.29069767441860467,0.08450513791238508,0.024565447067553804,0.5157894736842106,0.0,0.0,49.0,46.0,0.0,0.0,1.0,0.0,0.0,0.0,0.0,0.0,3.0,3.0,1.0,0.2,5.0,12.836740757757024,2.169925001442312
cli_input,125,2,distinct,distinct,JJ,general,0.09983091192639701,-0.006161258387820468,0.2976190476190476,0.08857709750566893,0.026362231400496705,0.5263157894736842,0.0,0.0,50.0,45.0,0.0,0.0,1.0,0.0,0.0,0.0,0.0,0.0,3.0,8.0,2.0,0.0,5.0,12.836740757757024,3.584962500721156
cli_input,125,2,elements,element,NNS,general,0.055198895789996705,0.006915103680683288,0.22851919561243145,0.052221022763352706,0.011933506115939832,0.5368421052631579,0.0,0.0,51.0,44.0,1.0,0.0,0.0,0.0,0.0,0.0,0.0,0.0,3.0,8.0,3.0,1.0,5.0,12.836740757757024,3.584962500721156
cli_input,127,2,effects,effect,NNS,general,0.34757814552944855,-0.34757814552944855,0.3649425287356322,0.13318304927995775,0.0486041587889501,0.5473684210526316,0.0,0.0,52.0,43.0,1.0,0.0,0.0,0.0,0.0,0.0,0.0,0.0,3.0,7.0,2.0,1.0,5.0,10.666815756314712,3.3923174227787602
cli_input,127,2,outcomes,outcome,NNS,finance,0.1696965310159412,0.09645106219841862,0.3895705521472393,0.15176521510030488,0.05912325864337031,0.5578947368421052,0.0,0.0,53.0,42.0,1.0,0.0,0.0,0.0,0.0,0.0,0.0,0.0,3.0,8.0,4.0,1.0,5.0,12.836740757757024,3.584962500721156
cli_input,129,2,range,range,NN,general,0.1260426216731447,-0.1235255847767579,0.41479099678456594,0.1720515710135338,0.07136544263905421,0.5684210526315789,0.0,0.0,54.0,41.0,1.0,0.0,0.0,0.0,0.0,0.0,0.0,0.0,3.0,5.0,2.0,1.0,5.0,11.251778257035868,2.9068905956085187
cli_input,129,2,harness,harness,VB,legal,0.18950695510657334,-0.15197994232010809,0.38972809667673713,0.15188798933927217,0.05919501699325108,0.5789473684210527,0.0,0.0,55.0,40.0,0.0,1.0,0.0,0.0,0.0,0.0,0.0,0.0,3.0,7.0,2.0,1.0,5.0,12.836740757757024,3.3923174227787602
cli_input,133,2,meanings,meaning,NNS,general,0.25855696265620887,-0.25855696265620887,0.4463087248322148,0.19919147786135763,0.08890089448174686,0.5894736842105263,0.0,0.0,56.0,39.0,1.0,0.0,0.0,0.0,0.0,0.0,0.0,0.0,3.0,8.0,3.0,1.0,5.0,11.836740757757024,3.584962500721156
cli_input,133,2,service,service,NN,legal,0.053064316556179006,-0.024790812411335718,0.40181268882175225,0.1614534368981663,0.06487403959956531,0.6,0.0,0.0,57.0,38.0,1.0,0.0,0.0,0.0,0.0,0.0,0.0,0.0,3.0,7.0,3.0,1.0,5.0,11.02938583569942,3.3923174227787602
cli_input,134,2,arena,arena,NN,general,0.28807368251185267,-0.28807368251185267,0.22483221476510068,0.050549524796180356,0.011365161615248604,0.6105263157894737,0.0,0.0,58.0,37.0,1.0,0.0,0.0,0.0,0.0,0.0,0.0,0.0,3.0,5.0,3.0,0.0,5.0,12.836740757757024,2.9068905956085187
cli_input,134,2,kind,kind,NN,general,0.2410791300686558,-0.2410791300686558,0.2,0.04000000000000001,0.008000000000000002,0.6210526315789474,0.0,0.0,59.0,36.0,1.0,0.0,0.0,0.0,0.0,0.0,0.0,0.0,3.0,4.0,1.0,0.0,5.0,12.251778257035868,2.584962500721156
cli_input,135,2,strategies,strategy,NNS,general,0.16228025084010558,-0.08900812930383613,0.42586750788643535,0.1813631342734031,0.07723666601548712,0.631578947368421,0.0,0.0,60.0,35.0,1.0,0.0,0.0,0.0,0.0,0.0,0.0,0.0,3.0,10.0,4.0,1.0,5.0,12.251778257035868,3.9068905956085187
cli_input,135,2,exertion,exertion,NN,general,0.09097312279786123,0.0073456262264401054,0.2076923076923077,0.043136094674556216,0.008959035047792446,0.6421052631578947,0.0,0.0,61.0,34.0,1.0,0.0,0.0,0.0,0.0,0.0,0.0,0.0,3.0,8.0,4.0,0.0,5.0,12.836740757757024,3.584962500721156
cli_input,135,2,clear,clear,JJ,general,0.10682861046578356,-0.10682861046578356,0.3237410071942446,0.10480823973914392,0.0339307250954063,0.6526315789473685,0.0,0.0,62.0,33.0,0.0,0.0,1.0,0.0,0.0,0.0,0.0,0.0,3.0,5.0,2.0,1.0,5.0,11.02938583569942,2.9068905956085187
cli_input,137,2,duration,duration,NN,general,0.15417964276153392,0.06004581040661554,0.4597315436241611,0.21135309220305393,0.09716568332824962,0.6631578947368421,0.0,0.0,63.0,32.0,1.0,0.0,0.0,0.0,0.0,0.0,0.0,0.0,3.0,8.0,4.0,1.0,5.0,12.836740757757024,3.584962500721156
cli_input,137,2,reach,reach,VB,biomedical,0.35270885250874795,-0.35270885250874795,0.5169811320754717,0.26726949092203633,0.13817328398610934,0.6736842105263158,0.0,0.0,64.0,31.0,0.0,1.0,0.0,0.0,0.0,0.0,0.0,0.0,3.0,5.0,2.0,1.0,5.0,12.836740757757024,2.9068905956085187
cli_input,140,2,broad,broad,JJ,general,0.14276039354105108,-0.11178372452924452,0.22950819672131148,0.05267401236226821,0.012089117591340246,0.6842105263157895,0.0,0.0,65.0,30.0,0.0,0.0,1.0,0.0,0.0,0.0,0.0,0.0,3.0,5.0,2.0,0.8,5.0,12.251778257035868,2.9068905956085187
cli_input,141,2,reason,reason,NN,general,0.2431846519517693,-0.23076718320441786,0.41964285714285715,0.17610012755102042,0.07389916066873178,0.6947368421052632,0.0,0.0,66.0,29.0,1.0,0.0,0.0,0.0,0.0,0.0,0.0,0.0,3.0,6.0,3.0,1.0,5.0,12.251778257035868,3.169925001442312
cli_input,142,2,lucid,lucid,JJ,general,0.1495400290457812,-0.1495400290457812,0.2595978062157221,0.0673910209920156,0.017494561208164925,0.7052631578947368,0.0,0.0,67.0,28.0,0.0,0.0,1.0,0.0,0.0,0.0,0.0,0.0,3.0,5.0,2.0,1.0,5.0,12.836740757757024,2.9068905956085187
cli_input,143,2,strategies,strategy,NNS,general,0.16883531211899533,-0.16883531211899533,0.33101851851851855,0.1095732596021948,0.03627077806276356,0.7157894736842105,0.0,0.0,68.0,27.0,1.0,0.0,0.0,0.0,0.0,0.0,0.0,0.0,3.0,10.0,4.0,1.0,5.0,12.251778257035868,3.9068905956085187
cli_input,143,2,applied,apply,VBN,biomedical,0.12504173309771885,-0.10557366384535358,0.2718631178707224,0.07390955485839032,0.02009328202423919,0.7263157894736842,0.0,0.0,69.0,26.0,0.0,1.0,0.0,0.0,0.0,0.0,0.0,0.0,3.0,7.0,3.0,0.0,5.0,12.251778257035868,3.3923174227787602
cli_input,145,2,used,use,VBD,general,0.0671060390529683,-0.0671060390529683,0.33564814814814814,0.1126596793552812,0.03781401274656429,0.7368421052631579,0.0,0.0,70.0,25.0,0.0,1.0,0.0,0.0,0.0,0.0,0.0,0.0,3.0,4.0,2.0,1.0,5.0,8.588813244313439,2.584962500721156
cli_input,147,2,stamina,stamina,NN,biomedical,0.2115020316354105,-0.2115020316354105,0.24705882352941178,0.06103806228373703,0.01507999185833503,0.7473684210526316,0.0,0.0,71.0,24.0,1.0,0.0,0.0,0.0,0.0,0.0,0.0,0.0,3.0,7.0,3.0,1.0,5.0,12.836740757757024,3.3923174227787602
cli_input,147,2,identify,identify,VB,biomedical,0.22960165142067224,-0.22960165142067224,0.279467680608365,0.07810218450461913,0.021827036353952493,0.7578947368421053,0.0,0.0,72.0,23.0,0.0,1.0,0.0,0.0,0.0,0.0,0.0,0.0,3.0,8.0,4.0,0.0,5.0,12.836740757757024,3.584962500721156
cli_input,148,2,scheme,scheme,NN,general,0.261656804192609,-0.261656804192609,0.4169014084507042,0.17380678436818092,0.07246029320138246,0.7684210526315789,0.0,0.0,73.0,22.0,1.0,0.0,0.0,0.0,0.0,0.0,0.0,0.0,3.0,6.0,2.0,0.0,5.0,12.836740757757024,3.169925001442312
cli_input,148,2,merely,merely,RB,general,0.116110877321139,-0.026071663266144896,0.19473684210526315,0.037922437673130194,0.007384895757399037,0.7789473684210526,0.0,0.0,74.0,21.0,0.0,0.0,0.0,1.0,0.0,0.0,0.0,0.0,3.0,6.0,3.0,1.0,4.0,12.836740757757024,3.169925001442312
cli_input,148,2,often,often,RB,general,0.23072857892298043,-0.23072857892298043,0.294234592445328,0.08657399539146828,0.025473064250372376,0.7894736842105263,0.0,0.0,75.0,20.0,0.0,0.0,0.0,1.0,0.0,0.0,0.0,0.0,3.0,5.0,2.0,0.0,5.0,9.588813244313439,2.9068905956085187
cli_input,151,2,express,express,VB,general,0.08694712111148553,-0.059173392082639345,0.5741444866920152,0.32964189159883767,0.18926207464419958,0.8,0.0,0.0,76.0,19.0,0.0,1.0,0.0,0.0,0.0,0.0,0.0,0.0,3.0,7.0,2.0,1.0,5.0,12.836740757757024,3.3923174227787602
cli_input,151,2,structure,structure,NN,general,0.27685461920683047,-0.27685461920683047,0.3282608695652174,0.10775519848771266,0.03537181515574916,0.8105263157894737,0.0,0.0,77.0,18.0,1.0,0.0,0.0,0.0,0.0,0.0,0.0,0.0,3.0,9.0,3.0,1.0,5.0,11.836740757757024,3.7548875021634687
cli_input,152,2,minimize,minimize,VB,general,0.054628633473182295,-0.04619962205843322,0.3790523690773067,0.14368069850311874,0.0544625091582894,0.8210526315789474,0.0,0.0,78.0,17.0,0.0,1.0,0.0,0.0,0.0,0.0,0.0,0.0,3.0,8.0,4.0,0.0,5.0,12.836740757757024,3.584962500721156
cli_input,153,2,approaches,approach,NNS,general,0.12038998140022479,-0.09480838028109562,0.3541666666666667,0.1254340277777778,0.044424551504629636,0.8315789473684211,0.0,0.0,79.0,16.0,1.0,0.0,0.0,0.0,0.0,0.0,0.0,0.0,3.0,10.0,4.0,1.0,5.0,12.251778257035868,3.9068905956085187
cli_input,153,2,identified,identify,VBD,general,0.13363970052402568,-0.09232423619497394,0.4707692307692308,0.22162366863905325,0.104333604005462,0.8421052631578947,0.0,0.0,80.0,15.0,0.0,1.0,0.0,0.0,0.0,0.0,0.0,0.0,3.0,10.0,5.0,1.0,5.0,12.836740757757024,3.9068905956085187
cli_input,155,2,delve,delve,VB,general,0.19219632220976102,-0.19219632220976102,0.4889589905362776,0.23908089442625563,0.11690075279517231,0.8526315789473684,0.0,0.0,81.0,14.0,0.0,1.0,0.0,0.0,0.0,0.0,0.0,0.0,3.0,5.0,2.0,1.0,5.0,12.836740757757024,2.9068905956085187
cli_input,155,2,engine,engine,NN,general,0.15393622361201736,0.09001822330709057,0.4983922829581994,0.24839486771228586,0.12379808519422608,0.8631578947368421,0.0,0.0,82.0,13.0,1.0,0.0,0.0,0.0,0.0,0.0,0.0,0.0,3.0,6.0,3.0,1.0,5.0,11.02938583569942,3.169925001442312
cli_input,156,2,facility,facility,NN,legal,0.12379380771958357,-0.11019660267706288,0.47129909365558914,0.22212283568057978,0.1046862911364666,0.8736842105263158,0.0,0.0,83.0,12.0,1.0,0.0,0.0,0.0,0.0,0.0,0.0,0.0,3.0,8.0,4.0,1.0,5.0,12.836740757757024,3.584962500721156
cli_input,158,2,generate,generate,VB,general,0.16230307436577124,-0.16230307436577124,0.31411530815109345,0.0986684268148564,0.03099326329373223,0.8842105263157894,0.0,0.0,84.0,11.0,0.0,1.0,0.0,0.0,0.0,0.0,0.0,0.0,3.0,8.0,4.0,0.0,5.0,12.836740757757024,3.584962500721156
cli_input,159,2,edifice,edifice,NN,general,0.15021196582841623,-0.15021196582841623,0.501577287066246,0.2515797749007354,0.1261867009754477,0.8947368421052632,0.0,0.0,85.0,10.0,1.0,0.0,0.0,0.0,0.0,0.0,0.0,0.0,3.0,7.0,4.0,1.0,2.0,12.836740757757024,3.3923174227787602
cli_input,159,2,substance,substance,NN,biomedical,0.16953369691753029,-0.16953369691753029,0.30228136882129275,0.09137402593647442,0.027620665634789793,0.9052631578947369,0.0,0.0,86.0,9.0,1.0,0.0,0.0,0.0,0.0,0.0,0.0,0.0,3.0,9.0,3.0,0.0,5.0,12.251778257035868,3.7548875021634687
cli_input,160,2,output,output,NN,finance,0.09257533983456137,0.0139089458727363,0.3791469194312796,0.14375238651422922,0.054503274507764626,0.9157894736842105,0.0,0.0,87.0,8.0,1.0,0.0,0.0,0.0,0.0,0.0,0.0,0.0,3.0,6.0,3.0,0.0,5.0,12.836740757757024,3.169925001442312
cli_input,160,2,multiple,multiple,JJ,general,0.1991259714396441,-0.18480737359700922,0.4134366925064599,0.1709298987106811,0.07066869197340821,0.9263157894736842,0.0,0.0,88.0,7.0,0.0,0.0,1.0,0.0,0.0,0.0,0.0,0.0,3.0,8.0,3.0,1.0,5.0,11.514812662869662,3.584962500721156
cli_input,162,2,definition,definition,NN,general,0.10566383443399863,-0.07339218237865763,0.3220675944333996,0.10372753538411678,0.03340727779766783,0.9368421052631579,0.0,0.0,89.0,6.0,1.0,0.0,0.0,0.0,0.0,0.0,0.0,0.0,3.0,10.0,5.0,0.0,5.0,12.251778257035868,3.9068905956085187
cli_input,168,2,facility,facility,NN,legal,0.1972728038730823,-0.01635857419998956,0.5075528700906344,0.2576099159372404,0.13075065219775345,0.9473684210526315,0.0,0.0,90.0,5.0,1.0,0.0,0.0,0.0,0.0,0.0,0.0,0.0,3.0,8.0,4.0,1.0,5.0,12.836740757757024,3.584962500721156
cli_input,168,2,body,body,NN,general,0.12152922622816811,-0.09071759711017599,0.2754098360655738,0.07585057780166622,0.020889995197835947,0.9578947368421052,0.0,0.0,91.0,4.0,1.0,0.0,0.0,0.0,0.0,0.0,0.0,0.0,3.0,4.0,2.0,0.8,5.0,9.749277916506685,2.584962500721156
cli_input,170,2,span,span,NN,general,0.10077924312097197,-0.10077924312097197,0.2236842105263158,0.050034626038781164,0.011191955824464209,0.968421052631579,0.0,0.0,92.0,3.0,1.0,0.0,0.0,0.0,0.0,0.0,0.0,0.0,3.0,4.0,1.0,1.0,5.0,12.836740757757024,2.584962500721156
cli_input,186,2,circle,circle,NN,general,0.13946174286795837,0.015937878550946572,0.4305555555555556,0.18537808641975312,0.07981556498628259,0.9789473684210527,0.0,0.0,93.0,2.0,1.0,0.0,0.0,0.0,0.0,0.0,0.0,0.0,3.0,6.0,2.0,1.0,5.0,12.836740757757024,3.169925001442312
cli_input,191,2,offered,offer,VBD,finance,0.1279953422052887,0.02557111322441541,0.45260663507109006,0.2048527661103749,0.0927177211542218,0.9894736842105263,0.0,0.0,94.0,1.0,0.0,1.0,0.0,0.0,0.0,0.0,0.0,0.0,2.0,7.0,3.0,0.0,5.0,12.251778257035868,3.3923174227787602
cli_input,195,2,little,little,JJ,finance,0.12020304317600967,0.06667789232349311,0.46208530805687204,0.21352283192201432,0.0986657635658597,1.0,0.0,1.0,95.0,0.0,0.0,0.0,1.0,0.0,0.0,0.0,0.0,0.0,1.0,6.0,2.0,0.0,5.0,12.836740757757024,3.169925001442312
cli_input,83,4,phase,phase,NN,general,0.0492656842430494,-0.02997905661998294,0.3062730627306273,0.09380318895439878,0.028729389974963465,0.0,1.0,0.0,0.0,85.0,1.0,0.0,0.0,0.0,0.0,0.0,0.0,0.0,1.0,5.0,2.0,1.0,5.0,12.836740757757024,2.9068905956085187
cli_input,95,4,repeated,repeated,JJ,finance,0.10488767493782332,0.0886886888331353,0.23058252427184467,0.053168300499575834,0.012259680940436175,0.011764705882352941,0.0,0.0,1.0,84.0,0.0,0.0,1.0,0.0,0.0,0.0,0.0,0.0,2.0,8.0,4.0,0.0,5.0,12.836740757757024,3.584962500721156
cli_input,106,4,lineage,lineage,NN,finance,0.27336646920436236,-0.27336646920436236,0.25728155339805825,0.0661937977189179,0.017030443102440042,0.023529411764705882,0.0,0.0,2.0,83.0,1.0,0.0,0.0,0.0,0.0,0.0,0.0,0.0,3.0,7.0,4.0,0.0,5.0,12.836740757757024,3.3923174227787602
cli_input,148,4,obstacles,obstacle,NNS,biomedical,0.1220898629972009,-0.06675905813358766,0.31965442764578833,0.10217895311355653,0.032661954774959756,0.03529411764705882,0.0,0.0,3.0,82.0,1.0,0.0,0.0,0.0,0.0,0.0,0.0,0.0,3.0,9.0,3.0,1.0,5.0,12.836740757757024,3.7548875021634687
cli_input,154,4,body,body,NN,biomedical,0.15757643643311672,-0.15757643643311672,0.3326133909287257,0.11063166782510532,0.03679757417940868,0.047058823529411764,0.0,0.0,4.0,81.0,1.0,0.0,0.0,0.0,0.0,0.0,0.0,0.0,3.0,4.0,2.0,1.0,5.0,9.749277916506685,2.584962500721156
cli_input,164,4,consequences,consequence,NNS,general,0.27402026965057247,-0.27402026965057247,0.2751677852348993,0.07571731003107968,0.02083496450519642,0.058823529411764705,0.0,0.0,5.0,80.0,1.0,0.0,0.0,0.0,0.0,0.0,0.0,0.0,3.0,12.0,5.0,0.0,5.0,11.836740757757024,4.169925001442312
cli_input,165,4,facilitate,facilitate,VB,general,0.1590994451788847,0.1184695008889777,0.4782608695652174,0.2287334593572779,0.10939426317087204,0.07058823529411765,0.0,0.0,6.0,79.0,0.0,1.0,0.0,0.0,0.0,0.0,0.0,0.0,3.0,10.0,5.0,1.0,5.0,12.836740757757024,3.9068905956085187
cli_input,170,4,act,act,VB,biomedical,0.1863315268399798,-0.1863315268399798,0.367170626349892,0.134814268854172,0.04949983953608907,0.08235294117647059,0.0,0.0,7.0,78.0,0.0,1.0,0.0,0.0,0.0,0.0,0.0,0.0,3.0,3.0,1.0,1.0,5.0,12.251778257035868,2.169925001442312
cli_input,171,4,manifested,manifest,VBN,general,0.1831695934772728,-0.0858442386463412,0.5245398773006135,0.27514208287854264,0.14432299439334598,0.09411764705882353,0.0,0.0,8.0,77.0,0.0,1.0,0.0,0.0,0.0,0.0,0.0,0.0,3.0,10.0,4.0,0.0,5.0,12.836740757757024,3.9068905956085187
cli_input,177,4,people,people,NN,general,0.1283446720870976,-0.11586927702278454,0.29697986577181207,0.08819704067384351,0.026192745300789095,0.10588235294117647,0.0,0.0,9.0,76.0,1.0,0.0,0.0,0.0,0.0,0.0,0.0,0.0,3.0,6.0,3.0,0.0,4.0,9.444423334978264,3.169925001442312
cli_input,177,4,merely,merely,RB,general,0.1425495374460432,0.10485039984880368,0.5673076923076923,0.32183801775147924,0.18258118314747382,0.11764705882352941,0.0,0.0,10.0,75.0,0.0,0.0,0.0,1.0,0.0,0.0,0.0,0.0,3.0,6.0,3.0,1.0,4.0,12.836740757757024,3.169925001442312
cli_input,182,4,scrutinize,scrutinize,VB,general,0.22817335064790684,-0.22817335064790684,0.48663101604278075,0.23680974577482913,0.11523896719523771,0.12941176470588237,0.0,0.0,11.0,74.0,0.0,1.0,0.0,0.0,0.0,0.0,0.0,0.0,3.0,10.0,4.0,0.0,5.0,12.836740757757024,3.9068905956085187
cli_input,183,4,warm,warm,JJ,biomedical,0.17633371541211934,0.12040701272168647,0.3689516129032258,0.13612529266389178,0.05022364628526652,0.1411764705882353,0.0,0.0,12.0,73.0,0.0,0.0,1.0,0.0,0.0,0.0,0.0,0.0,3.0,4.0,1.0,1.0,4.0,12.836740757757024,2.584962500721156
cli_input,183,4,sectors,sector,NNS,biomedical,0.156045385036461,-0.156045385036461,0.26676384839650147,0.07116295081131162,0.018983702621676424,0.15294117647058825,0.0,0.0,13.0,72.0,1.0,0.0,0.0,0.0,0.0,0.0,0.0,0.0,3.0,7.0,2.0,1.0,5.0,12.836740757757024,3.3923174227787602
cli_input,185,4,prerequisite,prerequisite,NN,general,0.3216943085025933,-0.3216943085025933,0.44047619047619047,0.19401927437641722,0.08546087085627901,0.16470588235294117,0.0,0.0,14.0,71.0,1.0,0.0,0.0,0.0,0.0,0.0,0.0,0.0,3.0,12.0,6.0,0.0,5.0,12.836740757757024,4.169925001442312
cli_input,186,4,challenges,challenge,NNS,biomedical,0.05957604978881381,0.03575943314667303,0.49206349206349204,0.2421264802217183,0.11914160137894074,0.17647058823529413,0.0,0.0,15.0,70.0,1.0,0.0,0.0,0.0,0.0,0.0,0.0,0.0,3.0,10.0,3.0,0.0,5.0,12.836740757757024,3.9068905956085187
cli_input,187,4,obstacles,obstacle,NNS,general,0.24570614528013826,-0.24570614528013826,0.313758389261745,0.09844432683212469,0.030887733418804224,0.18823529411764706,0.0,0.0,16.0,69.0,1.0,0.0,0.0,0.0,0.0,0.0,0.0,0.0,3.0,9.0,3.0,0.0,5.0,12.836740757757024,3.7548875021634687
cli_input,188,4,effects,effect,NNS,general,0.10673189601915127,-0.026365448964741134,0.5402298850574713,0.2918483287092086,0.15766518907279087,0.2,0.0,0.0,17.0,68.0,1.0,0.0,0.0,0.0,0.0,0.0,0.0,0.0,3.0,7.0,2.0,1.0,5.0,10.666815756314712,3.3923174227787602
cli_input,188,4,sector,sector,NN,general,0.2656697765755315,-0.2656697765755315,0.5026737967914439,0.2526809459807258,0.12701609049298515,0.21176470588235294,0.0,0.0,18.0,67.0,1.0,0.0,0.0,0.0,0.0,0.0,0.0,0.0,3.0,6.0,2.0,0.2,5.0,12.836740757757024,3.169925001442312
cli_input,190,4,enrich,enrich,VB,general,0.0809675750446428,-0.06179811314973813,0.3807615230460922,0.14497933743237978,0.05520255333096625,0.2235294117647059,0.0,0.0,19.0,66.0,0.0,1.0,0.0,0.0,0.0,0.0,0.0,0.0,3.0,6.0,2.0,0.0,5.0,12.836740757757024,3.169925001442312
cli_input,191,4,burden,burden,NN,biomedical,0.13105642987710828,-0.13105642987710828,0.5052910052910053,0.2553190000279948,0.1290103941940397,0.23529411764705882,0.0,0.0,20.0,65.0,1.0,0.0,0.0,0.0,0.0,0.0,0.0,0.0,3.0,6.0,2.0,0.0,5.0,12.836740757757024,3.169925001442312
cli_input,191,4,distinct,distinct,JJ,finance,0.07929480327104979,-0.02372244104329959,0.4515366430260047,0.20388533999519362,0.09206170198364534,0.24705882352941178,0.0,0.0,21.0,64.0,0.0,0.0,1.0,0.0,0.0,0.0,0.0,0.0,3.0,8.0,2.0,1.0,5.0,12.836740757757024,3.584962500721156
cli_input,195,4,meaningful,meaningful,JJ,general,0.2592742393107953,-0.2549869779315062,0.6074766355140186,0.36902786269543186,0.22417580444115018,0.25882352941176473,0.0,0.0,22.0,63.0,0.0,0.0,1.0,0.0,0.0,0.0,0.0,0.0,3.0,10.0,4.0,0.0,5.0,12.836740757757024,3.9068905956085187
cli_input,196,4,complication,complication,NN,general,0.20177496183994323,-0.05383993207610986,0.6012269938650306,0.3614738981519816,0.21732786514659017,0.27058823529411763,0.0,0.0,23.0,62.0,1.0,0.0,0.0,0.0,0.0,0.0,0.0,0.0,3.0,12.0,5.0,0.0,5.0,12.836740757757024,4.169925001442312
cli_input,196,4,fitting,fitting,JJ,general,0.20867508064217274,-0.20867508064217274,0.5240641711229946,0.2746432554548314,0.1439306900244571,0.2823529411764706,0.0,0.0,24.0,61.0,0.0,0.0,1.0,0.0,0.0,0.0,0.0,0.0,3.0,7.0,2.0,0.0,5.0,12.836740757757024,3.3923174227787602
cli_input,198,4,stimulated,stimulate,VBD,general,0.06639907934653219,-0.022016505121288964,0.4714285714285714,0.22224489795918367,0.10477259475218659,0.29411764705882354,0.0,0.0,25.0,60.0,0.0,1.0,0.0,0.0,0.0,0.0,0.0,0.0,3.0,10.0,4.0,0.0,5.0,12.251778257035868,3.9068905956085187
cli_input,202,4,reduce,reduce,VB,general,0.1084682209352775,-0.1010326437128212,0.617737003058104,0.38159900494720794,0.23572782568604284,0.3058823529411765,0.0,0.0,26.0,59.0,0.0,1.0,0.0,0.0,0.0,0.0,0.0,0.0,3.0,6.0,3.0,1.0,5.0,9.588813244313439,3.169925001442312
cli_input,202,4,realm,realm,NN,biomedical,0.14467375393960774,-0.14467375393960774,0.2944606413994169,0.08670706933335601,0.02553181924976372,0.3176470588235294,0.0,0.0,27.0,58.0,1.0,0.0,0.0,0.0,0.0,0.0,0.0,0.0,3.0,5.0,2.0,1.0,5.0,12.836740757757024,2.9068905956085187
cli_input,202,4,people,people,NN,general,0.16113718704969449,-0.16113718704969449,0.48095238095238096,0.2313151927437642,0.1112515927005723,0.32941176470588235,0.0,0.0,28.0,57.0,1.0,0.0,0.0,0.0,0.0,0.0,0.0,0.0,3.0,6.0,3.0,0.0,4.0,9.444423334978264,3.169925001442312
cli_input,202,4,feature,feature,NN,general,0.24231956984672146,-0.24231956984672146,0.4031936127744511,0.162565089382114,0.06554520569897611,0.3411764705882353,0.0,0.0,29.0,56.0,1.0,0.0,0.0,0.0,0.0,0.0,0.0,0.0,3.0,7.0,4.0,0.6,5.0,12.251778257035868,3.3923174227787602
cli_input,202,4,energies,energy,NNS,general,0.13224886294914864,-0.12035483709773365,0.5219638242894057,0.2724462338668216,0.142207078142372,0.35294117647058826,0.0,0.0,30.0,55.0,1.0,0.0,0.0,0.0,0.0,0.0,0.0,0.0,3.0,8.0,4.0,1.0,5.0,12.836740757757024,3.584962500721156
cli_input,207,4,difficulties,difficulty,NNS,biomedical,0.13418854595141205,0.028391644286543283,0.5476190476190477,0.2998866213151928,0.16422362595831988,0.36470588235294116,0.0,0.0,31.0,54.0,1.0,0.0,0.0,0.0,0.0,0.0,0.0,0.0,3.0,12.0,5.0,0.0,5.0,12.836740757757024,4.169925001442312
cli_input,209,4,substance,substance,NN,general,0.25807714004464766,-0.25807714004464766,0.3988549618320611,0.1590852805780549,0.06345195351300283,0.3764705882352941,0.0,0.0,32.0,53.0,1.0,0.0,0.0,0.0,0.0,0.0,0.0,0.0,3.0,9.0,3.0,1.0,5.0,12.251778257035868,3.7548875021634687
cli_input,214,4,improving,improve,VBG,general,0.08486294806596355,-0.03213513876136975,0.5095238095238095,0.2596145124716553,0.13227977540222435,0.38823529411764707,0.0,0.0,33.0,52.0,0.0,1.0,0.0,0.0,0.0,0.0,0.0,0.0,3.0,9.0,3.0,0.0,5.0,12.251778257035868,3.7548875021634687
cli_input,216,4,part,part,NN,general,0.17324328664083416,-0.17324328664083416,0.8212927756653993,0.6745218233601759,0.553979900554365,0.4,0.0,0.0,34.0,51.0,1.0,0.0,0.0,0.0,0.0,0.0,0.0,0.0,3.0,4.0,1.0,1.0,5.0,11.836740757757024,2.584962500721156
cli_input,216,4,commonly,commonly,RB,general,0.23054198085736974,-0.23054198085736974,0.5179856115107914,0.26830909373220846,0.13898024999078426,0.4117647058823529,0.0,0.0,35.0,50.0,0.0,0.0,0.0,1.0,0.0,0.0,0.0,0.0,3.0,8.0,3.0,1.0,5.0,11.836740757757024,3.584962500721156
cli_input,219,4,basic,basic,JJ,general,0.08855781700388499,-0.01750125408412697,0.6066481994459834,0.3680220378910536,0.22325990664304912,0.4235294117647059,0.0,0.0,36.0,49.0,0.0,0.0,1.0,0.0,0.0,0.0,0.0,0.0,3.0,5.0,2.0,1.0,5.0,12.251778257035868,2.9068905956085187
cli_input,221,4,rules,rule,NNS,general,0.18665867501970718,-0.18665867501970718,0.6121883656509696,0.3747745950384052,0.22943264682406525,0.43529411764705883,0.0,0.0,37.0,48.0,1.0,0.0,0.0,0.0,0.0,0.0,0.0,0.0,3.0,5.0,2.0,1.0,5.0,12.251778257035868,2.9068905956085187
cli_input,224,4,sector,sector,NN,general,0.058085497514562025,-0.02024880304113581,0.5209302325581395,0.2713683071930773,0.14136395537499843,0.4470588235294118,0.0,0.0,38.0,47.0,1.0,0.0,0.0,0.0,0.0,0.0,0.0,0.0,3.0,6.0,2.0,0.0,5.0,12.836740757757024,3.169925001442312
cli_input,226,4,meaningful,meaningful,JJ,general,0.12152453758586523,-0.003136622237150588,0.7266881028938906,0.5280755988875218,0.38374625514012833,0.4588235294117647,0.0,0.0,39.0,46.0,0.0,0.0,1.0,0.0,0.0,0.0,0.0,0.0,3.0,10.0,4.0,1.0,5.0,12.836740757757024,3.9068905956085187
cli_input,228,4,process,process,NN,general,0.14031538988238865,-0.14031538988238865,0.631578947368421,0.39889196675900274,0.25193176847937016,0.47058823529411764,0.0,0.0,40.0,45.0,1.0,0.0,0.0,0.0,0.0,0.0,0.0,0.0,3.0,7.0,2.0,1.0,5.0,11.514812662869662,3.3923174227787602
cli_input,228,4,exercise,exercise,VB,general,0.16722134289862609,-0.16722134289862609,0.3402985074626866,0.11580307418133215,0.03940761330349811,0.4823529411764706,0.0,0.0,41.0,44.0,0.0,1.0,0.0,0.0,0.0,0.0,0.0,0.0,3.0,8.0,4.0,0.0,5.0,12.836740757757024,3.584962500721156
cli_input,228,4,preference,preference,NN,general,0.11177033439142274,0.005843210120573395,0.5467625899280576,0.2989493297448373,0.16345430978854414,0.49411764705882355,0.0,0.0,42.0,43.0,1.0,0.0,0.0,0.0,0.0,0.0,0.0,0.0,3.0,10.0,4.0,1.0,5.0,12.836740757757024,3.9068905956085187
cli_input,229,4,often,often,RB,general,0.1330676594054742,-0.1330676594054742,0.4552683896620278,0.207269306625456,0.09436316345373642,0.5058823529411764,0.0,0.0,43.0,42.0,0.0,0.0,0.0,1.0,0.0,0.0,0.0,0.0,3.0,5.0,2.0,0.0,5.0,9.588813244313439,2.9068905956085187
cli_input,230,4,effects,effect,NNS,general,0.18911305243046977,-0.18911305243046977,0.8745247148288974,0.7647934768465643,0.6688307972422426,0.5176470588235295,0.0,0.0,44.0,41.0,1.0,0.0,0.0,0.0,0.0,0.0,0.0,0.0,3.0,7.0,2.0,1.0,5.0,10.666815756314712,3.3923174227787602
cli_input,230,4,superior,superior,JJ,general,0.07054350817343795,-0.06954097977763127,0.39451114922813035,0.15563904686530014,0.061401339243600396,0.5294117647058824,0.0,0.0,45.0,40.0,0.0,0.0,1.0,0.0,0.0,0.0,0.0,0.0,3.0,8.0,4.0,1.0,5.0,12.836740757757024,3.584962500721156
cli_input,234,4,aid,aid,VB,biomedical,0.12842696871930137,0.08196966115232154,0.39327731092436974,0.1546670432879034,0.06082703887288973,0.5411764705882353,0.0,0.0,46.0,39.0,0.0,1.0,0.0,0.0,0.0,0.0,0.0,0.0,3.0,3.0,2.0,1.0,5.0,12.836740757757024,2.169925001442312
cli_input,234,4,aspects,aspect,NNS,general,0.15696753450955905,-0.010046477549641341,0.5835411471321695,0.3405202703963283,0.19870758920883,0.5529411764705883,0.0,0.0,47.0,38.0,1.0,0.0,0.0,0.0,0.0,0.0,0.0,0.0,3.0,7.0,2.0,0.0,5.0,12.836740757757024,3.3923174227787602
cli_input,235,4,diversity,diversity,NN,general,0.19817954062755525,-0.19817954062755525,0.7413249211356467,0.5495626386967729,0.40740447979098304,0.5647058823529412,0.0,0.0,48.0,37.0,1.0,0.0,0.0,0.0,0.0,0.0,0.0,0.0,3.0,9.0,4.0,1.0,5.0,12.836740757757024,3.7548875021634687
cli_input,235,4,distinct,distinct,JJ,biomedical,0.08776563411025075,0.0248964929018756,0.49266247379454925,0.24271631308536493,0.11957721923492821,0.5764705882352941,0.0,0.0,49.0,36.0,0.0,0.0,1.0,0.0,0.0,0.0,0.0,0.0,3.0,8.0,2.0,1.0,5.0,12.836740757757024,3.584962500721156
cli_input,236,4,applied,apply,VBN,biomedical,0.13297425869549695,-0.054350675169940924,0.44866920152091255,0.20130405239341323,0.09031892845027667,0.5882352941176471,0.0,0.0,50.0,35.0,0.0,1.0,0.0,0.0,0.0,0.0,0.0,0.0,3.0,7.0,3.0,0.0,5.0,12.251778257035868,3.3923174227787602
cli_input,239,4,power,power,NN,general,0.15045874993544467,-0.15045874993544467,0.4306306306306306,0.18544274003733463,0.0798573240881495,0.6,0.0,0.0,51.0,34.0,1.0,0.0,0.0,0.0,0.0,0.0,0.0,0.0,3.0,5.0,2.0,0.0,5.0,12.251778257035868,2.9068905956085187
cli_input,240,4,definitions,definition,NNS,general,0.14143060871704138,-0.021076030254323815,0.7717041800643086,0.5955273415287269,0.4595709388003037,0.611764705882353,0.0,0.0,52.0,33.0,1.0,0.0,0.0,0.0,0.0,0.0,0.0,0.0,3.0,11.0,5.0,1.0,5.0,12.836740757757024,4.044394119358453
cli_input,241,4,sterling,sterling,JJ,legal,0.11408744631371262,-0.11408744631371262,0.7280966767371602,0.5301247706756967,0.3859820837850239,0.6235294117647059,0.0,0.0,53.0,32.0,0.0,0.0,1.0,0.0,0.0,0.0,0.0,0.0,3.0,8.0,2.0,1.0,5.0,12.836740757757024,3.584962500721156
cli_input,243,4,findings,finding,NNS,general,0.357367895150382,-0.357367895150382,0.7813504823151125,0.610508576214059,0.4770211704823676,0.6352941176470588,0.0,0.0,54.0,31.0,1.0,0.0,0.0,0.0,0.0,0.0,0.0,0.0,3.0,8.0,2.0,1.0,5.0,12.836740757757024,3.584962500721156
cli_input,243,4,deployed,deploy,VBD,general,0.05919280256723053,0.005968678750015199,0.5827338129496403,0.3395786967548264,0.19788398875640964,0.6470588235294118,0.0,0.0,55.0,30.0,0.0,1.0,0.0,0.0,0.0,0.0,0.0,0.0,3.0,8.0,4.0,1.0,5.0,12.836740757757024,3.584962500721156
cli_input,244,4,sizable,sizable,JJ,general,0.15850297727723534,-0.14640385850085808,0.4460694698354662,0.1989779719192939,0.0887579984429757,0.6588235294117647,0.0,0.0,56.0,29.0,0.0,0.0,1.0,0.0,0.0,0.0,0.0,0.0,3.0,7.0,3.0,1.0,5.0,12.836740757757024,3.3923174227787602
cli_input,244,4,developed,develop,VBN,general,0.0848145898151694,-0.08329689081398986,0.4850894632206759,0.2353117873277235,0.11414726860430324,0.6705882352941176,0.0,0.0,57.0,28.0,0.0,1.0,0.0,0.0,0.0,0.0,0.0,0.0,3.0,9.0,4.0,0.0,5.0,11.836740757757024,3.7548875021634687
cli_input,247,4,mechanisms,mechanism,NNS,general,0.13389097997025026,-0.13389097997025026,0.6957746478873239,0.48410236064272955,0.33682614951761747,0.6823529411764706,0.0,0.0,58.0,27.0,1.0,0.0,0.0,0.0,0.0,0.0,0.0,0.0,3.0,10.0,3.0,0.0,5.0,12.836740757757024,3.9068905956085187
cli_input,249,4,fathom,fathom,VB,general,0.15907174066492927,-0.15907174066492927,0.45688073394495415,0.20874000505007997,0.09536928671095397,0.6941176470588235,0.0,0.0,59.0,26.0,0.0,1.0,0.0,0.0,0.0,0.0,0.0,0.0,3.0,6.0,2.0,1.0,5.0,12.836740757757024,3.169925001442312
cli_input,250,4,facilities,facility,NNS,finance,0.1396308912949033,-0.12442092875608413,0.7668711656441718,0.5880913846964507,0.4509903256874623,0.7058823529411765,0.0,0.0,60.0,25.0,1.0,0.0,0.0,0.0,0.0,0.0,0.0,0.0,3.0,10.0,5.0,1.0,5.0,12.836740757757024,3.9068905956085187
cli_input,253,4,important,important,JJ,general,0.2531437368055438,-0.2531437368055438,0.8135048231511254,0.6617900972901438,0.5383694360591845,0.7176470588235294,0.0,0.0,61.0,24.0,0.0,0.0,1.0,0.0,0.0,0.0,0.0,0.0,3.0,9.0,3.0,1.0,5.0,7.9540977083951825,3.7548875021634687
cli_input,253,4,bolster,bolster,VB,biomedical,0.19540575691177908,-0.19540575691177908,0.42521008403361343,0.1808036155638726,0.0768795205674954,0.7294117647058823,0.0,0.0,62.0,23.0,0.0,1.0,0.0,0.0,0.0,0.0,0.0,0.0,3.0,7.0,2.0,1.0,5.0,12.836740757757024,3.3923174227787602
cli_input,253,4,manners,manner,NNS,general,0.1086549408009038,-0.1086549408009038,0.6067146282973621,0.36810264019000627,0.22333325651815727,0.7411764705882353,0.0,0.0,63.0,22.0,1.0,0.0,0.0,0.0,0.0,0.0,0.0,0.0,3.0,7.0,2.0,1.0,5.0,12.836740757757024,3.3923174227787602
cli_input,253,4,discipline,discipline,NN,general,0.03651527710701781,0.0023930538031436744,0.41475409836065574,0.1720209621069605,0.07134639903780493,0.7529411764705882,0.0,0.0,64.0,21.0,1.0,0.0,0.0,0.0,0.0,0.0,0.0,0.0,3.0,10.0,4.0,0.0,5.0,12.836740757757024,3.9068905956085187
cli_input,255,4,increase,increase,VB,general,0.0314002349361312,-0.029822381456233043,0.3355263157894737,0.11257790858725761,0.0377728509075667,0.7647058823529411,0.0,0.0,65.0,20.0,0.0,1.0,0.0,0.0,0.0,0.0,0.0,0.0,3.0,8.0,4.0,1.0,5.0,11.02938583569942,3.584962500721156
cli_input,256,4,setups,setup,NNS,general,0.21532336479956676,-0.21532336479956676,0.807570977917981,0.6521708843754043,0.5266742788646798,0.7764705882352941,0.0,0.0,66.0,19.0,1.0,0.0,0.0,0.0,0.0,0.0,0.0,0.0,3.0,6.0,2.0,1.0,5.0,12.836740757757024,3.169925001442312
cli_input,256,4,facilitate,facilitate,VB,general,0.06268130444556608,-0.06268130444556608,0.382089552238806,0.14599242593005124,0.05578218065387033,0.788235294117647,0.0,0.0,67.0,18.0,0.0,1.0,0.0,0.0,0.0,0.0,0.0,0.0,3.0,10.0,5.0,0.0,5.0,12.836740757757024,3.9068905956085187
cli_input,256,4,strain,strain,NN,general,0.11715209646060454,-0.11715209646060454,0.6384039900249376,0.40755965447976067,0.26018770959306414,0.8,0.0,0.0,68.0,17.0,1.0,0.0,0.0,0.0,0.0,0.0,0.0,0.0,3.0,6.0,2.0,0.0,5.0,12.836740757757024,3.169925001442312
cli_input,258,4,aspects,aspect,NNS,general,0.1341728132045263,-0.1341728132045263,0.5972222222222222,0.35667438271604934,0.21301386745541837,0.8117647058823529,0.0,0.0,69.0,16.0,1.0,0.0,0.0,0.0,0.0,0.0,0.0,0.0,3.0,7.0,2.0,1.0,5.0,12.836740757757024,3.3923174227787602
cli_input,260,4,distinct,distinct,JJ,general,0.31696721087110735,-0.31696721087110735,0.8360128617363344,0.6989175049885753,0.5843040234631176,0.8235294117647058,0.0,0.0,70.0,15.0,0.0,0.0,1.0,0.0,0.0,0.0,0.0,0.0,3.0,8.0,2.0,1.0,5.0,12.836740757757024,3.584962500721156
cli_input,262,4,features,feature,NNS,general,0.04435819703127146,0.002594648196828686,0.8012232415902141,0.6419586828643306,0.5143522168515431,0.8352941176470589,0.0,0.0,71.0,14.0,1.0,0.0,0.0,0.0,0.0,0.0,0.0,0.0,3.0,8.0,4.0,1.0,5.0,11.836740757757024,3.584962500721156
cli_input,262,4,parts,part,NNS,general,0.43302350295914244,-0.43302350295914244,0.842443729903537,0.7097114380537836,0.5978919510292325,0.8470588235294118,0.0,0.0,72.0,13.0,1.0,0.0,0.0,0.0,0.0,0.0,0.0,0.0,3.0,5.0,1.0,1.0,5.0,11.251778257035868,2.9068905956085187
cli_input,263,4,necessity,necessity,NN,biomedical,0.2080033365549025,-0.2080033365549025,0.9924528301886792,0.9849626201495194,0.9775289399974476,0.8588235294117647,0.0,0.0,73.0,12.0,1.0,0.0,0.0,0.0,0.0,0.0,0.0,0.0,3.0,9.0,4.0,1.0,5.0,12.836740757757024,3.7548875021634687
cli_input,265,4,engines,engine,NNS,general,0.20261106998596637,-0.19790727175342288,0.8359621451104101,0.6988327080575983,0.5841976897011469,0.8705882352941177,0.0,0.0,74.0,11.0,1.0,0.0,0.0,0.0,0.0,0.0,0.0,0.0,3.0,7.0,3.0,1.0,5.0,12.836740757757024,3.3923174227787602
cli_input,266,4,halted,halt,VBD,general,0.20465604610195842,-0.20465604610195842,0.8184615384615385,0.6698792899408283,0.5482704342284934,0.8823529411764706,0.0,0.0,75.0,10.0,0.0,1.0,0.0,0.0,0.0,0.0,0.0,0.0,3.0,6.0,2.0,1.0,5.0,12.836740757757024,3.169925001442312
cli_input,270,4,system,system,NN,general,0.10815045892769493,-0.10449759741485462,0.4426229508196721,0.19591507659231389,0.08671650931135205,0.8941176470588236,0.0,0.0,76.0,9.0,1.0,0.0,0.0,0.0,0.0,0.0,0.0,0.0,3.0,6.0,2.0,0.4,5.0,9.836740757757024,3.169925001442312
cli_input,273,4,output,output,NN,finance,0.10648871599200053,-0.04168165217353352,0.6469194312796208,0.41850475056714803,0.27073885522471897,0.9058823529411765,0.0,0.0,77.0,8.0,1.0,0.0,0.0,0.0,0.0,0.0,0.0,0.0,3.0,6.0,3.0,0.0,5.0,12.836740757757024,3.169925001442312
cli_input,277,4,physique,physique,NN,general,0.10846229956686601,-0.07175986331030636,0.6021739130434782,0.36261342155009446,0.2183563429769047,0.9176470588235294,0.0,0.0,78.0,7.0,1.0,0.0,0.0,0.0,0.0,0.0,0.0,0.0,3.0,8.0,4.0,1.0,5.0,12.836740757757024,3.584962500721156
cli_input,283,4,expand,expand,VB,general,0.06973395262440629,0.0438674197104294,0.6152173913043478,0.37849243856332704,0.2328551306813512,0.9294117647058824,0.0,0.0,79.0,6.0,0.0,1.0,0.0,0.0,0.0,0.0,0.0,0.0,3.0,6.0,2.0,1.0,5.0,12.836740757757024,3.169925001442312
cli_input,285,4,criterion,criterion,NN,general,0.122538296975097,0.10554408263539435,0.7107231920199502,0.5051274556750269,0.35900579767427104,0.9411764705882353,0.0,0.0,80.0,5.0,1.0,0.0,0.0,0.0,0.0,0.0,0.0,0.0,3.0,9.0,4.0,0.0,5.0,12.836740757757024,3.7548875021634687
cli_input,291,4,appropriate,appropriate,JJ,legal,0.195286426345798,-0.18213489609609698,0.879154078549849,0.772911893830834,0.6795086438210656,0.9529411764705882,0.0,0.0,81.0,4.0,0.0,0.0,1.0,0.0,0.0,0.0,0.0,0.0,3.0,11.0,5.0,1.0,5.0,11.02938583569942,4.044394119358453
cli_input,311,4,ended,end,VBD,general,0.23373478596157482,0.23373478596157482,0.9569230769230769,0.9157017751479289,0.8762561602184796,0.9647058823529412,0.0,0.0,82.0,3.0,0.0,1.0,0.0,0.0,0.0,0.0,0.0,0.0,3.0,5.0,2.0,1.0,5.0,12.251778257035868,2.9068905956085187
cli_input,313,4,accomplished,accomplish,VBN,legal,0.10661849593794268,0.10661849593794268,0.945619335347432,0.8941959273829191,0.8455689585222166,0.9764705882352941,0.0,0.0,83.0,2.0,0.0,1.0,0.0,0.0,0.0,0.0,0.0,0.0,3.0,12.0,4.0,1.0,5.0,12.836740757757024,4.169925001442312
cli_input,323,4,fitting,fitting,JJ,legal,0.31520419365137353,-0.31520419365137353,0.9758308157099698,0.952245780889185,0.9292307771214705,0.9882352941176471,0.0,0.0,84.0,1.0,0.0,0.0,1.0,0.0,0.0,0.0,0.0,0.0,2.0,7.0,2.0,1.0,5.0,12.836740757757024,3.3923174227787602
cli_input,333,4,foster,foster,VB,general,0.26004583559515254,-0.26004583559515254,0.5123076923076924,0.26245917159763316,0.1344598525261721,1.0,0.0,1.0,85.0,0.0,0.0,1.0,0.0,0.0,0.0,0.0,0.0,0.0,1.0,6.0,2.0,0.0,5.0,12.836740757757024,3.169925001442312
cli_input,100,3,product,product,NN,general,0.01696430670413811,-0.0003795427892830716,0.1996007984031936,0.03984047872319234,0.007952191361914638,0.0,1.0,0.0,0.0,81.0,1.0,0.0,0.0,0.0,0.0,0.0,0.0,0.0,1.0,7.0,2.0,0.0,5.0,11.02938583569942,3.3923174227787602
cli_input,105,3,disparate,disparate,JJ,biomedical,0.1841406769915559,-0.1841406769915559,0.2267818574514039,0.05143001086910887,0.011663393393642401,0.012345679012345678,0.0,0.0,1.0,80.0,0.0,0.0,1.0,0.0,0.0,0.0,0.0,0.0,2.0,9.0,4.0,1.0,5.0,12.836740757757024,3.7548875021634687
cli_input,108,3,help,help,VB,biomedical,0.10306500822008662,-0.10306500822008662,0.21774193548387097,0.047411550468262224,0.010323482763250647,0.024691358024691357,0.0,0.0,2.0,79.0,0.0,1.0,0.0,0.0,0.0,0.0,0.0,0.0,3.0,4.0,1.0,1.0,5.0,8.514812662869662,2.584962500721156
cli_input,112,3,outputs,output,NNS,general,0.2506284180334582,-0.2506284180334582,0.29396325459317585,0.08641439505101232,0.02540265681289601,0.037037037037037035,0.0,0.0,3.0,78.0,1.0,0.0,0.0,0.0,0.0,0.0,0.0,0.0,3.0,7.0,3.0,0.0,5.0,12.836740757757024,3.3923174227787602
cli_input,115,3,regularly,regularly,RB,general,0.08006563858503267,0.08006563858503267,0.3333333333333333,0.1111111111111111,0.03703703703703703,0.04938271604938271,0.0,0.0,4.0,77.0,0.0,0.0,0.0,1.0,0.0,0.0,0.0,0.0,3.0,9.0,4.0,1.0,5.0,11.836740757757024,3.7548875021634687
cli_input,118,3,presented,present,VBD,general,0.11638189139821567,-0.08080434631929805,0.30971128608923887,0.09592108073105036,0.029707841276283318,0.06172839506172839,0.0,0.0,5.0,76.0,0.0,1.0,0.0,0.0,0.0,0.0,0.0,0.0,3.0,9.0,3.0,0.0,5.0,12.836740757757024,3.7548875021634687
cli_input,127,3,exercise,exercise,VB,general,0.11143718145617758,-0.0832492853133004,0.2866817155756208,0.08218640604538113,0.023561339882084434,0.07407407407407407,0.0,0.0,6.0,75.0,0.0,1.0,0.0,0.0,0.0,0.0,0.0,0.0,3.0,8.0,4.0,1.0,5.0,12.836740757757024,3.584962500721156
cli_input,127,3,improve,improve,VB,general,0.11856513809156084,0.001898909448714664,0.3681159420289855,0.1355093467758874,0.04988315084213827,0.08641975308641975,0.0,0.0,7.0,74.0,0.0,1.0,0.0,0.0,0.0,0.0,0.0,0.0,3.0,7.0,3.0,1.0,5.0,9.929850162148504,3.3923174227787602
cli_input,129,3,possibilities,possibility,NNS,biomedical,0.21896931932272762,-0.21896931932272762,0.27044025157232704,0.07313792967050353,0.01977944009957014,0.09876543209876543,0.0,0.0,8.0,73.0,1.0,0.0,0.0,0.0,0.0,0.0,0.0,0.0,3.0,13.0,6.0,1.0,5.0,12.836740757757024,4.285402218862249
cli_input,132,3,act,act,VB,general,0.13625831814851072,-0.13625831814851072,0.24220183486238533,0.05866172881070618,0.01420797835415269,0.1111111111111111,0.0,0.0,9.0,72.0,0.0,1.0,0.0,0.0,0.0,0.0,0.0,0.0,3.0,3.0,1.0,1.0,5.0,12.251778257035868,2.169925001442312
cli_input,136,3,tough,tough,JJ,general,0.08833237135154834,0.08226616441046172,0.31627906976744186,0.10003244997295835,0.03163817022400543,0.12345679012345678,0.0,0.0,10.0,71.0,0.0,0.0,1.0,0.0,0.0,0.0,0.0,0.0,3.0,5.0,2.0,0.0,5.0,12.836740757757024,2.9068905956085187
cli_input,138,3,mission,mission,NN,general,0.021317524660506272,-0.01270101785291895,0.25321100917431194,0.06411581516707349,0.016234830262488332,0.13580246913580246,0.0,0.0,11.0,70.0,1.0,0.0,0.0,0.0,0.0,0.0,0.0,0.0,3.0,7.0,3.0,1.0,5.0,12.836740757757024,3.3923174227787602
cli_input,139,3,applicable,applicable,JJ,general,0.06701259256305532,-0.056220157446261874,0.3648293963254593,0.13310048842319905,0.0485589708420595,0.14814814814814814,0.0,0.0,12.0,69.0,0.0,0.0,1.0,0.0,0.0,0.0,0.0,0.0,3.0,10.0,4.0,0.0,5.0,12.836740757757024,3.9068905956085187
cli_input,139,3,endeavors,endeavor,NNS,general,0.1698834671292646,-0.1698834671292646,0.2332214765100671,0.05439225710553579,0.012685442512868244,0.16049382716049382,0.0,0.0,13.0,68.0,1.0,0.0,0.0,0.0,0.0,0.0,0.0,0.0,3.0,9.0,4.0,0.0,5.0,12.836740757757024,3.7548875021634687
cli_input,141,3,aspects,aspect,NNS,general,0.18508429271884305,0.13089580522031974,0.40869565217391307,0.16703213610586012,0.06826530779978632,0.1728395061728395,0.0,0.0,14.0,67.0,1.0,0.0,0.0,0.0,0.0,0.0,0.0,0.0,3.0,7.0,2.0,1.0,5.0,12.836740757757024,3.3923174227787602
cli_input,142,3,range,range,NN,general,0.1334235565649012,-0.09834594335318445,0.43558282208588955,0.18973239489630772,0.08264417201004814,0.18518518518518517,0.0,0.0,15.0,66.0,1.0,0.0,0.0,0.0,0.0,0.0,0.0,0.0,3.0,5.0,2.0,0.0,5.0,11.251778257035868,2.9068905956085187
cli_input,142,3,issues,issue,NNS,biomedical,0.31312255034700087,-0.31312255034700087,0.37566137566137564,0.1411214691637972,0.05301388524142645,0.19753086419753085,0.0,0.0,16.0,65.0,1.0,0.0,0.0,0.0,0.0,0.0,0.0,0.0,3.0,6.0,3.0,0.0,5.0,11.514812662869662,3.169925001442312
cli_input,142,3,aspects,aspect,NNS,general,0.07589891224488902,0.0021780711052551195,0.2834331337325349,0.08033434129744503,0.02276941410027384,0.20987654320987653,0.0,0.0,17.0,64.0,1.0,0.0,0.0,0.0,0.0,0.0,0.0,0.0,3.0,7.0,2.0,0.0,5.0,12.836740757757024,3.3923174227787602
cli_input,144,3,allow,allow,VB,biomedical,0.22100600177907684,-0.22100600177907684,0.2903225806451613,0.08428720083246619,0.024470477661038572,0.2222222222222222,0.0,0.0,18.0,63.0,0.0,1.0,0.0,0.0,0.0,0.0,0.0,0.0,3.0,5.0,2.0,1.0,5.0,11.251778257035868,2.9068905956085187
cli_input,145,3,lowerring,lower,VBG,general,0.046960809173899734,0.018927629606486397,0.327313769751693,0.1071343038690643,0.03506653286910683,0.2345679012345679,0.0,0.0,19.0,62.0,0.0,1.0,0.0,0.0,0.0,0.0,0.0,0.0,3.0,9.0,3.0,1.0,5.0,10.02938583569942,3.7548875021634687
cli_input,147,3,stress,stress,NN,biomedical,0.30839400035595094,-0.30839400035595094,0.3888888888888889,0.15123456790123457,0.05881344307270234,0.24691358024691357,0.0,0.0,20.0,61.0,1.0,0.0,0.0,0.0,0.0,0.0,0.0,0.0,3.0,6.0,1.0,0.0,5.0,11.251778257035868,3.169925001442312
cli_input,148,3,setups,setup,NNS,general,0.11174798980789982,-0.1105716767278544,0.42528735632183906,0.1808693354472189,0.07692144151203562,0.25925925925925924,0.0,0.0,21.0,60.0,1.0,0.0,0.0,0.0,0.0,0.0,0.0,0.0,3.0,6.0,2.0,1.0,5.0,12.836740757757024,3.169925001442312
cli_input,148,3,system,system,NN,biomedical,0.13328551659157317,-0.13328551659157317,0.29838709677419356,0.08903485952133196,0.026566853244268405,0.2716049382716049,0.0,0.0,22.0,59.0,1.0,0.0,0.0,0.0,0.0,0.0,0.0,0.0,3.0,6.0,2.0,1.0,5.0,9.836740757757024,3.169925001442312
cli_input,148,3,prerequisite,prerequisite,NN,general,0.197456830014945,-0.197456830014945,0.3394495412844037,0.11522599107819208,0.039113409815533094,0.2839506172839506,0.0,0.0,23.0,58.0,1.0,0.0,0.0,0.0,0.0,0.0,0.0,0.0,3.0,12.0,6.0,1.0,5.0,12.836740757757024,4.169925001442312
cli_input,150,3,applicants,applicant,NNS,general,0.08326474951096072,0.055651748146626726,0.5033557046979866,0.2533669654520067,0.12753370744228526,0.2962962962962963,0.0,0.0,24.0,57.0,1.0,0.0,0.0,0.0,0.0,0.0,0.0,0.0,3.0,10.0,3.0,1.0,5.0,12.836740757757024,3.9068905956085187
cli_input,151,3,forming,form,VBG,general,0.17324019362428614,-0.17324019362428614,0.2533557046979866,0.06418911310301338,0.016262677984152717,0.30864197530864196,0.0,0.0,25.0,56.0,0.0,1.0,0.0,0.0,0.0,0.0,0.0,0.0,3.0,7.0,2.0,0.0,5.0,12.836740757757024,3.3923174227787602
cli_input,152,3,diverse,diverse,JJ,general,0.16294255890482362,-0.16294255890482362,0.4735202492211838,0.22422142642249202,0.10617338572030774,0.32098765432098764,0.0,0.0,26.0,55.0,0.0,0.0,1.0,0.0,0.0,0.0,0.0,0.0,3.0,7.0,3.0,0.0,5.0,12.251778257035868,3.3923174227787602
cli_input,153,3,amplify,amplify,VB,finance,0.07007555215959597,-0.05536357565997583,0.3608490566037736,0.1302120416518334,0.046986892388515354,0.3333333333333333,0.0,0.0,27.0,54.0,0.0,1.0,0.0,0.0,0.0,0.0,0.0,0.0,3.0,7.0,3.0,1.0,5.0,12.836740757757024,3.3923174227787602
cli_input,154,3,approaches,approach,NNS,general,0.16130328878098282,-0.16130328878098282,0.23692307692307693,0.056132544378698225,0.01329909512972235,0.345679012345679,0.0,0.0,28.0,53.0,1.0,0.0,0.0,0.0,0.0,0.0,0.0,0.0,3.0,10.0,4.0,0.0,5.0,12.251778257035868,3.9068905956085187
cli_input,155,3,imports,import,NNS,general,0.14778600937543235,0.14778600937543235,0.5201342281879194,0.27053961533264265,0.1407169140153007,0.35802469135802467,0.0,0.0,29.0,52.0,1.0,0.0,0.0,0.0,0.0,0.0,0.0,0.0,3.0,7.0,2.0,1.0,5.0,12.836740757757024,3.3923174227787602
cli_input,156,3,reveal,reveal,VB,general,0.1708296872309004,-0.14466235628954158,0.312625250501002,0.09773454725081424,0.030554287316887817,0.37037037037037035,0.0,0.0,30.0,51.0,0.0,1.0,0.0,0.0,0.0,0.0,0.0,0.0,3.0,6.0,3.0,0.4,5.0,12.836740757757024,3.169925001442312
cli_input,157,3,people,people,NN,general,0.06417861325930904,-0.04057648815129686,0.29961832061068705,0.08977113804556845,0.026897077620523374,0.38271604938271603,0.0,0.0,31.0,50.0,1.0,0.0,0.0,0.0,0.0,0.0,0.0,0.0,3.0,6.0,3.0,1.0,4.0,9.444423334978264,3.169925001442312
cli_input,161,3,effortless,effortless,JJ,general,0.20157264896795357,-0.17406398638351928,0.3213572854291417,0.10327050489838686,0.03318672911904248,0.3950617283950617,0.0,0.0,32.0,49.0,0.0,0.0,1.0,0.0,0.0,0.0,0.0,0.0,3.0,10.0,3.0,0.25,4.0,12.836740757757024,3.9068905956085187
cli_input,162,3,services,service,NNS,finance,0.20105967322747706,-0.19345065323503668,0.49693251533742333,0.24694192479957847,0.12271347183291936,0.4074074074074074,0.0,0.0,33.0,48.0,1.0,0.0,0.0,0.0,0.0,0.0,0.0,0.0,3.0,8.0,3.0,1.0,5.0,10.666815756314712,3.584962500721156
cli_input,162,3,repeatedly,repeatedly,RB,general,0.269173372391314,-0.269173372391314,0.5209003215434084,0.2713371449840262,0.14133960606884968,0.41975308641975306,0.0,0.0,34.0,47.0,0.0,0.0,0.0,1.0,0.0,0.0,0.0,0.0,3.0,10.0,5.0,1.0,5.0,12.836740757757024,3.9068905956085187
cli_input,164,3,different,different,JJ,general,0.09931446161334226,0.05550769379925953,0.5109034267912772,0.26102231150706995,0.13335719341794228,0.43209876543209874,0.0,0.0,35.0,46.0,0.0,0.0,1.0,0.0,0.0,0.0,0.0,0.0,3.0,9.0,3.0,0.0,5.0,9.02938583569942,3.7548875021634687
cli_input,165,3,displaying,display,VBG,general,0.3758423834717381,-0.3758423834717381,0.5536912751677853,0.3065740281969281,0.16974736460568168,0.4444444444444444,0.0,0.0,36.0,45.0,0.0,1.0,0.0,0.0,0.0,0.0,0.0,0.0,3.0,10.0,4.0,1.0,5.0,12.836740757757024,3.9068905956085187
cli_input,165,3,obstacles,obstacle,NNS,biomedical,0.08913233745721971,-0.07921463916133557,0.4365079365079365,0.19053917863441674,0.08317186368962635,0.4567901234567901,0.0,0.0,37.0,44.0,1.0,0.0,0.0,0.0,0.0,0.0,0.0,0.0,3.0,9.0,3.0,0.0,5.0,12.836740757757024,3.7548875021634687
cli_input,170,3,act,act,VB,general,0.17951544692315893,-0.162158764659092,0.3119266055045872,0.09729820722161435,0.030349899500320077,0.4691358024691358,0.0,0.0,38.0,43.0,0.0,1.0,0.0,0.0,0.0,0.0,0.0,0.0,3.0,3.0,1.0,1.0,5.0,12.251778257035868,2.169925001442312
cli_input,170,3,essential,essential,JJ,general,0.0765727652585357,0.005651566710342726,0.39351851851851855,0.15485682441700963,0.06093902812706398,0.48148148148148145,0.0,0.0,39.0,42.0,0.0,0.0,1.0,0.0,0.0,0.0,0.0,0.0,3.0,9.0,4.0,1.0,5.0,12.836740757757024,3.7548875021634687
cli_input,173,3,goals,goal,NNS,general,0.19667178317826525,-0.19667178317826525,0.4792243767313019,0.2296560032535048,0.11005675502176268,0.49382716049382713,0.0,0.0,40.0,41.0,1.0,0.0,0.0,0.0,0.0,0.0,0.0,0.0,3.0,5.0,2.0,1.0,5.0,11.514812662869662,2.9068905956085187
cli_input,173,3,type,type,NN,biomedical,0.18974017124727674,-0.18974017124727674,0.4576719576719577,0.20946362083928222,0.09586562541057096,0.5061728395061729,0.0,0.0,41.0,40.0,1.0,0.0,0.0,0.0,0.0,0.0,0.0,0.0,3.0,4.0,2.0,0.0,5.0,10.377309139119726,2.584962500721156
cli_input,175,3,correct,correct,JJ,finance,0.06582179706567363,-0.03518478089157413,0.41371158392434987,0.1711572746731944,0.07080974720522226,0.5185185185185185,0.0,0.0,42.0,39.0,0.0,0.0,1.0,0.0,0.0,0.0,0.0,0.0,3.0,7.0,2.0,1.0,5.0,11.836740757757024,3.3923174227787602
cli_input,175,3,spur,spur,VB,general,0.16200898544724182,-0.16200898544724182,0.45219638242894056,0.20448156828182065,0.09246582545043569,0.5308641975308642,0.0,0.0,43.0,38.0,0.0,1.0,0.0,0.0,0.0,0.0,0.0,0.0,3.0,4.0,1.0,1.0,5.0,12.836740757757024,2.584962500721156
cli_input,176,3,diversity,diversity,NN,general,0.23508718428946768,-0.23508718428946768,0.3229357798165138,0.10428751788569987,0.03367817091354711,0.5432098765432098,0.0,0.0,44.0,37.0,1.0,0.0,0.0,0.0,0.0,0.0,0.0,0.0,3.0,9.0,4.0,1.0,5.0,12.836740757757024,3.7548875021634687
cli_input,176,3,discerning,discern,VBG,general,0.16908891444315746,-0.1072734989760975,0.555205047318612,0.3082526445680622,0.17114342411349823,0.5555555555555556,0.0,0.0,45.0,36.0,0.0,1.0,0.0,0.0,0.0,0.0,0.0,0.0,3.0,10.0,3.0,1.0,5.0,12.836740757757024,3.9068905956085187
cli_input,179,3,display,display,VB,general,0.12199408881624922,-0.12199408881624922,0.5755627009646302,0.3312724227417004,0.19066805038830986,0.5679012345679012,0.0,0.0,46.0,35.0,0.0,1.0,0.0,0.0,0.0,0.0,0.0,0.0,3.0,7.0,3.0,1.0,5.0,12.836740757757024,3.3923174227787602
cli_input,180,3,endeavors,endeavor,NNS,general,0.09641873199203901,-0.08405967892280733,0.3302752293577982,0.10908172712734619,0.036026992445729024,0.5802469135802469,0.0,0.0,47.0,34.0,1.0,0.0,0.0,0.0,0.0,0.0,0.0,0.0,3.0,9.0,4.0,1.0,5.0,12.836740757757024,3.7548875021634687
cli_input,180,3,phase,phase,NN,general,0.05142918061350904,0.035815110821749076,0.30874785591766724,0.0953252385337566,0.029431463012137546,0.5925925925925926,0.0,0.0,48.0,33.0,1.0,0.0,0.0,0.0,0.0,0.0,0.0,0.0,3.0,5.0,2.0,1.0,5.0,12.836740757757024,2.9068905956085187
cli_input,184,3,indicating,indicate,VBG,general,0.20616198029637287,-0.20616198029637287,0.5096952908587258,0.25978928952356106,0.13241337748569318,0.6049382716049383,0.0,0.0,49.0,32.0,0.0,1.0,0.0,0.0,0.0,0.0,0.0,0.0,3.0,10.0,4.0,1.0,5.0,12.836740757757024,3.9068905956085187
cli_input,185,3,commonly,commonly,RB,biomedical,0.13597494634931886,-0.13597494634931886,0.3517110266159696,0.12370064624325927,0.0435068812832756,0.6172839506172839,0.0,0.0,50.0,31.0,0.0,0.0,0.0,1.0,0.0,0.0,0.0,0.0,3.0,8.0,3.0,0.0,5.0,11.836740757757024,3.584962500721156
cli_input,186,3,structure,structure,NN,general,0.1529436668425172,0.1119866515488616,0.5867507886435331,0.3442764879738081,0.20200450083005775,0.6296296296296297,0.0,0.0,51.0,30.0,1.0,0.0,0.0,0.0,0.0,0.0,0.0,0.0,3.0,9.0,3.0,1.0,5.0,11.836740757757024,3.7548875021634687
cli_input,189,3,possibilities,possibility,NNS,general,0.09901572552727622,-0.05756521354343491,0.34552102376599636,0.11938477786430222,0.04124995066974976,0.6419753086419753,0.0,0.0,52.0,29.0,1.0,0.0,0.0,0.0,0.0,0.0,0.0,0.0,3.0,13.0,6.0,1.0,5.0,12.836740757757024,4.285402218862249
cli_input,189,3,range,range,NN,general,0.17222722665059464,-0.17222722665059464,0.4713216957605985,0.22214414089464618,0.10470135318974597,0.654320987654321,0.0,0.0,53.0,28.0,1.0,0.0,0.0,0.0,0.0,0.0,0.0,0.0,3.0,5.0,2.0,0.0,5.0,11.251778257035868,2.9068905956085187
cli_input,192,3,harm,harm,VB,general,0.09682185906865257,-0.08761064176010969,0.2865671641791045,0.08212073958565383,0.023533107463351546,0.6666666666666666,0.0,0.0,54.0,27.0,0.0,1.0,0.0,0.0,0.0,0.0,0.0,0.0,3.0,4.0,1.0,0.0,5.0,12.836740757757024,2.584962500721156
cli_input,193,3,strategy,strategy,NN,biomedical,0.1284776265524025,-0.11591916915107223,0.3669201520912547,0.1346303980106695,0.04939860611418101,0.6790123456790124,0.0,0.0,55.0,26.0,1.0,0.0,0.0,0.0,0.0,0.0,0.0,0.0,3.0,8.0,3.0,0.0,5.0,12.251778257035868,3.584962500721156
cli_input,194,3,shadowy,shadowy,JJ,general,0.0655955891713553,-0.06047830481119891,0.4217391304347826,0.1778638941398866,0.07501216405029999,0.691358024691358,0.0,0.0,56.0,25.0,0.0,0.0,1.0,0.0,0.0,0.0,0.0,0.0,3.0,7.0,3.0,1.0,5.0,12.836740757757024,3.3923174227787602
cli_input,195,3,cease,cease,VB,general,0.12467103228048097,0.029374628656417462,0.6270096463022508,0.3931410965560736,0.24650325989850272,0.7037037037037037,0.0,0.0,57.0,24.0,0.0,1.0,0.0,0.0,0.0,0.0,0.0,0.0,3.0,5.0,3.0,1.0,5.0,12.836740757757024,2.9068905956085187
cli_input,197,3,dilemmas,dilemma,NNS,general,0.19973907341191416,-0.19973907341191416,0.4912718204488778,0.2413480015671544,0.11856747209159456,0.7160493827160493,0.0,0.0,58.0,23.0,1.0,0.0,0.0,0.0,0.0,0.0,0.0,0.0,3.0,8.0,3.0,0.0,5.0,12.836740757757024,3.584962500721156
cli_input,198,3,purely,purely,RB,general,0.08532966101141609,-0.08532966101141609,0.4583333333333333,0.21006944444444442,0.09628182870370369,0.7283950617283951,0.0,0.0,59.0,22.0,0.0,0.0,0.0,1.0,0.0,0.0,0.0,0.0,3.0,6.0,3.0,1.0,4.0,12.836740757757024,3.169925001442312
cli_input,198,3,procedures,procedure,NNS,general,0.2116979669828642,-0.2116979669828642,0.4748201438848921,0.2254541690388696,0.10705018098248485,0.7407407407407407,0.0,0.0,60.0,21.0,1.0,0.0,0.0,0.0,0.0,0.0,0.0,0.0,3.0,10.0,4.0,1.0,5.0,12.836740757757024,3.9068905956085187
cli_input,201,3,substances,substance,NNS,general,0.06413762080610678,-0.00219636138399133,0.6340694006309149,0.40204400481644764,0.2549238011612176,0.7530864197530864,0.0,0.0,61.0,20.0,1.0,0.0,0.0,0.0,0.0,0.0,0.0,0.0,3.0,10.0,3.0,1.0,5.0,10.836740757757024,3.9068905956085187
cli_input,201,3,target,target,NN,general,0.3141558822435363,-0.3141558822435363,0.36745886654478976,0.13502601860238161,0.049616507749686845,0.7654320987654321,0.0,0.0,62.0,19.0,1.0,0.0,0.0,0.0,0.0,0.0,0.0,0.0,3.0,6.0,2.0,1.0,5.0,12.836740757757024,3.169925001442312
cli_input,205,3,aspects,aspect,NNS,general,0.12796089146164635,0.05360823553308479,0.6307692307692307,0.3978698224852071,0.2509640418752844,0.7777777777777778,0.0,0.0,63.0,18.0,1.0,0.0,0.0,0.0,0.0,0.0,0.0,0.0,3.0,7.0,2.0,1.0,5.0,12.836740757757024,3.3923174227787602
cli_input,207,3,choices,choice,NNS,legal,0.16842678160751806,-0.0816837904530289,0.6253776435045317,0.39109719699528117,0.24458344343813657,0.7901234567901234,0.0,0.0,64.0,17.0,1.0,0.0,0.0,0.0,0.0,0.0,0.0,0.0,3.0,7.0,3.0,1.0,5.0,12.836740757757024,3.3923174227787602
cli_input,211,3,frequent,frequent,JJ,general,0.11488808070980099,-0.10262146673228342,0.45869565217391306,0.21040170132325142,0.09651034560696968,0.8024691358024691,0.0,0.0,65.0,16.0,0.0,0.0,1.0,0.0,0.0,0.0,0.0,0.0,3.0,8.0,3.0,1.0,5.0,12.836740757757024,3.584962500721156
cli_input,211,3,indicated,indicate,VBD,general,0.2444792389471615,-0.18653272051305375,0.6784565916398714,0.46030334673959117,0.3122958397493689,0.8148148148148148,0.0,0.0,66.0,15.0,0.0,1.0,0.0,0.0,0.0,0.0,0.0,0.0,3.0,9.0,4.0,1.0,5.0,12.836740757757024,3.7548875021634687
cli_input,212,3,positive,positive,JJ,general,0.1204868784398454,-0.1204868784398454,0.42147117296222664,0.17763794963815516,0.07486927499659819,0.8271604938271605,0.0,0.0,67.0,14.0,0.0,0.0,1.0,0.0,0.0,0.0,0.0,0.0,3.0,8.0,4.0,0.0,5.0,12.836740757757024,3.584962500721156
cli_input,215,3,amenity,amenity,NN,legal,0.07372238197958363,0.008517684741644027,0.649546827794562,0.42191108149797835,0.2740510045983847,0.8395061728395061,0.0,0.0,68.0,13.0,1.0,0.0,0.0,0.0,0.0,0.0,0.0,0.0,3.0,7.0,4.0,1.0,5.0,12.836740757757024,3.3923174227787602
cli_input,216,3,strategies,strategy,NNS,general,0.12640344662744782,-0.08372525304127558,0.4294234592445328,0.18440450734954092,0.07918762144632373,0.8518518518518519,0.0,0.0,69.0,12.0,1.0,0.0,0.0,0.0,0.0,0.0,0.0,0.0,3.0,10.0,4.0,0.0,5.0,12.251778257035868,3.9068905956085187
cli_input,216,3,definition,definition,NN,biomedical,0.14304363375466575,-0.14304363375466575,0.41064638783269963,0.16863045584004396,0.06924748756929562,0.8641975308641975,0.0,0.0,70.0,11.0,1.0,0.0,0.0,0.0,0.0,0.0,0.0,0.0,3.0,10.0,5.0,0.0,5.0,12.251778257035868,3.9068905956085187
cli_input,217,3,markedly,markedly,RB,general,0.1003444844616745,-0.1003444844616745,0.3047752808988764,0.09288797184698902,0.028309957711793,0.8765432098765432,0.0,0.0,71.0,10.0,0.0,0.0,0.0,1.0,0.0,0.0,0.0,0.0,3.0,8.0,3.0,1.0,5.0,12.836740757757024,3.584962500721156
cli_input,223,3,handle,handle,VB,general,0.1353732535434342,0.1304302249018532,0.4076782449725777,0.16620155142392107,0.06775675679622377,0.8888888888888888,0.0,0.0,72.0,9.0,0.0,1.0,0.0,0.0,0.0,0.0,0.0,0.0,3.0,6.0,2.0,1.0,5.0,12.836740757757024,3.169925001442312
cli_input,226,3,unreliable,unreliable,JJ,general,0.11874262400300198,-0.05478209157504961,0.5635910224438903,0.3176348405793496,0.17901614456591772,0.9012345679012346,0.0,0.0,73.0,8.0,0.0,0.0,1.0,0.0,0.0,0.0,0.0,0.0,3.0,10.0,5.0,0.0,5.0,12.836740757757024,3.9068905956085187
cli_input,227,3,burden,burden,NN,general,0.08244898631031203,-0.028296677600843,0.34923076923076923,0.1219621301775148,0.042592928538916705,0.9135802469135802,0.0,0.0,74.0,7.0,1.0,0.0,0.0,0.0,0.0,0.0,0.0,0.0,3.0,6.0,2.0,0.0,5.0,12.836740757757024,3.169925001442312
cli_input,227,3,extensive,extensive,JJ,finance,0.25242307627331106,-0.25242307627331106,0.5379146919431279,0.2893522158082702,0.15564680802956712,0.9259259259259259,0.0,0.0,75.0,6.0,0.0,0.0,1.0,0.0,0.0,0.0,0.0,0.0,3.0,9.0,4.0,0.0,5.0,12.836740757757024,3.7548875021634687
cli_input,239,3,types,type,NNS,general,0.18882746976588116,-0.1515400777232087,0.5532407407407407,0.30607531721536346,0.16933333521868488,0.9382716049382716,0.0,0.0,76.0,5.0,1.0,0.0,0.0,0.0,0.0,0.0,0.0,0.0,3.0,5.0,2.0,1.0,5.0,10.666815756314712,2.9068905956085187
cli_input,244,3,marked,marked,JJ,general,0.08272964400012343,-0.037884452623365775,0.34269662921348315,0.11744097967428355,0.04024662786590616,0.9506172839506173,0.0,0.0,77.0,4.0,0.0,0.0,1.0,0.0,0.0,0.0,0.0,0.0,3.0,6.0,2.0,1.0,5.0,12.836740757757024,3.169925001442312
cli_input,245,3,diverse,diverse,JJ,general,0.1156948346953929,0.1156948346953929,0.5671296296296297,0.3216360168038409,0.18240931508551164,0.9629629629629629,0.0,0.0,78.0,3.0,0.0,0.0,1.0,0.0,0.0,0.0,0.0,0.0,3.0,7.0,3.0,1.0,5.0,12.251778257035868,3.3923174227787602
cli_input,252,3,extended,extended,JJ,finance,0.20220406821480447,-0.09574428748268544,0.5971563981042654,0.35659576379685987,0.2129434418881722,0.9753086419753086,0.0,0.0,79.0,2.0,0.0,0.0,1.0,0.0,0.0,0.0,0.0,0.0,3.0,8.0,3.0,0.0,5.0,12.836740757757024,3.584962500721156
cli_input,256,3,log,log,NN,finance,0.06710066413243929,-0.06710066413243929,0.6066350710900474,0.3680061094764269,0.22324541238380402,0.9876543209876543,0.0,0.0,80.0,1.0,1.0,0.0,0.0,0.0,0.0,0.0,0.0,0.0,2.0,3.0,1.0,0.0,5.0,12.836740757757024,2.169925001442312
cli_input,299,3,exertion,exertion,NN,general,0.11490483833542475,-0.11490483833542475,0.46,0.2116,0.097336,1.0,0.0,1.0,81.0,0.0,1.0,0.0,0.0,0.0,0.0,0.0,0.0,0.0,1.0,8.0,4.0,0.0,5.0,12.836740757757024,3.584962500721156
cli_input,168,6,transitions,transition,NNS,biomedical,0.12343886635152757,0.12343886635152757,0.5045045045045045,0.25452479506533554,0.12840890561854765,0.0,1.0,0.0,0.0,84.0,1.0,0.0,0.0,0.0,0.0,0.0,0.0,0.0,1.0,11.0,4.0,1.0,5.0,12.836740757757024,4.044394119358453
cli_input,178,6,showcased,showcase,VBN,general,0.11169232981380324,-0.04049265869659553,0.6568265682656826,0.4314211407796735,0.28336886737557887,0.011904761904761904,0.0,0.0,1.0,83.0,0.0,1.0,0.0,0.0,0.0,0.0,0.0,0.0,2.0,9.0,3.0,1.0,5.0,12.836740757757024,3.7548875021634687
cli_input,181,6,regular,regular,JJ,finance,0.10768489642569339,-0.0356433059818281,0.4393203883495146,0.1930024036195683,0.08478989091053851,0.023809523809523808,0.0,0.0,2.0,82.0,0.0,0.0,1.0,0.0,0.0,0.0,0.0,0.0,3.0,7.0,3.0,0.0,5.0,12.251778257035868,3.3923174227787602
cli_input,192,6,diverse,diverse,JJ,finance,0.48831770868306607,-0.48831770868306607,0.46601941747572817,0.21717409746441702,0.10120734639118463,0.03571428571428571,0.0,0.0,3.0,81.0,0.0,0.0,1.0,0.0,0.0,0.0,0.0,0.0,3.0,7.0,3.0,0.0,5.0,12.251778257035868,3.3923174227787602
cli_input,212,6,repeated,repeated,JJ,finance,0.07781567395389075,0.0520249334867108,0.5145631067961165,0.2647751908756716,0.13624354481952033,0.047619047619047616,0.0,0.0,4.0,80.0,0.0,0.0,1.0,0.0,0.0,0.0,0.0,0.0,3.0,8.0,4.0,0.0,5.0,12.836740757757024,3.584962500721156
cli_input,234,6,reshape,reshape,VB,biomedical,0.21661371065558774,-0.1982553321559649,0.5053995680345572,0.255428723369517,0.12909356645457232,0.05952380952380952,0.0,0.0,5.0,79.0,0.0,1.0,0.0,0.0,0.0,0.0,0.0,0.0,3.0,7.0,3.0,1.0,5.0,12.836740757757024,3.3923174227787602
cli_input,245,6,significant,significant,JJ,general,0.13270503081310486,0.0875982832323021,0.7101449275362319,0.5043058181054401,0.35813021865458794,0.07142857142857142,0.0,0.0,6.0,78.0,0.0,0.0,1.0,0.0,0.0,0.0,0.0,0.0,3.0,11.0,4.0,1.0,5.0,11.514812662869662,4.044394119358453
cli_input,246,6,acting,act,VBG,biomedical,0.07998831224592676,-0.07998831224592676,0.531317494600432,0.28229828006848007,0.1499900148959959,0.08333333333333333,0.0,0.0,7.0,77.0,0.0,1.0,0.0,0.0,0.0,0.0,0.0,0.0,3.0,6.0,2.0,1.0,5.0,12.836740757757024,3.169925001442312
cli_input,247,6,Perceiving,perceive,VBG,general,0.10543674286306977,-0.020361508417134865,0.7576687116564417,0.5740618766231321,0.43494872247212774,0.09523809523809523,0.0,0.0,8.0,76.0,0.0,1.0,0.0,0.0,0.0,0.0,0.0,0.0,3.0,10.0,4.0,0.0,5.0,12.836740757757024,3.9068905956085187
cli_input,252,6,classification,classification,NN,biomedical,0.12589399784750743,-0.12589399784750743,0.5442764578833693,0.2962368626060671,0.16123475027371253,0.10714285714285714,0.0,0.0,9.0,75.0,1.0,0.0,0.0,0.0,0.0,0.0,0.0,0.0,3.0,14.0,6.0,1.0,5.0,12.836740757757024,4.392317422778761
cli_input,253,6,applied,apply,VBN,general,0.19493592405535703,-0.19493592405535703,0.8489932885906041,0.7207896040718887,0.6119455363429123,0.11904761904761904,0.0,0.0,10.0,74.0,0.0,1.0,0.0,0.0,0.0,0.0,0.0,0.0,3.0,7.0,3.0,1.0,5.0,12.251778257035868,3.3923174227787602
cli_input,254,6,body,body,NN,general,0.29496030334884293,-0.29496030334884293,0.4261744966442953,0.18162470159001845,0.07740381577829646,0.13095238095238096,0.0,0.0,11.0,73.0,1.0,0.0,0.0,0.0,0.0,0.0,0.0,0.0,3.0,4.0,2.0,0.0,5.0,9.749277916506685,2.584962500721156
cli_input,255,6,vital,vital,JJ,general,0.1271305663517182,-0.06616223072611578,0.6818181818181818,0.4648760330578512,0.31696093163035305,0.14285714285714285,0.0,0.0,12.0,72.0,0.0,0.0,1.0,0.0,0.0,0.0,0.0,0.0,3.0,5.0,2.0,0.0,5.0,12.836740757757024,2.9068905956085187
cli_input,255,6,vital,vital,JJ,general,0.3866657856510646,-0.3866657856510646,0.8173076923076923,0.6679918639053254,0.5459548887687755,0.15476190476190477,0.0,0.0,13.0,71.0,0.0,0.0,1.0,0.0,0.0,0.0,0.0,0.0,3.0,5.0,2.0,1.0,5.0,12.836740757757024,2.9068905956085187
cli_input,261,6,mission,mission,NN,general,0.09835016657584694,0.09835016657584694,0.8758389261744967,0.7670938246024954,0.6718506316149373,0.16666666666666666,0.0,0.0,14.0,70.0,1.0,0.0,0.0,0.0,0.0,0.0,0.0,0.0,3.0,7.0,3.0,1.0,5.0,12.836740757757024,3.3923174227787602
cli_input,261,6,lowerring,lower,VBG,biomedical,0.08530523585355385,-0.08530523585355385,0.5262096774193549,0.27689662460978154,0.14570568351442134,0.17857142857142858,0.0,0.0,15.0,69.0,0.0,1.0,0.0,0.0,0.0,0.0,0.0,0.0,3.0,9.0,3.0,1.0,5.0,10.02938583569942,3.7548875021634687
cli_input,261,6,spheres,sphere,NNS,biomedical,0.06650010551209058,-0.06650010551209058,0.380466472303207,0.14475473654684698,0.05507432396315899,0.19047619047619047,0.0,0.0,16.0,68.0,1.0,0.0,0.0,0.0,0.0,0.0,0.0,0.0,3.0,7.0,2.0,1.0,5.0,12.836740757757024,3.3923174227787602
cli_input,263,6,change,change,NN,general,0.09475891818381439,-0.07986943794444037,0.8067484662576687,0.6508430878091008,0.5250666628643973,0.20238095238095238,0.0,0.0,17.0,67.0,1.0,0.0,0.0,0.0,0.0,0.0,0.0,0.0,3.0,6.0,2.0,0.0,5.0,11.836740757757024,3.169925001442312
cli_input,266,6,system,system,NN,general,0.14750878607129883,-0.11804170210597524,0.6186046511627907,0.382671714440238,0.2367225024211705,0.21428571428571427,0.0,0.0,18.0,66.0,1.0,0.0,0.0,0.0,0.0,0.0,0.0,0.0,3.0,6.0,2.0,0.0,5.0,9.836740757757024,3.169925001442312
cli_input,273,6,people,people,NN,general,0.15015749138973744,-0.15015749138973744,0.8374233128834356,0.7012778049606685,0.5872663826817869,0.2261904761904762,0.0,0.0,19.0,65.0,1.0,0.0,0.0,0.0,0.0,0.0,0.0,0.0,3.0,6.0,3.0,0.25,4.0,9.444423334978264,3.169925001442312
cli_input,277,6,remedies,remedy,NNS,general,0.1387194979209317,0.008435698688823526,0.9172185430463576,0.841289855708083,0.7716466557322483,0.23809523809523808,0.0,0.0,20.0,64.0,1.0,0.0,0.0,0.0,0.0,0.0,0.0,0.0,3.0,8.0,4.0,1.0,3.0,12.836740757757024,3.584962500721156
cli_input,278,6,locating,locate,VBG,general,0.13444659356491126,-0.020390582620759923,0.7988505747126436,0.6381622407187211,0.5097962727580587,0.25,0.0,0.0,21.0,63.0,0.0,1.0,0.0,0.0,0.0,0.0,0.0,0.0,3.0,8.0,3.0,1.0,5.0,12.836740757757024,3.584962500721156
cli_input,278,6,stretch,stretch,NN,biomedical,0.3027867925043193,-0.3027867925043193,0.7354497354497355,0.5408863133730859,0.3977946960786187,0.2619047619047619,0.0,0.0,22.0,62.0,1.0,0.0,0.0,0.0,0.0,0.0,0.0,0.0,3.0,7.0,1.0,0.0,5.0,12.836740757757024,3.3923174227787602
cli_input,282,6,challenges,challenge,NNS,general,0.14394421048019954,-0.12026061746833974,0.8173913043478261,0.6681285444234405,0.5461224623982905,0.27380952380952384,0.0,0.0,23.0,61.0,1.0,0.0,0.0,0.0,0.0,0.0,0.0,0.0,3.0,10.0,3.0,1.0,5.0,12.836740757757024,3.9068905956085187
cli_input,283,6,choice,choice,NN,general,0.04660847488112605,0.026886946626279596,0.5671342685370742,0.32164127854908214,0.18241379124126303,0.2857142857142857,0.0,0.0,24.0,60.0,1.0,0.0,0.0,0.0,0.0,0.0,0.0,0.0,3.0,6.0,3.0,0.0,5.0,12.836740757757024,3.169925001442312
cli_input,288,6,diversity,diversity,NN,general,0.12101495418197375,-0.05708609688699231,0.8275862068965517,0.6848989298454221,0.5668129074582804,0.2976190476190476,0.0,0.0,25.0,59.0,1.0,0.0,0.0,0.0,0.0,0.0,0.0,0.0,3.0,9.0,4.0,1.0,5.0,12.836740757757024,3.7548875021634687
cli_input,288,6,burden,burden,NN,biomedical,0.15754748659096257,-0.09353701899474372,0.7619047619047619,0.5804988662131518,0.44228485044811566,0.30952380952380953,0.0,0.0,26.0,58.0,1.0,0.0,0.0,0.0,0.0,0.0,0.0,0.0,3.0,6.0,2.0,0.0,5.0,12.836740757757024,3.169925001442312
cli_input,289,6,amplify,amplify,VB,general,0.1691154536990601,-0.1691154536990601,0.5791583166332666,0.335424355725479,0.19426380521976644,0.32142857142857145,0.0,0.0,27.0,57.0,0.0,1.0,0.0,0.0,0.0,0.0,0.0,0.0,3.0,7.0,3.0,0.0,5.0,12.836740757757024,3.3923174227787602
cli_input,290,6,division,division,NN,general,0.15230993430200862,-0.1250765599709876,0.9294871794871795,0.8639464168310322,0.8030271182083313,0.3333333333333333,0.0,0.0,28.0,56.0,1.0,0.0,0.0,0.0,0.0,0.0,0.0,0.0,3.0,8.0,4.0,1.0,5.0,12.836740757757024,3.584962500721156
cli_input,290,6,exercise,exercise,VB,general,0.04750053832433858,-0.04730363389307106,0.8169014084507042,0.6673279111287443,0.5451411104995376,0.34523809523809523,0.0,0.0,29.0,55.0,0.0,1.0,0.0,0.0,0.0,0.0,0.0,0.0,3.0,8.0,4.0,0.0,5.0,12.836740757757024,3.584962500721156
cli_input,291,6,lowerring,lower,VBG,biomedical,0.13687100965375737,-0.13687100965375737,0.5866935483870968,0.3442093197190426,0.2019453871738738,0.35714285714285715,0.0,0.0,30.0,54.0,0.0,1.0,0.0,0.0,0.0,0.0,0.0,0.0,3.0,9.0,3.0,1.0,5.0,10.02938583569942,3.7548875021634687
cli_input,294,6,frameworks,framework,NNS,general,0.1542963731605188,-0.1542963731605188,0.6805555555555556,0.4631558641975309,0.31520329646776407,0.36904761904761907,0.0,0.0,31.0,53.0,1.0,0.0,0.0,0.0,0.0,0.0,0.0,0.0,3.0,10.0,3.0,1.0,5.0,12.836740757757024,3.9068905956085187
cli_input,295,6,aspects,aspect,NNS,general,0.12371838876857191,-0.12371838876857191,0.817174515235457,0.6677741883503042,0.5456880486519106,0.38095238095238093,0.0,0.0,32.0,52.0,1.0,0.0,0.0,0.0,0.0,0.0,0.0,0.0,3.0,7.0,2.0,1.0,5.0,12.836740757757024,3.3923174227787602
cli_input,296,6,disappointment,disappointment,NN,biomedical,0.02240147740010854,-0.004706356685794733,0.4314868804664723,0.18618092801468777,0.08033462783141047,0.39285714285714285,0.0,0.0,33.0,51.0,1.0,0.0,0.0,0.0,0.0,0.0,0.0,0.0,3.0,14.0,5.0,1.0,5.0,12.836740757757024,4.392317422778761
cli_input,296,6,diversity,diversity,NN,general,0.21750178638489528,-0.21750178638489528,0.8338028169014085,0.6952271374727237,0.5796823456110597,0.40476190476190477,0.0,0.0,34.0,50.0,1.0,0.0,0.0,0.0,0.0,0.0,0.0,0.0,3.0,9.0,4.0,0.0,5.0,12.836740757757024,3.7548875021634687
cli_input,299,6,imports,import,NNS,biomedical,0.20056672238158377,-0.20056672238158377,0.6268343815513627,0.3929213418948794,0.24629660634500827,0.4166666666666667,0.0,0.0,35.0,49.0,1.0,0.0,0.0,0.0,0.0,0.0,0.0,0.0,3.0,7.0,2.0,1.0,5.0,12.836740757757024,3.3923174227787602
cli_input,300,6,strategies,strategy,NNS,general,0.07948590847626176,-0.06967467004754177,0.8450704225352113,0.7141440190438405,0.6035019879243723,0.42857142857142855,0.0,0.0,36.0,48.0,1.0,0.0,0.0,0.0,0.0,0.0,0.0,0.0,3.0,10.0,4.0,0.0,5.0,12.251778257035868,3.9068905956085187
cli_input,300,6,often,often,RB,general,0.08221953528105044,-0.075526890319538,0.5725190839694656,0.32777810150923603,0.1876592184213183,0.44047619047619047,0.0,0.0,37.0,47.0,0.0,0.0,0.0,1.0,0.0,0.0,0.0,0.0,3.0,5.0,2.0,1.0,5.0,9.588813244313439,2.9068905956085187
cli_input,301,6,types,type,NNS,general,0.2886543559818485,-0.2886543559818485,0.7900262467191601,0.6241414705051632,0.4930881433649715,0.4523809523809524,0.0,0.0,38.0,46.0,1.0,0.0,0.0,0.0,0.0,0.0,0.0,0.0,3.0,5.0,2.0,0.0,5.0,10.666815756314712,2.9068905956085187
cli_input,304,6,spheres,sphere,NNS,general,0.23034840494911676,-0.20113718425441407,0.9325153374233128,0.869584854529715,0.8109012140399796,0.4642857142857143,0.0,0.0,39.0,45.0,1.0,0.0,0.0,0.0,0.0,0.0,0.0,0.0,3.0,7.0,2.0,0.4,5.0,12.836740757757024,3.3923174227787602
cli_input,305,6,consequences,consequence,NNS,general,0.1675746251538115,-0.1675746251538115,0.800524934383202,0.6408401705692299,0.5130085354950528,0.47619047619047616,0.0,0.0,40.0,44.0,1.0,0.0,0.0,0.0,0.0,0.0,0.0,0.0,3.0,12.0,5.0,0.0,5.0,11.836740757757024,4.169925001442312
cli_input,306,6,outputs,output,NNS,general,0.05694355616402056,0.053513159170694255,0.8793103448275862,0.7731866825208086,0.6798710484234696,0.4880952380952381,0.0,0.0,41.0,43.0,1.0,0.0,0.0,0.0,0.0,0.0,0.0,0.0,3.0,7.0,3.0,1.0,5.0,12.836740757757024,3.3923174227787602
cli_input,307,6,complications,complication,NNS,biomedical,0.2696398423108503,-0.26503066037663087,0.8121693121693122,0.6596189916295737,0.5357223027256062,0.5,0.0,0.0,42.0,42.0,1.0,0.0,0.0,0.0,0.0,0.0,0.0,0.0,3.0,13.0,5.0,0.0,5.0,12.836740757757024,4.285402218862249
cli_input,307,6,resilient,resilient,JJ,general,0.06932273766426204,-0.024963801870358092,0.7309523809523809,0.5342913832199546,0.39054155868696677,0.5119047619047619,0.0,0.0,43.0,41.0,0.0,0.0,1.0,0.0,0.0,0.0,0.0,0.0,3.0,9.0,4.0,0.0,5.0,12.836740757757024,3.7548875021634687
cli_input,309,6,frustration,frustration,NN,biomedical,0.09845847556254975,-0.09845847556254975,0.6477987421383647,0.41964321031604757,0.2718443437896409,0.5238095238095238,0.0,0.0,44.0,40.0,1.0,0.0,0.0,0.0,0.0,0.0,0.0,0.0,3.0,11.0,4.0,1.0,5.0,12.836740757757024,4.044394119358453
cli_input,312,6,realize,realize,VB,general,0.3484860452898337,-0.3484860452898337,0.8788732394366198,0.772418170997818,0.6788576601445612,0.5357142857142857,0.0,0.0,45.0,39.0,0.0,1.0,0.0,0.0,0.0,0.0,0.0,0.0,3.0,7.0,4.0,0.0,5.0,12.836740757757024,3.3923174227787602
cli_input,314,6,often,often,RB,general,0.1164067994868884,-0.0883311604190935,0.8698060941828255,0.7565626414775823,0.6580627961882572,0.5476190476190477,0.0,0.0,46.0,38.0,0.0,0.0,0.0,1.0,0.0,0.0,0.0,0.0,3.0,5.0,2.0,1.0,5.0,9.588813244313439,2.9068905956085187
cli_input,315,6,commonly,commonly,RB,general,0.2873738115748676,-0.2873738115748676,0.6262425447316103,0.392179724831923,0.24559962887088616,0.5595238095238095,0.0,0.0,47.0,37.0,0.0,0.0,0.0,1.0,0.0,0.0,0.0,0.0,3.0,8.0,3.0,0.0,5.0,11.836740757757024,3.584962500721156
cli_input,315,6,often,often,RB,general,0.16410443105318795,0.16410443105318795,0.813953488372093,0.662520281233099,0.539260694026941,0.5714285714285714,0.0,0.0,48.0,36.0,0.0,0.0,0.0,1.0,0.0,0.0,0.0,0.0,3.0,5.0,2.0,1.0,5.0,9.588813244313439,2.9068905956085187
cli_input,316,6,ends,end,NNS,general,0.2033762459090432,-0.2033762459090432,0.8901408450704226,0.792350724062686,0.7053037431093205,0.5833333333333334,0.0,0.0,49.0,35.0,1.0,0.0,0.0,0.0,0.0,0.0,0.0,0.0,3.0,4.0,1.0,0.0,5.0,11.836740757757024,2.584962500721156
cli_input,316,6,classification,classification,NN,general,0.1467490661424844,0.1467490661424844,0.5776965265082267,0.33373327673967024,0.19279655475271626,0.5952380952380952,0.0,0.0,50.0,34.0,1.0,0.0,0.0,0.0,0.0,0.0,0.0,0.0,3.0,14.0,6.0,1.0,5.0,12.836740757757024,4.392317422778761
cli_input,317,6,deployed,deploy,VBD,general,0.23850604442688708,-0.23850604442688708,0.6302186878727635,0.39717559454406764,0.25030748204864706,0.6071428571428571,0.0,0.0,51.0,33.0,0.0,1.0,0.0,0.0,0.0,0.0,0.0,0.0,3.0,8.0,4.0,0.0,5.0,12.836740757757024,3.584962500721156
cli_input,319,6,effects,effect,NNS,general,0.1781183768675214,-0.15879114585165754,0.6367265469061876,0.4054206955350775,0.2581421195123547,0.6190476190476191,0.0,0.0,52.0,32.0,1.0,0.0,0.0,0.0,0.0,0.0,0.0,0.0,3.0,7.0,2.0,0.6,5.0,10.666815756314712,3.3923174227787602
cli_input,321,6,mechanisms,mechanism,NNS,general,0.08751332329391844,-0.07588794216855135,0.6381709741550696,0.40726219225403054,0.25990290996728393,0.6309523809523809,0.0,0.0,53.0,31.0,1.0,0.0,0.0,0.0,0.0,0.0,0.0,0.0,3.0,10.0,3.0,0.0,5.0,12.836740757757024,3.9068905956085187
cli_input,325,6,provision,provision,NN,general,0.07507651123087791,-0.05599745810405525,0.6487025948103793,0.42081505651371914,0.272983819095726,0.6428571428571429,0.0,0.0,54.0,30.0,1.0,0.0,0.0,0.0,0.0,0.0,0.0,0.0,3.0,9.0,4.0,0.0,5.0,12.836740757757024,3.7548875021634687
cli_input,325,6,craft,craft,VB,general,0.08979525392089487,-0.07660046081166874,0.6461232604373758,0.4174752676782249,0.2697404811042209,0.6547619047619048,0.0,0.0,55.0,29.0,0.0,1.0,0.0,0.0,0.0,0.0,0.0,0.0,3.0,5.0,1.0,0.0,5.0,12.836740757757024,2.9068905956085187
cli_input,329,6,significance,significance,NN,general,0.1679017323395721,-0.1679017323395721,0.6540755467196819,0.42781482081665084,0.27982321282043365,0.6666666666666666,0.0,0.0,56.0,28.0,1.0,0.0,0.0,0.0,0.0,0.0,0.0,0.0,3.0,12.0,5.0,0.0,5.0,12.251778257035868,4.169925001442312
cli_input,330,6,applied,apply,VBN,biomedical,0.14255552362313068,-0.14255552362313068,0.6273764258555133,0.3936011797192384,0.24693610134476937,0.6785714285714286,0.0,0.0,57.0,27.0,0.0,1.0,0.0,0.0,0.0,0.0,0.0,0.0,3.0,7.0,3.0,0.0,5.0,12.251778257035868,3.3923174227787602
cli_input,333,6,proper,proper,JJ,general,0.1654670630351387,-0.1654670630351387,0.7637614678899083,0.5833315798333474,0.44552618368005664,0.6904761904761905,0.0,0.0,58.0,26.0,0.0,0.0,1.0,0.0,0.0,0.0,0.0,0.0,3.0,6.0,2.0,1.0,5.0,10.836740757757024,3.169925001442312
cli_input,333,6,stretch,stretch,NN,general,0.21120809007179292,-0.21120809007179292,0.9380281690140845,0.8798968458639158,0.8253680272469971,0.7023809523809523,0.0,0.0,59.0,25.0,1.0,0.0,0.0,0.0,0.0,0.0,0.0,0.0,3.0,7.0,1.0,0.0,5.0,12.836740757757024,3.3923174227787602
cli_input,338,6,explore,explore,VB,biomedical,0.19677084438967177,-0.19677084438967177,0.6425855513307985,0.4129161907791063,0.2653339781052052,0.7142857142857143,0.0,0.0,60.0,24.0,0.0,1.0,0.0,0.0,0.0,0.0,0.0,0.0,3.0,7.0,3.0,0.0,5.0,12.836740757757024,3.3923174227787602
cli_input,341,6,different,different,JJ,general,0.16220178087713794,-0.16220178087713794,0.9605633802816902,0.922682007538187,0.8862945480859769,0.7261904761904762,0.0,0.0,61.0,23.0,0.0,0.0,1.0,0.0,0.0,0.0,0.0,0.0,3.0,9.0,3.0,0.0,5.0,9.02938583569942,3.7548875021634687
cli_input,343,6,manners,manner,NNS,general,0.22777346948004254,-0.22777346948004254,0.9661971830985916,0.9335369966276533,0.9019808164599581,0.7380952380952381,0.0,0.0,62.0,22.0,1.0,0.0,0.0,0.0,0.0,0.0,0.0,0.0,3.0,7.0,2.0,0.0,5.0,12.836740757757024,3.3923174227787602
cli_input,347,6,observe,observe,VB,general,0.23110436424047073,-0.1830250401718104,0.9774647887323944,0.9554374132116644,0.933906429251965,0.75,0.0,0.0,63.0,21.0,0.0,1.0,0.0,0.0,0.0,0.0,0.0,0.0,3.0,7.0,3.0,0.0,5.0,12.836740757757024,3.3923174227787602
cli_input,347,6,strong,strong,JJ,general,0.07521869326107584,0.07521869326107584,0.896640826873385,0.8039647724161876,0.7208676383163232,0.7619047619047619,0.0,0.0,64.0,20.0,0.0,0.0,1.0,0.0,0.0,0.0,0.0,0.0,3.0,6.0,1.0,1.0,5.0,11.836740757757024,3.169925001442312
cli_input,350,6,meanings,meaning,NNS,biomedical,0.09829692557087388,-0.09829692557087388,0.5882352941176471,0.34602076124567477,0.20354162426216163,0.7738095238095238,0.0,0.0,65.0,19.0,1.0,0.0,0.0,0.0,0.0,0.0,0.0,0.0,3.0,8.0,3.0,1.0,5.0,11.836740757757024,3.584962500721156
cli_input,352,6,indicate,indicate,VB,general,0.07748035907382296,0.018038543742440162,0.7652173913043478,0.5855576559546314,0.4480789019478919,0.7857142857142857,0.0,0.0,66.0,18.0,0.0,1.0,0.0,0.0,0.0,0.0,0.0,0.0,3.0,8.0,4.0,1.0,5.0,12.251778257035868,3.584962500721156
cli_input,353,6,fostered,foster,VBD,general,0.14295810618317267,-0.013349059876951879,0.9121447028423773,0.8320079589234087,0.7589116524546855,0.7976190476190477,0.0,0.0,67.0,17.0,0.0,1.0,0.0,0.0,0.0,0.0,0.0,0.0,3.0,8.0,3.0,1.0,5.0,12.836740757757024,3.584962500721156
cli_input,354,6,connotations,connotation,NNS,biomedical,0.21195397616520353,-0.21195397616520353,0.6730038022813688,0.45293411788517973,0.3048263835196837,0.8095238095238095,0.0,0.0,68.0,16.0,1.0,0.0,0.0,0.0,0.0,0.0,0.0,0.0,3.0,12.0,5.0,0.0,5.0,12.836740757757024,4.169925001442312
cli_input,359,6,entail,entail,VB,general,0.1507863678321771,-0.1507863678321771,0.5042134831460674,0.2542312365862896,0.128186817323705,0.8214285714285714,0.0,0.0,69.0,15.0,0.0,1.0,0.0,0.0,0.0,0.0,0.0,0.0,3.0,6.0,3.0,1.0,5.0,12.836740757757024,3.169925001442312
cli_input,359,6,power,power,NN,general,0.10705342067860793,-0.051207205980749126,0.6468468468468469,0.4184108432757082,0.2706477346594221,0.8333333333333334,0.0,0.0,70.0,14.0,1.0,0.0,0.0,0.0,0.0,0.0,0.0,0.0,3.0,5.0,2.0,0.0,5.0,12.251778257035868,2.9068905956085187
cli_input,360,6,body,body,NN,biomedical,0.153319893184117,-0.14401269053989124,0.6844106463878327,0.4684179328890109,0.32059022022822037,0.8452380952380952,0.0,0.0,71.0,13.0,1.0,0.0,0.0,0.0,0.0,0.0,0.0,0.0,3.0,4.0,2.0,0.0,5.0,9.749277916506685,2.584962500721156
cli_input,368,6,important,important,JJ,general,0.09486358386920213,0.09486358386920213,0.8440366972477065,0.7123979463008165,0.6012900097217901,0.8571428571428571,0.0,0.0,72.0,12.0,0.0,0.0,1.0,0.0,0.0,0.0,0.0,0.0,3.0,9.0,3.0,1.0,5.0,7.9540977083951825,3.7548875021634687
cli_input,373,6,preclude,preclude,VB,general,0.3052945272050187,-0.3052945272050187,0.9301745635910225,0.8652247187517491,0.8048100251730733,0.8690476190476191,0.0,0.0,73.0,11.0,0.0,1.0,0.0,0.0,0.0,0.0,0.0,0.0,3.0,8.0,3.0,0.2,5.0,12.836740757757024,3.584962500721156
cli_input,373,6,time,time,NN,general,0.09986761322294394,-0.021298725047094243,0.9638242894056848,0.9289572608483732,0.8953515718254347,0.8809523809523809,0.0,0.0,74.0,10.0,1.0,0.0,0.0,0.0,0.0,0.0,0.0,0.0,3.0,4.0,2.0,1.0,5.0,10.377309139119726,2.584962500721156
cli_input,378,6,features,feature,NNS,finance,0.12614219644514568,-0.10540488897837656,0.8957345971563981,0.8023404685429348,0.7186841163725814,0.8928571428571429,0.0,0.0,75.0,9.0,1.0,0.0,0.0,0.0,0.0,0.0,0.0,0.0,3.0,8.0,4.0,0.0,5.0,11.836740757757024,3.584962500721156
cli_input,384,6,selection,selection,NN,general,0.061055569546351454,-0.061055569546351454,0.5393258426966292,0.2908723646004292,0.15687498315528767,0.9047619047619048,0.0,0.0,76.0,8.0,1.0,0.0,0.0,0.0,0.0,0.0,0.0,0.0,3.0,9.0,4.0,1.0,5.0,12.836740757757024,3.7548875021634687
cli_input,385,6,burden,burden,NN,general,0.0839387479170213,-0.0839387479170213,0.9948320413436692,0.989690790484012,0.9845761093962392,0.9166666666666666,0.0,0.0,77.0,7.0,1.0,0.0,0.0,0.0,0.0,0.0,0.0,0.0,3.0,6.0,2.0,1.0,5.0,12.836740757757024,3.169925001442312
cli_input,399,6,dilemmas,dilemma,NNS,general,0.13193871225816411,-0.13193871225816411,0.9950124688279302,0.9900498131230526,0.9851119088181995,0.9285714285714286,0.0,0.0,78.0,6.0,1.0,0.0,0.0,0.0,0.0,0.0,0.0,0.0,3.0,8.0,3.0,0.0,5.0,12.836740757757024,3.584962500721156
cli_input,403,6,demands,demand,NNS,finance,0.06968078508914237,-0.06968078508914237,0.9549763033175356,0.9119797398980257,0.8709190407083042,0.9404761904761905,0.0,0.0,79.0,5.0,1.0,0.0,0.0,0.0,0.0,0.0,0.0,0.0,3.0,7.0,2.0,0.0,5.0,12.836740757757024,3.3923174227787602
cli_input,415,6,sphere,sphere,NN,general,0.03436004120921625,-0.02785535688009295,0.6384615384615384,0.4076331360946745,0.26025807919890753,0.9523809523809523,0.0,0.0,80.0,4.0,1.0,0.0,0.0,0.0,0.0,0.0,0.0,0.0,3.0,6.0,2.0,0.0,5.0,12.836740757757024,3.169925001442312
cli_input,427,6,straightforward,straightforward,JJ,general,0.21729211353841302,-0.21729211353841302,0.6569230769230769,0.43154792899408284,0.2834937933545744,0.9642857142857143,0.0,0.0,81.0,3.0,0.0,0.0,1.0,0.0,0.0,0.0,0.0,0.0,3.0,15.0,4.0,0.0,5.0,12.836740757757024,4.491853096329675
cli_input,431,6,installations,installation,NNS,general,0.10524125552327539,-0.048800046804722316,0.6630769230769231,0.4396710059171598,0.29153569776968596,0.9761904761904762,0.0,0.0,82.0,2.0,1.0,0.0,0.0,0.0,0.0,0.0,0.0,0.0,3.0,13.0,5.0,0.0,5.0,12.836740757757024,4.285402218862249
cli_input,444,6,requirements,requirement,NNS,general,0.061438687718796015,-0.04539718520028133,0.683076923076923,0.4665940828402366,0.31871965043240774,0.9880952380952381,0.0,0.0,83.0,1.0,1.0,0.0,0.0,0.0,0.0,0.0,0.0,0.0,2.0,12.0,5.0,0.0,5.0,12.836740757757024,4.169925001442312
cli_input,452,6,strain,strain,NN,general,0.06643007412289839,0.010428555255098093,0.6953846153846154,0.48355976331360945,0.33626002002731,1.0,0.0,1.0,84.0,0.0,1.0,0.0,0.0,0.0,0.0,0.0,0.0,0.0,1.0,6.0,2.0,0.0,5.0,12.836740757757024,3.169925001442312
cli_input,194,5,outputs,output,NNS,general,0.24970101173758463,-0.24970101173758463,0.32550335570469796,0.10595243457501913,0.03448787299925119,0.0,1.0,0.0,0.0,76.0,1.0,0.0,0.0,0.0,0.0,0.0,0.0,0.0,1.0,7.0,3.0,0.0,5.0,12.836740757757024,3.3923174227787602
cli_input,200,5,employed,employ,VBN,general,0.04365136068408925,0.013638336862052527,0.5797101449275363,0.3360638521319051,0.19481962442429282,0.013157894736842105,0.0,0.0,1.0,75.0,0.0,1.0,0.0,0.0,0.0,0.0,0.0,0.0,2.0,8.0,4.0,1.0,5.0,12.836740757757024,3.584962500721156
cli_input,206,5,types,type,NNS,general,0.041094695439491215,-0.02975831637980033,0.5971014492753624,0.3565301407267381,0.2128846637382842,0.02631578947368421,0.0,0.0,2.0,74.0,1.0,0.0,0.0,0.0,0.0,0.0,0.0,0.0,3.0,5.0,2.0,1.0,5.0,10.666815756314712,2.9068905956085187
cli_input,208,5,warm,warm,JJ,general,0.08268223045603162,-0.06407376002352445,0.46952595936794583,0.2204546265203899,0.10350917001408827,0.039473684210526314,0.0,0.0,3.0,73.0,0.0,0.0,1.0,0.0,0.0,0.0,0.0,0.0,3.0,4.0,1.0,1.0,4.0,12.836740757757024,2.584962500721156
cli_input,211,5,factors,factor,NNS,general,0.05779938517464034,-0.05779938517464034,0.5538057742782152,0.30670083562389344,0.1698526937444659,0.05263157894736842,0.0,0.0,4.0,72.0,1.0,0.0,0.0,0.0,0.0,0.0,0.0,0.0,3.0,7.0,2.0,0.0,5.0,10.251778257035868,3.3923174227787602
cli_input,213,5,abate,abate,VB,finance,0.20314875263922513,-0.20314875263922513,0.5023584905660378,0.25236405304378784,0.12677722476020475,0.06578947368421052,0.0,0.0,5.0,71.0,0.0,1.0,0.0,0.0,0.0,0.0,0.0,0.0,3.0,5.0,3.0,1.0,5.0,12.836740757757024,2.9068905956085187
cli_input,217,5,frequent,frequent,JJ,general,0.11063308474668845,-0.10022036154871831,0.3640939597315436,0.13256441151299492,0.048265901507248146,0.07894736842105263,0.0,0.0,6.0,70.0,0.0,0.0,1.0,0.0,0.0,0.0,0.0,0.0,3.0,8.0,3.0,0.0,5.0,12.836740757757024,3.584962500721156
cli_input,218,5,create,create,VB,general,0.13863837202322843,-0.038128289856075505,0.6987179487179487,0.48820677186061795,0.34111883418466254,0.09210526315789473,0.0,0.0,7.0,69.0,0.0,1.0,0.0,0.0,0.0,0.0,0.0,0.0,3.0,6.0,3.0,1.0,5.0,11.836740757757024,3.169925001442312
cli_input,221,5,result,result,NN,general,0.06380358460971625,-0.046340543532644496,0.37080536912751677,0.13749662177379396,0.05098448559061823,0.10526315789473684,0.0,0.0,8.0,68.0,1.0,0.0,0.0,0.0,0.0,0.0,0.0,0.0,3.0,6.0,2.0,0.0,5.0,11.514812662869662,3.169925001442312
cli_input,222,5,curtail,curtail,VB,general,0.15407289531728527,-0.12606882775956466,0.5935828877005348,0.3523406445709057,0.20914337725866597,0.11842105263157894,0.0,0.0,9.0,67.0,0.0,1.0,0.0,0.0,0.0,0.0,0.0,0.0,3.0,7.0,3.0,0.0,5.0,12.836740757757024,3.3923174227787602
cli_input,225,5,structure,structure,NN,general,0.04550123714394947,-0.04157748630830551,0.646551724137931,0.4180291319857313,0.2702774560252573,0.13157894736842105,0.0,0.0,10.0,66.0,1.0,0.0,0.0,0.0,0.0,0.0,0.0,0.0,3.0,9.0,3.0,1.0,5.0,11.836740757757024,3.7548875021634687
cli_input,225,5,identify,identify,VB,finance,0.09785268701139409,0.06157464170941469,0.5319148936170213,0.282933454051607,0.15049651811255693,0.14473684210526316,0.0,0.0,11.0,65.0,0.0,1.0,0.0,0.0,0.0,0.0,0.0,0.0,3.0,8.0,4.0,1.0,5.0,12.836740757757024,3.584962500721156
cli_input,226,5,system,system,NN,general,0.11042339687337246,-0.09627584433443341,0.7040498442367601,0.49568618316980617,0.34898778005101616,0.15789473684210525,0.0,0.0,12.0,64.0,1.0,0.0,0.0,0.0,0.0,0.0,0.0,0.0,3.0,6.0,2.0,0.0,5.0,9.836740757757024,3.169925001442312
cli_input,228,5,exertion,exertion,NN,biomedical,0.15319588639204335,-0.10492902891203677,0.6031746031746031,0.36381960191484,0.2194467440121257,0.17105263157894737,0.0,0.0,13.0,63.0,1.0,0.0,0.0,0.0,0.0,0.0,0.0,0.0,3.0,8.0,4.0,0.0,5.0,12.836740757757024,3.584962500721156
cli_input,229,5,strategy,strategy,NN,general,0.09953262659029005,-0.09953262659029005,0.5169300225733634,0.267216648237698,0.13813230800549173,0.18421052631578946,0.0,0.0,14.0,62.0,1.0,0.0,0.0,0.0,0.0,0.0,0.0,0.0,3.0,8.0,3.0,1.0,5.0,12.251778257035868,3.584962500721156
cli_input,230,5,repeatedly,repeatedly,RB,general,0.19392374003323223,0.19392374003323223,0.7718120805369127,0.5956938876627179,0.45976373880008425,0.19736842105263158,0.0,0.0,15.0,61.0,0.0,0.0,0.0,1.0,0.0,0.0,0.0,0.0,3.0,10.0,5.0,1.0,5.0,12.836740757757024,3.9068905956085187
cli_input,231,5,repeatedly,repeatedly,RB,general,0.16877308101489832,-0.16877308101489832,0.5372093023255814,0.2885938345051379,0.15503529248996945,0.21052631578947367,0.0,0.0,16.0,60.0,0.0,0.0,0.0,1.0,0.0,0.0,0.0,0.0,3.0,10.0,5.0,0.2,5.0,12.836740757757024,3.9068905956085187
cli_input,233,5,facets,facet,NNS,biomedical,0.23487945770320245,-0.23487945770320245,0.6164021164021164,0.37995156910500827,0.23420295132663208,0.2236842105263158,0.0,0.0,17.0,59.0,1.0,0.0,0.0,0.0,0.0,0.0,0.0,0.0,3.0,6.0,2.0,0.0,5.0,12.836740757757024,3.169925001442312
cli_input,234,5,aspects,aspect,NNS,general,0.15289016608404807,-0.1467164941186063,0.6782608695652174,0.4600378071833648,0.3120256431330648,0.23684210526315788,0.0,0.0,18.0,58.0,1.0,0.0,0.0,0.0,0.0,0.0,0.0,0.0,3.0,7.0,2.0,1.0,5.0,12.836740757757024,3.3923174227787602
cli_input,235,5,diverse,diverse,JJ,finance,0.24469846757868535,-0.24469846757868535,0.5542452830188679,0.307187833748665,0.17025740785598176,0.25,0.0,0.0,19.0,57.0,0.0,0.0,1.0,0.0,0.0,0.0,0.0,0.0,3.0,7.0,3.0,1.0,5.0,12.251778257035868,3.3923174227787602
cli_input,237,5,bases,basis,NNS,finance,0.09973593492676183,-0.07707270672327113,0.5589622641509434,0.31243881274474905,0.17464150618043756,0.2631578947368421,0.0,0.0,20.0,56.0,1.0,0.0,0.0,0.0,0.0,0.0,0.0,0.0,3.0,5.0,2.0,1.0,5.0,12.836740757757024,2.9068905956085187
cli_input,238,5,transitions,transition,NNS,general,0.0612371489451593,-0.0612371489451593,0.7986577181208053,0.6378541507139317,0.5094271405030729,0.27631578947368424,0.0,0.0,21.0,55.0,1.0,0.0,0.0,0.0,0.0,0.0,0.0,0.0,3.0,11.0,4.0,1.0,5.0,12.836740757757024,4.044394119358453
cli_input,238,5,output,output,NN,biomedical,0.09660602483002542,0.039516193921651024,0.3469387755102041,0.12036651395251978,0.04175981096311911,0.2894736842105263,0.0,0.0,22.0,54.0,1.0,0.0,0.0,0.0,0.0,0.0,0.0,0.0,3.0,6.0,3.0,1.0,5.0,12.836740757757024,3.169925001442312
cli_input,238,5,essential,essential,JJ,general,0.1453262443792295,0.058692682733670676,0.5666666666666667,0.32111111111111107,0.18196296296296294,0.3026315789473684,0.0,0.0,23.0,53.0,0.0,0.0,1.0,0.0,0.0,0.0,0.0,0.0,3.0,9.0,4.0,0.0,5.0,12.836740757757024,3.7548875021634687
cli_input,242,5,intricate,intricate,JJ,general,0.1479624128447615,-0.12776796492512096,0.7423312883435583,0.5510557416538071,0.4090659186509857,0.3157894736842105,0.0,0.0,24.0,52.0,0.0,0.0,1.0,0.0,0.0,0.0,0.0,0.0,3.0,9.0,4.0,0.0,5.0,12.836740757757024,3.7548875021634687
cli_input,242,5,warm,warm,JJ,general,0.24463840573746892,-0.24463840573746892,0.6470588235294118,0.41868512110726647,0.2709139018929371,0.32894736842105265,0.0,0.0,25.0,51.0,0.0,0.0,1.0,0.0,0.0,0.0,0.0,0.0,3.0,4.0,1.0,0.25,4.0,12.836740757757024,2.584962500721156
cli_input,243,5,exertion,exertion,NN,biomedical,0.11628992134764307,-0.11628992134764307,0.6428571428571429,0.41326530612244905,0.26567055393586014,0.34210526315789475,0.0,0.0,26.0,50.0,1.0,0.0,0.0,0.0,0.0,0.0,0.0,0.0,3.0,8.0,4.0,0.0,5.0,12.836740757757024,3.584962500721156
cli_input,243,5,elevate,elevate,VB,general,0.27830780834049734,-0.27830780834049734,0.7788461538461539,0.6066013313609467,0.4724491138484297,0.35526315789473684,0.0,0.0,27.0,49.0,0.0,1.0,0.0,0.0,0.0,0.0,0.0,0.0,3.0,7.0,4.0,1.0,5.0,12.836740757757024,3.3923174227787602
cli_input,243,5,substantially,substantially,RB,finance,0.15343747082865694,-0.15014802885946218,0.391304347826087,0.15311909262759926,0.05991616668036493,0.3684210526315789,0.0,0.0,28.0,48.0,0.0,0.0,0.0,1.0,0.0,0.0,0.0,0.0,3.0,13.0,5.0,1.0,5.0,12.836740757757024,4.285402218862249
cli_input,243,5,correct,correct,JJ,finance,0.20720534508978777,-0.20720534508978777,0.574468085106383,0.3300135808057945,0.18958226982460538,0.3815789473684211,0.0,0.0,29.0,47.0,0.0,0.0,1.0,0.0,0.0,0.0,0.0,0.0,3.0,7.0,2.0,1.0,5.0,11.836740757757024,3.3923174227787602
cli_input,246,5,curtail,curtail,VB,general,0.09997142132060226,0.03365522192528969,0.49298597194388777,0.2430351685334597,0.1198129287760142,0.39473684210526316,0.0,0.0,30.0,46.0,0.0,1.0,0.0,0.0,0.0,0.0,0.0,0.0,3.0,7.0,3.0,0.0,5.0,12.836740757757024,3.3923174227787602
cli_input,246,5,heighten,heighten,VB,finance,0.08507743068046043,0.0188934080101689,0.5801886792452831,0.33661890352438595,0.19530247704480885,0.40789473684210525,0.0,0.0,31.0,45.0,0.0,1.0,0.0,0.0,0.0,0.0,0.0,0.0,3.0,8.0,3.0,1.0,5.0,12.836740757757024,3.584962500721156
cli_input,247,5,brief,brief,JJ,finance,0.2552722151409908,-0.2552722151409908,0.3977455716586151,0.15820153977403853,0.06292396187469809,0.42105263157894735,0.0,0.0,32.0,44.0,0.0,0.0,1.0,0.0,0.0,0.0,0.0,0.0,3.0,5.0,2.0,1.0,5.0,12.836740757757024,2.9068905956085187
cli_input,248,5,scheme,scheme,NN,general,0.1070266249631121,-0.1070266249631121,0.4732824427480916,0.2239962706136006,0.10601350212246748,0.4342105263157895,0.0,0.0,33.0,43.0,1.0,0.0,0.0,0.0,0.0,0.0,0.0,0.0,3.0,6.0,2.0,1.0,5.0,12.836740757757024,3.169925001442312
cli_input,249,5,ground,ground,NN,biomedical,0.17173459411239075,-0.17173459411239075,0.6587301587301587,0.4339254220206601,0.28583976212472056,0.4473684210526316,0.0,0.0,34.0,42.0,1.0,0.0,0.0,0.0,0.0,0.0,0.0,0.0,3.0,6.0,2.0,0.0,5.0,12.836740757757024,3.169925001442312
cli_input,249,5,stretches,stretch,NNS,finance,0.1573727360074424,-0.1573727360074424,0.40096618357487923,0.16077388037060375,0.06446488923072517,0.4605263157894737,0.0,0.0,35.0,41.0,1.0,0.0,0.0,0.0,0.0,0.0,0.0,0.0,3.0,9.0,2.0,1.0,5.0,12.836740757757024,3.7548875021634687
cli_input,250,5,sustained,sustain,VBD,general,0.2254801711739649,-0.2254801711739649,0.499001996007984,0.24900299201995207,0.1242529900299162,0.47368421052631576,0.0,0.0,36.0,40.0,0.0,1.0,0.0,0.0,0.0,0.0,0.0,0.0,3.0,9.0,4.0,0.4,5.0,12.836740757757024,3.7548875021634687
cli_input,253,5,pressure,pressure,NN,biomedical,0.23763182383160597,-0.23763182383160597,0.6693121693121693,0.447978779989362,0.29983764904049887,0.4868421052631579,0.0,0.0,37.0,39.0,1.0,0.0,0.0,0.0,0.0,0.0,0.0,0.0,3.0,8.0,3.0,0.0,5.0,9.929850162148504,3.584962500721156
cli_input,256,5,structure,structure,NN,general,0.11848709595878351,-0.10459501175751225,0.7975077881619937,0.6360186721790355,0.5072298444792308,0.5,0.0,0.0,38.0,38.0,1.0,0.0,0.0,0.0,0.0,0.0,0.0,0.0,3.0,9.0,3.0,0.0,5.0,11.836740757757024,3.7548875021634687
cli_input,258,5,meaningful,meaningful,JJ,general,0.0819732958681378,-0.030832382726595824,0.6187050359712231,0.38279592153615244,0.23683776440366267,0.5131578947368421,0.0,0.0,39.0,37.0,0.0,0.0,1.0,0.0,0.0,0.0,0.0,0.0,3.0,10.0,4.0,1.0,5.0,12.836740757757024,3.9068905956085187
cli_input,259,5,advocate,advocate,VB,biomedical,0.15606558191949593,-0.15606558191949593,0.5429769392033543,0.2948239565066431,0.16008260950779996,0.5263157894736842,0.0,0.0,40.0,36.0,0.0,1.0,0.0,0.0,0.0,0.0,0.0,0.0,3.0,8.0,4.0,1.0,5.0,12.836740757757024,3.584962500721156
cli_input,269,5,features,feature,NNS,general,0.12859278151994716,0.06442909832790455,0.6226851851851852,0.38773683984910845,0.2414379859245606,0.5394736842105263,0.0,0.0,41.0,35.0,1.0,0.0,0.0,0.0,0.0,0.0,0.0,0.0,3.0,8.0,4.0,1.0,5.0,11.836740757757024,3.584962500721156
cli_input,269,5,significant,significant,JJ,general,0.12314350275192801,0.11553812964955172,0.864951768488746,0.7481415618118092,0.6471063669690569,0.5526315789473685,0.0,0.0,42.0,34.0,0.0,0.0,1.0,0.0,0.0,0.0,0.0,0.0,3.0,11.0,4.0,1.0,5.0,11.514812662869662,4.044394119358453
cli_input,276,5,sphere,sphere,NN,general,0.17655272878175426,-0.17655272878175426,0.8706624605678234,0.7580531202420165,0.6600083949110302,0.5657894736842105,0.0,0.0,43.0,33.0,1.0,0.0,0.0,0.0,0.0,0.0,0.0,0.0,3.0,6.0,2.0,1.0,5.0,12.836740757757024,3.169925001442312
cli_input,277,5,essential,essential,JJ,general,0.14885937672486865,0.08525991584836319,0.8906752411575563,0.793302385211071,0.7065747932587353,0.5789473684210527,0.0,0.0,44.0,32.0,0.0,0.0,1.0,0.0,0.0,0.0,0.0,0.0,3.0,9.0,4.0,1.0,5.0,12.836740757757024,3.7548875021634687
cli_input,279,5,admirable,admirable,JJ,general,0.07637397420974021,-0.0719960809857558,0.5100548446069469,0.2601559445070168,0.13269379984909996,0.5921052631578947,0.0,0.0,45.0,31.0,0.0,0.0,1.0,0.0,0.0,0.0,0.0,0.0,3.0,9.0,4.0,1.0,5.0,12.836740757757024,3.7548875021634687
cli_input,281,5,division,division,NN,general,0.046415588204345284,0.046415588204345284,0.460655737704918,0.21220370868046223,0.09775285596591785,0.6052631578947368,0.0,0.0,46.0,30.0,1.0,0.0,0.0,0.0,0.0,0.0,0.0,0.0,3.0,8.0,4.0,0.0,5.0,12.836740757757024,3.584962500721156
cli_input,282,5,rich,rich,JJ,general,0.06308026341711748,-0.05994725272967383,0.4208955223880597,0.1771530407663177,0.07456292163597251,0.618421052631579,0.0,0.0,47.0,29.0,0.0,0.0,1.0,0.0,0.0,0.0,0.0,0.0,3.0,4.0,1.0,0.0,4.0,11.836740757757024,2.584962500721156
cli_input,283,5,annoyance,annoyance,NN,biomedical,0.14808460047629377,-0.14808460047629377,0.5932914046121593,0.35199469078666895,0.20883542451284554,0.631578947368421,0.0,0.0,48.0,28.0,1.0,0.0,0.0,0.0,0.0,0.0,0.0,0.0,3.0,9.0,5.0,1.0,5.0,12.836740757757024,3.7548875021634687
cli_input,289,5,exercise,exercise,VB,general,0.05187177241265828,0.029140925072317136,0.5768463073852296,0.33275166234397474,0.1919465676994186,0.6447368421052632,0.0,0.0,49.0,27.0,0.0,1.0,0.0,0.0,0.0,0.0,0.0,0.0,3.0,8.0,4.0,0.0,5.0,12.836740757757024,3.584962500721156
cli_input,289,5,applied,apply,VBN,biomedical,0.17520830958879738,0.16749822790858068,0.5494296577946768,0.30187294886437566,0.16585795099202386,0.6578947368421053,0.0,0.0,50.0,26.0,0.0,1.0,0.0,0.0,0.0,0.0,0.0,0.0,3.0,7.0,3.0,0.0,5.0,12.251778257035868,3.3923174227787602
cli_input,293,5,process,process,NN,general,0.12233849756346601,-0.11807474005042777,0.9421221864951769,0.8875942142864528,0.8362222018840215,0.6710526315789473,0.0,0.0,51.0,25.0,1.0,0.0,0.0,0.0,0.0,0.0,0.0,0.0,3.0,7.0,2.0,1.0,5.0,11.514812662869662,3.3923174227787602
cli_input,300,5,positive,positive,JJ,general,0.10281364067927798,-0.10281364067927798,0.5964214711729622,0.35571857127612055,0.21215819360404803,0.6842105263157895,0.0,0.0,52.0,24.0,0.0,0.0,1.0,0.0,0.0,0.0,0.0,0.0,3.0,8.0,4.0,0.0,5.0,12.836740757757024,3.584962500721156
cli_input,301,5,outputs,output,NNS,general,0.2112420749215734,-0.2112420749215734,0.7218225419664268,0.521027782090874,0.3760895981039642,0.6973684210526315,0.0,0.0,53.0,23.0,1.0,0.0,0.0,0.0,0.0,0.0,0.0,0.0,3.0,7.0,3.0,1.0,5.0,12.836740757757024,3.3923174227787602
cli_input,301,5,significances,significance,NNS,biomedical,0.07458627064401542,-0.06432446282652071,0.5722433460076045,0.32746244704997896,0.187388206391718,0.7105263157894737,0.0,0.0,54.0,22.0,1.0,0.0,0.0,0.0,0.0,0.0,0.0,0.0,3.0,13.0,5.0,0.0,5.0,12.251778257035868,4.285402218862249
cli_input,302,5,frequently,frequently,RB,general,0.112112477495302,-0.112112477495302,0.6990740740740741,0.488704561042524,0.34164068850657925,0.7236842105263158,0.0,0.0,55.0,21.0,0.0,0.0,0.0,1.0,0.0,0.0,0.0,0.0,3.0,10.0,4.0,1.0,5.0,12.836740757757024,3.9068905956085187
cli_input,302,5,choose,choose,VB,general,0.09099072366334109,-0.07155785925942652,0.3973684210526316,0.1579016620498615,0.0627451341303397,0.7368421052631579,0.0,0.0,56.0,20.0,0.0,1.0,0.0,0.0,0.0,0.0,0.0,0.0,3.0,6.0,3.0,1.0,5.0,11.514812662869662,3.169925001442312
cli_input,303,5,lessen,lessen,VB,biomedical,0.08943680787756272,0.08943680787756272,0.5092436974789916,0.2593291434220747,0.132061731860317,0.75,0.0,0.0,57.0,19.0,0.0,1.0,0.0,0.0,0.0,0.0,0.0,0.0,3.0,6.0,2.0,1.0,5.0,12.836740757757024,3.169925001442312
cli_input,304,5,exercised,exercise,VBD,general,0.16828551776714845,0.16828551776714845,0.7037037037037037,0.49519890260631005,0.34847330183407005,0.7631578947368421,0.0,0.0,58.0,18.0,0.0,1.0,0.0,0.0,0.0,0.0,0.0,0.0,3.0,9.0,4.0,1.0,5.0,12.836740757757024,3.7548875021634687
cli_input,304,5,strategies,strategy,NNS,general,0.10780964755908347,-0.022453260386734362,0.6043737574552683,0.36526763870059953,0.22075817527829472,0.7763157894736842,0.0,0.0,59.0,17.0,1.0,0.0,0.0,0.0,0.0,0.0,0.0,0.0,3.0,10.0,4.0,0.0,5.0,12.251778257035868,3.9068905956085187
cli_input,306,5,alterations,alteration,NNS,general,0.11962243414974845,0.03854796173278237,0.7630922693266833,0.5823098115061474,0.44435611551341914,0.7894736842105263,0.0,0.0,60.0,16.0,1.0,0.0,0.0,0.0,0.0,0.0,0.0,0.0,3.0,11.0,5.0,0.0,5.0,12.836740757757024,4.044394119358453
cli_input,307,5,body,body,NN,biomedical,0.1791589493048626,-0.1791589493048626,0.5836501901140685,0.3406475444201883,0.19881900406273348,0.8026315789473685,0.0,0.0,61.0,15.0,1.0,0.0,0.0,0.0,0.0,0.0,0.0,0.0,3.0,4.0,2.0,0.0,5.0,9.749277916506685,2.584962500721156
cli_input,309,5,mortals,mortal,NNS,general,0.3100843624124556,-0.3100843624124556,0.9747634069400631,0.9501636995093992,0.9261848048845563,0.8157894736842105,0.0,0.0,62.0,14.0,1.0,0.0,0.0,0.0,0.0,0.0,0.0,0.0,3.0,7.0,2.0,1.0,4.0,12.836740757757024,3.3923174227787602
cli_input,309,5,suitable,suitable,JJ,general,0.28538617504741703,-0.28538617504741703,0.944954128440367,0.8929383048564935,0.8437857376166865,0.8289473684210527,0.0,0.0,63.0,13.0,0.0,0.0,1.0,0.0,0.0,0.0,0.0,0.0,3.0,8.0,4.0,1.0,5.0,12.836740757757024,3.584962500721156
cli_input,309,5,arena,arena,NN,general,0.12443390817143316,-0.12443390817143316,0.9935691318327974,0.9871796197309787,0.9808311977391395,0.8421052631578947,0.0,0.0,64.0,12.0,1.0,0.0,0.0,0.0,0.0,0.0,0.0,0.0,3.0,5.0,3.0,1.0,5.0,12.836740757757024,2.9068905956085187
cli_input,310,5,assist,assist,VB,general,0.07594077938957015,-0.0565790477601424,0.4626865671641791,0.21407885943417243,0.09905141257402007,0.8552631578947368,0.0,0.0,65.0,11.0,0.0,1.0,0.0,0.0,0.0,0.0,0.0,0.0,3.0,6.0,2.0,0.0,5.0,12.836740757757024,3.169925001442312
cli_input,320,5,little,little,JJ,general,0.06311374190109373,-0.05094004695445453,0.449438202247191,0.20199469763918695,0.0907841337704211,0.868421052631579,0.0,0.0,66.0,10.0,0.0,0.0,1.0,0.0,0.0,0.0,0.0,0.0,3.0,6.0,2.0,1.0,5.0,12.836740757757024,3.169925001442312
cli_input,322,5,substance,substance,NN,general,0.10132359207046751,-0.10132359207046751,0.7,0.48999999999999994,0.3429999999999999,0.881578947368421,0.0,0.0,67.0,9.0,1.0,0.0,0.0,0.0,0.0,0.0,0.0,0.0,3.0,9.0,3.0,1.0,5.0,12.251778257035868,3.7548875021634687
cli_input,322,5,deploying,deploy,VBG,general,0.2140349824217728,-0.2140349824217728,0.8029925187032418,0.6447969850933762,0.5177671551123868,0.8947368421052632,0.0,0.0,68.0,8.0,0.0,1.0,0.0,0.0,0.0,0.0,0.0,0.0,3.0,9.0,4.0,0.2,5.0,12.836740757757024,3.7548875021634687
cli_input,324,5,repeatedly,repeatedly,RB,general,0.16270191764682607,-0.16270191764682607,0.8079800498753117,0.6528317609965112,0.5274750388101487,0.9078947368421053,0.0,0.0,69.0,7.0,0.0,0.0,0.0,1.0,0.0,0.0,0.0,0.0,3.0,10.0,5.0,0.0,5.0,12.836740757757024,3.9068905956085187
cli_input,326,5,definition,definition,NN,general,0.07174763031793352,0.07174763031793352,0.7086956521739131,0.502249527410208,0.355942056382017,0.9210526315789473,0.0,0.0,70.0,6.0,1.0,0.0,0.0,0.0,0.0,0.0,0.0,0.0,3.0,10.0,5.0,1.0,5.0,12.251778257035868,3.9068905956085187
cli_input,326,5,framework,framework,NN,general,0.10853376736711513,-0.07885511844282819,0.5344262295081967,0.2856113947863478,0.1526382208202449,0.9342105263157895,0.0,0.0,71.0,5.0,1.0,0.0,0.0,0.0,0.0,0.0,0.0,0.0,3.0,9.0,3.0,0.4,5.0,12.836740757757024,3.7548875021634687
cli_input,332,5,limited,limited,JJ,general,0.06711695262792745,-0.02920442181681137,0.4368421052631579,0.19083102493074794,0.08336302668027411,0.9473684210526315,0.0,0.0,72.0,4.0,0.0,0.0,1.0,0.0,0.0,0.0,0.0,0.0,3.0,7.0,3.0,1.0,5.0,12.836740757757024,3.3923174227787602
cli_input,347,5,part,part,NN,finance,0.272080676256267,-0.272080676256267,0.8222748815165877,0.6761359807731183,0.5559696334793176,0.9605263157894737,0.0,0.0,73.0,3.0,1.0,0.0,0.0,0.0,0.0,0.0,0.0,0.0,3.0,4.0,1.0,0.0,5.0,11.836740757757024,2.584962500721156
cli_input,355,5,scrutinizing,scrutinize,VBG,finance,0.1484755780889812,-0.1484755780889812,0.8412322274881516,0.7076716605646773,0.5953162073470626,0.9736842105263158,0.0,0.0,74.0,2.0,0.0,1.0,0.0,0.0,0.0,0.0,0.0,0.0,3.0,12.0,4.0,0.0,5.0,12.836740757757024,4.169925001442312
cli_input,363,5,bolster,bolster,VB,general,0.18610038765803455,-0.18610038765803455,0.5584615384615385,0.3118792899408284,0.17417258807464725,0.9868421052631579,0.0,0.0,75.0,1.0,0.0,1.0,0.0,0.0,0.0,0.0,0.0,0.0,2.0,7.0,2.0,0.0,5.0,12.836740757757024,3.3923174227787602
cli_input,369,5,utilized,utilize,VBN,finance,0.10351222248296885,-0.10351222248296885,0.8744075829383886,0.7645886211001549,0.6685620881183819,1.0,0.0,1.0,76.0,0.0,0.0,1.0,0.0,0.0,0.0,0.0,0.0,0.0,1.0,8.0,4.0,0.0,5.0,12.836740757757024,3.584962500721156
cli_input,201,7,selections,selection,NNS,general,0.29086146549939207,-0.29086146549939207,0.7230215827338129,0.5227602090989079,0.37796691377295133,0.0,1.0,0.0,0.0,54.0,1.0,0.0,0.0,0.0,0.0,0.0,0.0,0.0,1.0,10.0,4.0,0.6,5.0,12.836740757757024,3.9068905956085187
cli_input,218,7,exercised,exercise,VBD,biomedical,0.10831518177226643,-0.08591187383323637,0.6546546546546547,0.4285727168610052,0.28056712395104844,0.018518518518518517,0.0,0.0,1.0,53.0,0.0,1.0,0.0,0.0,0.0,0.0,0.0,0.0,2.0,9.0,4.0,1.0,5.0,12.836740757757024,3.7548875021634687
cli_input,221,7,regular,regular,JJ,finance,0.12290697743414931,0.02134359604903153,0.5364077669902912,0.28773329248751056,0.1543423729119899,0.037037037037037035,0.0,0.0,2.0,52.0,0.0,0.0,1.0,0.0,0.0,0.0,0.0,0.0,3.0,7.0,3.0,0.0,5.0,12.251778257035868,3.3923174227787602
cli_input,227,7,challenge,challenge,NN,biomedical,0.13029613404615376,-0.13029613404615376,0.6816816816816816,0.4646899151403655,0.3167706028134023,0.05555555555555555,0.0,0.0,3.0,51.0,1.0,0.0,0.0,0.0,0.0,0.0,0.0,0.0,3.0,9.0,3.0,1.0,5.0,12.836740757757024,3.7548875021634687
cli_input,250,7,diverse,diverse,JJ,finance,0.347298088559274,-0.347298088559274,0.6067961165048543,0.36820152700537273,0.22342325667801743,0.07407407407407407,0.0,0.0,4.0,50.0,0.0,0.0,1.0,0.0,0.0,0.0,0.0,0.0,3.0,7.0,3.0,0.0,5.0,12.251778257035868,3.3923174227787602
cli_input,268,7,repeated,repeated,JJ,finance,0.3584342043519363,-0.3584342043519363,0.6504854368932039,0.4231313036101424,0.27524075089203437,0.09259259259259259,0.0,0.0,5.0,49.0,0.0,0.0,1.0,0.0,0.0,0.0,0.0,0.0,3.0,8.0,4.0,0.0,5.0,12.836740757757024,3.584962500721156
cli_input,285,7,commonly,commonly,RB,biomedical,0.12159421815520755,-0.08483717260528303,0.6155507559395248,0.37890273313772044,0.23323386381047584,0.1111111111111111,0.0,0.0,6.0,48.0,0.0,0.0,0.0,1.0,0.0,0.0,0.0,0.0,3.0,8.0,3.0,1.0,5.0,11.836740757757024,3.584962500721156
cli_input,286,7,unusual,unusual,JJ,general,0.16678048267226053,0.16678048267226053,0.4798657718120805,0.23027115895680372,0.11049924741886889,0.12962962962962962,0.0,0.0,7.0,47.0,0.0,0.0,1.0,0.0,0.0,0.0,0.0,0.0,3.0,7.0,4.0,0.0,5.0,12.836740757757024,3.3923174227787602
cli_input,290,7,form,form,VB,finance,0.09118131776232588,-0.04034879879956641,0.6855791962174941,0.47001883428622526,0.32223513461703385,0.14814814814814814,0.0,0.0,8.0,46.0,0.0,1.0,0.0,0.0,0.0,0.0,0.0,0.0,3.0,4.0,1.0,1.0,5.0,12.251778257035868,2.584962500721156
cli_input,291,7,robust,robust,JJ,general,0.1262438786337624,0.04746296858868744,0.6568848758465011,0.4314977401158732,0.28344433944406117,0.16666666666666666,0.0,0.0,9.0,45.0,0.0,0.0,1.0,0.0,0.0,0.0,0.0,0.0,3.0,6.0,2.0,1.0,5.0,12.836740757757024,3.169925001442312
cli_input,297,7,sound,sound,JJ,general,0.08000606666976955,-0.08000606666976955,0.8608695652173913,0.7410964083175804,0.6379873428125258,0.18518518518518517,0.0,0.0,10.0,44.0,0.0,0.0,1.0,0.0,0.0,0.0,0.0,0.0,3.0,5.0,2.0,1.0,5.0,10.666815756314712,2.9068905956085187
cli_input,312,7,frequent,frequent,JJ,general,0.32584375312402813,-0.32584375312402813,0.7255813953488373,0.5264683612763656,0.38199564818192117,0.2037037037037037,0.0,0.0,11.0,43.0,0.0,0.0,1.0,0.0,0.0,0.0,0.0,0.0,3.0,8.0,3.0,0.2,5.0,12.836740757757024,3.584962500721156
cli_input,316,7,sector,sector,NN,biomedical,0.17187644854042664,-0.17187644854042664,0.4606413994169096,0.21219049885676886,0.09774372833635417,0.2222222222222222,0.0,0.0,12.0,42.0,1.0,0.0,0.0,0.0,0.0,0.0,0.0,0.0,3.0,6.0,2.0,1.0,5.0,12.836740757757024,3.169925001442312
cli_input,319,7,aid,aid,VB,biomedical,0.13332248672347288,0.08214910695105475,0.6431451612903226,0.4136356984911551,0.2660277980215292,0.24074074074074073,0.0,0.0,13.0,41.0,0.0,1.0,0.0,0.0,0.0,0.0,0.0,0.0,3.0,3.0,2.0,1.0,5.0,12.836740757757024,2.169925001442312
cli_input,320,7,cause,cause,NN,general,0.0710659006613847,-0.05418283738616925,0.7619047619047619,0.5804988662131518,0.44228485044811566,0.25925925925925924,0.0,0.0,14.0,40.0,1.0,0.0,0.0,0.0,0.0,0.0,0.0,0.0,3.0,5.0,3.0,0.0,5.0,9.136301039615931,2.9068905956085187
cli_input,321,7,escalate,escalate,VB,finance,0.037837280547208606,-0.028080522002665552,0.5169082125603864,0.26719410021237366,0.13811482474745884,0.2777777777777778,0.0,0.0,15.0,39.0,0.0,1.0,0.0,0.0,0.0,0.0,0.0,0.0,3.0,8.0,4.0,1.0,5.0,12.836740757757024,3.584962500721156
cli_input,323,7,markedly,markedly,RB,finance,0.08036067122938988,0.07349698467094079,0.5201288244766505,0.27053399405146233,0.1407125283069603,0.2962962962962963,0.0,0.0,16.0,38.0,0.0,0.0,0.0,1.0,0.0,0.0,0.0,0.0,3.0,8.0,3.0,1.0,5.0,12.836740757757024,3.584962500721156
cli_input,333,7,problems,problem,NNS,general,0.1711480627445376,-0.15570014593273815,0.9224376731301939,0.8508912608098463,0.7848941547082516,0.3148148148148148,0.0,0.0,17.0,37.0,1.0,0.0,0.0,0.0,0.0,0.0,0.0,0.0,3.0,8.0,2.0,1.0,5.0,10.136301039615931,3.584962500721156
cli_input,334,7,improve,improve,VB,general,0.32723398637725565,-0.32723398637725565,0.7952380952380952,0.6324036281179137,0.5029114566461504,0.3333333333333333,0.0,0.0,18.0,36.0,0.0,1.0,0.0,0.0,0.0,0.0,0.0,0.0,3.0,7.0,3.0,0.0,5.0,9.929850162148504,3.3923174227787602
cli_input,337,7,selections,selection,NNS,general,0.3340434220128884,-0.3340434220128884,0.884514435695538,0.782365786953796,0.6920138325549324,0.35185185185185186,0.0,0.0,19.0,35.0,1.0,0.0,0.0,0.0,0.0,0.0,0.0,0.0,3.0,10.0,4.0,0.0,5.0,12.836740757757024,3.9068905956085187
cli_input,338,7,structures,structure,NNS,general,0.2218926059818414,-0.2218926059818414,0.7824074074074074,0.6121613511659808,0.4789595756807906,0.37037037037037035,0.0,0.0,20.0,34.0,1.0,0.0,0.0,0.0,0.0,0.0,0.0,0.0,3.0,10.0,3.0,1.0,5.0,11.836740757757024,3.9068905956085187
cli_input,338,7,bolster,bolster,VB,biomedical,0.2536950427739475,-0.2536950427739475,0.6814516129032258,0.46437630072840785,0.31644997912540695,0.3888888888888889,0.0,0.0,21.0,33.0,0.0,1.0,0.0,0.0,0.0,0.0,0.0,0.0,3.0,7.0,2.0,1.0,5.0,12.836740757757024,3.3923174227787602
cli_input,338,7,promptly,promptly,RB,general,0.09095384357348113,0.09095384357348113,0.8047619047619048,0.6476417233560091,0.5211973868912645,0.4074074074074074,0.0,0.0,22.0,32.0,0.0,0.0,0.0,1.0,0.0,0.0,0.0,0.0,3.0,8.0,2.0,0.0,5.0,12.836740757757024,3.584962500721156
cli_input,343,7,ground,ground,NN,biomedical,0.11776354554566212,-0.0958558956429564,0.9074074074074074,0.8233882030178327,0.7471485545902556,0.42592592592592593,0.0,0.0,23.0,31.0,1.0,0.0,0.0,0.0,0.0,0.0,0.0,0.0,3.0,6.0,2.0,0.0,5.0,12.836740757757024,3.169925001442312
cli_input,344,7,used,use,VBD,general,0.2502682537323459,-0.24019680476615082,0.6893787575150301,0.47524307131296667,0.3276224780193598,0.4444444444444444,0.0,0.0,24.0,30.0,0.0,1.0,0.0,0.0,0.0,0.0,0.0,0.0,3.0,4.0,2.0,0.4,5.0,8.588813244313439,2.584962500721156
cli_input,346,7,diversity,diversity,NN,general,0.09410149889492012,-0.09410149889492012,0.6603053435114504,0.4360031466697745,0.2878952075338588,0.46296296296296297,0.0,0.0,25.0,29.0,1.0,0.0,0.0,0.0,0.0,0.0,0.0,0.0,3.0,9.0,4.0,1.0,5.0,12.836740757757024,3.7548875021634687
cli_input,349,7,meaningful,meaningful,JJ,biomedical,0.05158264012712614,0.030451444823054997,0.7316561844863732,0.5353207722971577,0.39167075373523697,0.48148148148148145,0.0,0.0,26.0,28.0,0.0,0.0,1.0,0.0,0.0,0.0,0.0,0.0,3.0,10.0,4.0,1.0,5.0,12.836740757757024,3.9068905956085187
cli_input,351,7,discipline,discipline,NN,general,0.17233719180676652,-0.17233719180676652,0.9722991689750693,0.9453656739896104,0.9191782591976544,0.5,0.0,0.0,27.0,27.0,1.0,0.0,0.0,0.0,0.0,0.0,0.0,0.0,3.0,10.0,4.0,1.0,5.0,12.836740757757024,3.9068905956085187
cli_input,364,7,group,group,NN,general,0.19986419958315044,-0.1693369834882666,0.9553805774278216,0.9127520477263178,0.872025578405196,0.5185185185185185,0.0,0.0,28.0,26.0,1.0,0.0,0.0,0.0,0.0,0.0,0.0,0.0,3.0,5.0,2.0,0.0,5.0,12.836740757757024,2.9068905956085187
cli_input,364,7,installations,installation,NNS,general,0.17908220844032058,-0.17309556090279393,0.8425925925925926,0.7099622770919066,0.5982089556978102,0.5370370370370371,0.0,0.0,29.0,25.0,1.0,0.0,0.0,0.0,0.0,0.0,0.0,0.0,3.0,13.0,5.0,1.0,5.0,12.836740757757024,4.285402218862249
cli_input,368,7,persons,person,NNS,general,0.15263348589109416,-0.15263348589109416,0.8761904761904762,0.7677097505668934,0.672659971925278,0.5555555555555556,0.0,0.0,30.0,24.0,1.0,0.0,0.0,0.0,0.0,0.0,0.0,0.0,3.0,7.0,2.0,0.0,4.0,11.514812662869662,3.3923174227787602
cli_input,369,7,exercised,exercise,VBD,general,0.13628538471946605,-0.13140106981023134,0.7335984095427436,0.5381666264836429,0.3947981812573842,0.5740740740740741,0.0,0.0,31.0,23.0,0.0,1.0,0.0,0.0,0.0,0.0,0.0,0.0,3.0,9.0,4.0,0.0,5.0,12.836740757757024,3.7548875021634687
cli_input,369,7,distinct,distinct,JJ,general,0.12240601517782079,-0.03258723226292557,0.7041984732824428,0.49589548977332326,0.3492088468060235,0.5925925925925926,0.0,0.0,32.0,22.0,0.0,0.0,1.0,0.0,0.0,0.0,0.0,0.0,3.0,8.0,2.0,1.0,5.0,12.836740757757024,3.584962500721156
cli_input,371,7,fine,fine,JJ,general,0.10434111901386807,-0.08397039278368439,0.7375745526838966,0.5440162207668502,0.4012525206848934,0.6111111111111112,0.0,0.0,33.0,21.0,0.0,0.0,1.0,0.0,0.0,0.0,0.0,0.0,3.0,4.0,2.0,0.0,5.0,12.836740757757024,2.584962500721156
cli_input,373,7,elevate,elevate,VB,general,0.23355058253418273,-0.23072946344551548,0.979002624671916,0.9584461391145005,0.9383212857997603,0.6296296296296297,0.0,0.0,34.0,20.0,0.0,1.0,0.0,0.0,0.0,0.0,0.0,0.0,3.0,7.0,4.0,0.0,5.0,12.836740757757024,3.3923174227787602
cli_input,375,7,classifications,classification,NNS,general,0.20725142882738828,-0.20725142882738828,0.5597014925373134,0.31326576074849627,0.17533531385177029,0.6481481481481481,0.0,0.0,35.0,19.0,1.0,0.0,0.0,0.0,0.0,0.0,0.0,0.0,3.0,15.0,6.0,0.0,5.0,12.836740757757024,4.491853096329675
cli_input,375,7,approaches,approach,NNS,general,0.16638293671765902,-0.16638293671765902,0.7455268389662028,0.5558102676189384,0.41437147188290635,0.6666666666666666,0.0,0.0,36.0,18.0,1.0,0.0,0.0,0.0,0.0,0.0,0.0,0.0,3.0,10.0,4.0,0.0,5.0,12.251778257035868,3.9068905956085187
cli_input,378,7,groups,group,NNS,biomedical,0.10693175460308843,-0.10693175460308843,0.6352941176470588,0.40359861591695495,0.2564038265825361,0.6851851851851852,0.0,0.0,37.0,17.0,1.0,0.0,0.0,0.0,0.0,0.0,0.0,0.0,3.0,6.0,2.0,1.0,5.0,12.836740757757024,3.169925001442312
cli_input,378,7,improving,improve,VBG,general,0.11606861634285144,-0.11606861634285144,0.9,0.81,0.7290000000000001,0.7037037037037037,0.0,0.0,38.0,16.0,0.0,1.0,0.0,0.0,0.0,0.0,0.0,0.0,3.0,9.0,3.0,0.0,5.0,12.251778257035868,3.7548875021634687
cli_input,378,7,explore,explore,VB,biomedical,0.19983456717212275,-0.1662683072800138,0.7186311787072244,0.5164307710101347,0.37112325369169374,0.7222222222222222,0.0,0.0,39.0,15.0,0.0,1.0,0.0,0.0,0.0,0.0,0.0,0.0,3.0,7.0,3.0,0.0,5.0,12.836740757757024,3.3923174227787602
cli_input,379,7,products,product,NNS,general,0.1216691076254179,-0.1216691076254179,0.994750656167979,0.9895288679466248,0.9843344906870624,0.7407407407407407,0.0,0.0,40.0,14.0,1.0,0.0,0.0,0.0,0.0,0.0,0.0,0.0,3.0,8.0,2.0,0.0,5.0,10.251778257035868,3.584962500721156
cli_input,386,7,finding,finding,NN,general,0.22957816080657337,-0.22957816080657337,0.7704590818363274,0.5936071967840766,0.45735005580569577,0.7592592592592593,0.0,0.0,41.0,13.0,1.0,0.0,0.0,0.0,0.0,0.0,0.0,0.0,3.0,7.0,2.0,0.4,5.0,12.836740757757024,3.3923174227787602
cli_input,394,7,regularly,regularly,RB,general,0.18378846224883896,-0.18378846224883896,0.5880597014925373,0.34581421251949207,0.20335940258608934,0.7777777777777778,0.0,0.0,42.0,12.0,0.0,0.0,0.0,1.0,0.0,0.0,0.0,0.0,3.0,9.0,4.0,0.0,5.0,11.836740757757024,3.7548875021634687
cli_input,395,7,engine,engine,NN,general,0.28462596049909605,-0.28462596049909605,0.6475409836065574,0.4193093254501479,0.27151997303739084,0.7962962962962963,0.0,0.0,43.0,11.0,1.0,0.0,0.0,0.0,0.0,0.0,0.0,0.0,3.0,6.0,3.0,1.0,5.0,11.02938583569942,3.169925001442312
cli_input,402,7,procedure,procedure,NN,biomedical,0.04422742896941232,0.018101940878107303,0.7642585551330798,0.5840911390941028,0.44639665003009377,0.8148148148148148,0.0,0.0,44.0,10.0,1.0,0.0,0.0,0.0,0.0,0.0,0.0,0.0,3.0,9.0,4.0,0.0,5.0,12.836740757757024,3.7548875021634687
cli_input,407,7,merely,merely,RB,general,0.16823661530617345,-0.16823661530617345,0.8847826086956522,0.7828402646502836,0.6926434515492726,0.8333333333333334,0.0,0.0,45.0,9.0,0.0,0.0,0.0,1.0,0.0,0.0,0.0,0.0,3.0,6.0,3.0,1.0,4.0,12.836740757757024,3.169925001442312
cli_input,411,7,product,product,NN,general,0.10350656240909087,-0.10350656240909087,0.8934782608695652,0.7983034026465028,0.7132667358428535,0.8518518518518519,0.0,0.0,46.0,8.0,1.0,0.0,0.0,0.0,0.0,0.0,0.0,0.0,3.0,7.0,2.0,1.0,5.0,11.02938583569942,3.3923174227787602
cli_input,419,7,log,log,NN,general,0.1736555871319637,-0.1736555871319637,0.7549549549549549,0.569956984011038,0.43029184919031516,0.8703703703703703,0.0,0.0,47.0,7.0,1.0,0.0,0.0,0.0,0.0,0.0,0.0,0.0,3.0,3.0,1.0,0.0,5.0,12.836740757757024,2.169925001442312
cli_input,421,7,primary,primary,JJ,general,0.03616839637101381,0.0007757843898641536,0.5539473684210526,0.30685768698060945,0.1699830081826797,0.8888888888888888,0.0,0.0,48.0,6.0,0.0,0.0,1.0,0.0,0.0,0.0,0.0,0.0,3.0,7.0,3.0,1.0,5.0,12.836740757757024,3.3923174227787602
cli_input,433,7,span,span,NN,general,0.09323577652231416,-0.08718415082718944,0.5697368421052632,0.3246000692520776,0.18493661840282846,0.9074074074074074,0.0,0.0,49.0,5.0,1.0,0.0,0.0,0.0,0.0,0.0,0.0,0.0,3.0,4.0,1.0,1.0,5.0,12.836740757757024,2.584962500721156
cli_input,437,7,facets,facet,NNS,general,0.0545855919593208,-0.0545855919593208,0.6137640449438202,0.37670630286579976,0.23120878420274504,0.9259259259259259,0.0,0.0,50.0,4.0,1.0,0.0,0.0,0.0,0.0,0.0,0.0,0.0,3.0,6.0,2.0,1.0,5.0,12.836740757757024,3.169925001442312
cli_input,454,7,connotation,connotation,NN,general,0.2094587268562571,-0.2094587268562571,0.9869565217391304,0.9740831758034025,0.961377743075532,0.9444444444444444,0.0,0.0,51.0,3.0,1.0,0.0,0.0,0.0,0.0,0.0,0.0,0.0,3.0,11.0,5.0,1.0,5.0,12.836740757757024,4.044394119358453
cli_input,458,7,substance,substance,NN,general,0.1011163824519894,-0.1011163824519894,0.9956521739130435,0.9913232514177694,0.9870131503246488,0.9629629629629629,0.0,0.0,52.0,2.0,1.0,0.0,0.0,0.0,0.0,0.0,0.0,0.0,3.0,9.0,3.0,1.0,5.0,12.251778257035868,3.7548875021634687
cli_input,479,7,goals,goal,NNS,general,0.2674428576748908,-0.2674428576748908,0.672752808988764,0.4525963420022724,0.304485460420068,0.9814814814814815,0.0,0.0,53.0,1.0,1.0,0.0,0.0,0.0,0.0,0.0,0.0,0.0,2.0,5.0,2.0,1.0,5.0,11.514812662869662,2.9068905956085187
cli_input,487,7,discern,discern,VB,general,0.20868126948453886,-0.20868126948453886,0.7492307692307693,0.5613467455621303,0.4205782539827037,1.0,0.0,1.0,54.0,0.0,0.0,1.0,0.0,0.0,0.0,0.0,0.0,0.0,1.0,7.0,2.0,0.0,5.0,12.836740757757024,3.3923174227787602
cli_input,234,8,vital,vital,JJ,biomedical,0.1391349470275693,-0.10845659713126957,0.7027027027027027,0.49379108838568303,0.34698833237912863,0.0,1.0,0.0,0.0,47.0,0.0,0.0,1.0,0.0,0.0,0.0,0.0,0.0,1.0,5.0,2.0,1.0,5.0,12.836740757757024,2.9068905956085187
cli_input,235,8,often,often,RB,general,0.053926324026547956,-0.04078499471100026,0.8453237410071942,0.7145722271103979,0.604044868240804,0.02127659574468085,0.0,0.0,1.0,46.0,0.0,0.0,0.0,1.0,0.0,0.0,0.0,0.0,2.0,5.0,2.0,0.0,5.0,9.588813244313439,2.9068905956085187
cli_input,244,8,sound,sound,JJ,general,0.047961753782141556,-0.047961753782141556,0.8776978417266187,0.7703535013715646,0.6761376055203661,0.0425531914893617,0.0,0.0,2.0,45.0,0.0,0.0,1.0,0.0,0.0,0.0,0.0,0.0,3.0,5.0,2.0,0.0,5.0,10.666815756314712,2.9068905956085187
cli_input,248,8,variously,variously,RB,biomedical,0.19377079466457395,-0.19377079466457395,0.7447447447447447,0.5546447348249149,0.4130687514611979,0.06382978723404255,0.0,0.0,3.0,44.0,0.0,0.0,0.0,1.0,0.0,0.0,0.0,0.0,3.0,9.0,5.0,1.0,4.0,12.836740757757024,3.7548875021634687
cli_input,275,8,modifications,modification,NNS,biomedical,0.2754427246852931,-0.2754427246852931,0.8258258258258259,0.6819882946009073,0.5632035465923408,0.0851063829787234,0.0,0.0,4.0,43.0,1.0,0.0,0.0,0.0,0.0,0.0,0.0,0.0,3.0,13.0,6.0,1.0,5.0,12.836740757757024,4.285402218862249
cli_input,294,8,diverse,diverse,JJ,finance,0.22898484459877277,-0.22898484459877277,0.7135922330097088,0.5092138750117825,0.3633710661491846,0.10638297872340426,0.0,0.0,5.0,42.0,0.0,0.0,1.0,0.0,0.0,0.0,0.0,0.0,3.0,7.0,3.0,0.0,5.0,12.251778257035868,3.3923174227787602
cli_input,296,8,groups,group,NNS,finance,0.2294563416020737,-0.2294563416020737,0.7184466019417476,0.5161655198416439,0.37083736376972476,0.1276595744680851,0.0,0.0,6.0,41.0,1.0,0.0,0.0,0.0,0.0,0.0,0.0,0.0,3.0,6.0,2.0,0.0,5.0,12.836740757757024,3.169925001442312
cli_input,306,8,markedly,markedly,RB,finance,0.15889809912135622,-0.15889809912135622,0.7427184466019418,0.5516306909228014,0.4097062898601389,0.14893617021276595,0.0,0.0,7.0,40.0,0.0,0.0,0.0,1.0,0.0,0.0,0.0,0.0,3.0,8.0,3.0,0.0,5.0,12.836740757757024,3.584962500721156
cli_input,314,8,individuals,individual,NNS,biomedical,0.13803782699760087,-0.13803782699760087,0.6781857451403888,0.45993590491162434,0.31192197438930896,0.1702127659574468,0.0,0.0,8.0,39.0,1.0,0.0,0.0,0.0,0.0,0.0,0.0,0.0,3.0,11.0,5.0,1.0,4.0,11.836740757757024,4.044394119358453
cli_input,319,8,possibility,possibility,NN,finance,0.034929854059541875,0.020091976937588508,0.7541371158392435,0.5687227894863325,0.42889496417527206,0.19148936170212766,0.0,0.0,9.0,38.0,1.0,0.0,0.0,0.0,0.0,0.0,0.0,0.0,3.0,11.0,5.0,1.0,5.0,12.836740757757024,4.044394119358453
cli_input,321,8,advocate,advocate,VB,general,0.14358620320920817,-0.14358620320920817,0.8582887700534759,0.7366596127999084,0.6322666730181032,0.2127659574468085,0.0,0.0,10.0,37.0,0.0,1.0,0.0,0.0,0.0,0.0,0.0,0.0,3.0,8.0,4.0,0.0,5.0,12.836740757757024,3.584962500721156
cli_input,339,8,specification,specification,NN,general,0.06620580957041473,0.06620580957041473,0.9064171122994652,0.8215919814693013,0.7447050313317998,0.23404255319148937,0.0,0.0,11.0,36.0,1.0,0.0,0.0,0.0,0.0,0.0,0.0,0.0,3.0,13.0,6.0,0.0,5.0,12.836740757757024,4.285402218862249
cli_input,342,8,problem,problem,NN,general,0.06642590716757449,0.019698194920924637,0.5738255033557047,0.3292757083014279,0.18894679905887304,0.2553191489361702,0.0,0.0,12.0,35.0,1.0,0.0,0.0,0.0,0.0,0.0,0.0,0.0,3.0,7.0,2.0,0.0,5.0,12.836740757757024,3.3923174227787602
cli_input,343,8,sustain,sustain,VB,biomedical,0.04881110082228472,-0.04082560057326701,0.5,0.25,0.125,0.2765957446808511,0.0,0.0,13.0,34.0,0.0,1.0,0.0,0.0,0.0,0.0,0.0,0.0,3.0,7.0,3.0,1.0,5.0,12.836740757757024,3.3923174227787602
cli_input,343,8,range,range,NN,finance,0.07137516896003575,0.015531637628510264,0.5523349436392915,0.3050738899650193,0.16850296981964835,0.2978723404255319,0.0,0.0,14.0,33.0,1.0,0.0,0.0,0.0,0.0,0.0,0.0,0.0,3.0,5.0,2.0,1.0,5.0,11.251778257035868,2.9068905956085187
cli_input,353,8,support,support,VB,general,0.18632919203590706,-0.18632919203590706,0.7074148296593187,0.5004357412219229,0.35401566463194145,0.3191489361702128,0.0,0.0,15.0,32.0,0.0,1.0,0.0,0.0,0.0,0.0,0.0,0.0,3.0,7.0,2.0,0.4,5.0,12.251778257035868,3.3923174227787602
cli_input,357,8,produce,produce,VBP,general,0.2535039768304198,-0.2535039768304198,0.7154308617234469,0.5118413179063539,0.3661870751354075,0.3404255319148936,0.0,0.0,16.0,31.0,0.0,1.0,0.0,0.0,0.0,0.0,0.0,0.0,3.0,7.0,3.0,0.8,5.0,12.251778257035868,3.3923174227787602
cli_input,358,8,proper,proper,JJ,general,0.10354859953295796,-0.08383769314214295,0.9572192513368984,0.9162686951299723,0.877070034375749,0.3617021276595745,0.0,0.0,17.0,30.0,0.0,0.0,1.0,0.0,0.0,0.0,0.0,0.0,3.0,6.0,2.0,0.0,5.0,10.836740757757024,3.169925001442312
cli_input,361,8,superior,superior,JJ,general,0.10446883699114888,-0.02856568475765684,0.7234468937875751,0.523375408130891,0.37863431329709746,0.3829787234042553,0.0,0.0,18.0,29.0,0.0,0.0,1.0,0.0,0.0,0.0,0.0,0.0,3.0,8.0,4.0,0.2,5.0,12.836740757757024,3.584962500721156
cli_input,362,8,advise,advise,VB,biomedical,0.41095512323883554,-0.41095512323883554,0.9576719576719577,0.91713557851124,0.8783150249234626,0.40425531914893614,0.0,0.0,19.0,28.0,0.0,1.0,0.0,0.0,0.0,0.0,0.0,0.0,3.0,6.0,3.0,0.0,5.0,12.836740757757024,3.169925001442312
cli_input,364,8,demands,demand,NNS,finance,0.20310430220896944,0.16437611614593153,0.8605200945626478,0.7404948331461083,0.6372106838420412,0.425531914893617,0.0,0.0,20.0,27.0,1.0,0.0,0.0,0.0,0.0,0.0,0.0,0.0,3.0,7.0,2.0,1.0,5.0,12.836740757757024,3.3923174227787602
cli_input,376,8,basis,basis,NN,biomedical,0.09841428596145044,-0.09841428596145044,0.9947089947089947,0.9894459841549788,0.9842108202176507,0.44680851063829785,0.0,0.0,21.0,26.0,1.0,0.0,0.0,0.0,0.0,0.0,0.0,0.0,3.0,5.0,2.0,0.0,5.0,12.836740757757024,2.9068905956085187
cli_input,384,8,setups,setup,NNS,general,0.1687111921167877,-0.1687111921167877,0.8888888888888888,0.7901234567901234,0.7023319615912207,0.46808510638297873,0.0,0.0,22.0,25.0,1.0,0.0,0.0,0.0,0.0,0.0,0.0,0.0,3.0,6.0,2.0,1.0,5.0,12.836740757757024,3.169925001442312
cli_input,385,8,systems,system,NNS,general,0.15082513493915836,-0.15082513493915836,0.7064220183486238,0.4990320680077434,0.35252724070271785,0.48936170212765956,0.0,0.0,23.0,24.0,1.0,0.0,0.0,0.0,0.0,0.0,0.0,0.0,3.0,7.0,2.0,1.0,5.0,10.02938583569942,3.3923174227787602
cli_input,385,8,enduring,endure,VBG,general,0.07926039444408042,0.07926039444408042,0.8690744920993227,0.7552904728176958,0.6564036840514963,0.5106382978723404,0.0,0.0,24.0,23.0,0.0,1.0,0.0,0.0,0.0,0.0,0.0,0.0,3.0,8.0,3.0,1.0,5.0,12.836740757757024,3.584962500721156
cli_input,394,8,upgrade,upgrade,VB,general,0.1445165268312032,-0.1445165268312032,0.9120370370370371,0.8318115569272978,0.7586429477531373,0.5319148936170213,0.0,0.0,25.0,22.0,0.0,1.0,0.0,0.0,0.0,0.0,0.0,0.0,3.0,7.0,3.0,1.0,5.0,12.836740757757024,3.3923174227787602
cli_input,395,8,warm,warm,JJ,general,0.27718894017375084,-0.27718894017375084,0.891647855530474,0.795035898272093,0.7088920537640558,0.5531914893617021,0.0,0.0,26.0,21.0,0.0,0.0,1.0,0.0,0.0,0.0,0.0,0.0,3.0,4.0,1.0,1.0,4.0,12.836740757757024,2.584962500721156
cli_input,399,8,crafted,craft,VBD,general,0.08417525897311799,0.07558856613052489,0.7932405566600398,0.6292305807303298,0.4991312161260469,0.574468085106383,0.0,0.0,27.0,20.0,0.0,1.0,0.0,0.0,0.0,0.0,0.0,0.0,3.0,7.0,2.0,0.0,5.0,12.836740757757024,3.3923174227787602
cli_input,399,8,applied,apply,VBN,general,0.11794123839290296,-0.09780779258369185,0.7614503816793893,0.5798066837596876,0.44149402064907506,0.5957446808510638,0.0,0.0,28.0,19.0,0.0,1.0,0.0,0.0,0.0,0.0,0.0,0.0,3.0,7.0,3.0,1.0,5.0,12.251778257035868,3.3923174227787602
cli_input,405,8,outputs,output,NNS,general,0.12767453040008653,-0.12767453040008653,0.6044776119402985,0.36539318333704607,0.2208719988828413,0.6170212765957447,0.0,0.0,29.0,18.0,1.0,0.0,0.0,0.0,0.0,0.0,0.0,0.0,3.0,7.0,3.0,0.0,5.0,12.836740757757024,3.3923174227787602
cli_input,410,8,illuminating,illuminate,VBG,general,0.18563150426741065,-0.18563150426741065,0.9490740740740741,0.900741598079561,0.8548704981773612,0.6382978723404256,0.0,0.0,30.0,17.0,0.0,1.0,0.0,0.0,0.0,0.0,0.0,0.0,3.0,12.0,5.0,1.0,5.0,12.836740757757024,4.169925001442312
cli_input,416,8,applied,apply,VBN,biomedical,0.20847070465026524,-0.20847070465026524,0.7908745247148289,0.6254825138429065,0.49467818585294504,0.6595744680851063,0.0,0.0,31.0,16.0,0.0,1.0,0.0,0.0,0.0,0.0,0.0,0.0,3.0,7.0,3.0,0.0,5.0,12.251778257035868,3.3923174227787602
cli_input,417,8,product,product,NN,general,0.06660725012685856,-0.06660725012685856,0.8323353293413174,0.6927821004697192,0.5766270177562334,0.6808510638297872,0.0,0.0,32.0,15.0,1.0,0.0,0.0,0.0,0.0,0.0,0.0,0.0,3.0,7.0,2.0,0.0,5.0,11.02938583569942,3.3923174227787602
cli_input,422,8,facet,facet,NN,general,0.11073474652422562,-0.03308487525172721,0.9768518518518519,0.9542395404663924,0.9321506622148554,0.7021276595744681,0.0,0.0,33.0,14.0,1.0,0.0,0.0,0.0,0.0,0.0,0.0,0.0,3.0,5.0,2.0,1.0,5.0,12.836740757757024,2.9068905956085187
cli_input,422,8,outputs,output,NNS,general,0.18074735294442065,-0.18074735294442065,0.6298507462686567,0.3967119625751837,0.24986932568168285,0.723404255319149,0.0,0.0,34.0,13.0,1.0,0.0,0.0,0.0,0.0,0.0,0.0,0.0,3.0,7.0,3.0,0.0,5.0,12.836740757757024,3.3923174227787602
cli_input,426,8,field,field,NN,general,0.051087236981295095,-0.03213203698431366,0.781651376146789,0.6109788738321691,0.47757247752753035,0.7446808510638298,0.0,0.0,35.0,12.0,1.0,0.0,0.0,0.0,0.0,0.0,0.0,0.0,3.0,5.0,2.0,1.0,5.0,11.836740757757024,2.9068905956085187
cli_input,431,8,aspects,aspect,NNS,general,0.12237497702903063,-0.08219800799763051,0.8602794411177644,0.7400807168098932,0.6366762254392494,0.7659574468085106,0.0,0.0,36.0,11.0,1.0,0.0,0.0,0.0,0.0,0.0,0.0,0.0,3.0,7.0,2.0,0.0,5.0,12.836740757757024,3.3923174227787602
cli_input,435,8,stimulate,stimulate,VB,biomedical,0.0726832193033216,-0.0726832193033216,0.8269961977186312,0.6839227110410734,0.5656014815643857,0.7872340425531915,0.0,0.0,37.0,10.0,0.0,1.0,0.0,0.0,0.0,0.0,0.0,0.0,3.0,9.0,4.0,0.0,5.0,12.251778257035868,3.7548875021634687
cli_input,441,8,structure,structure,NN,biomedical,0.3520043306329647,-0.3520043306329647,0.8384030418250951,0.7029196605415721,0.5893299815567173,0.8085106382978723,0.0,0.0,38.0,9.0,1.0,0.0,0.0,0.0,0.0,0.0,0.0,0.0,3.0,9.0,3.0,0.0,5.0,11.836740757757024,3.7548875021634687
cli_input,443,8,demanding,demand,VBG,general,0.14008906735576382,-0.08781145949486269,0.8842315369261478,0.7818654108947773,0.691350053944883,0.8297872340425532,0.0,0.0,39.0,8.0,0.0,1.0,0.0,0.0,0.0,0.0,0.0,0.0,3.0,9.0,3.0,0.2,5.0,12.836740757757024,3.7548875021634687
cli_input,445,8,develop,develop,VB,biomedical,0.08879235777357923,-0.07391546287602627,0.8460076045627376,0.7157288669779814,0.6055120642684443,0.851063829787234,0.0,0.0,40.0,7.0,0.0,1.0,0.0,0.0,0.0,0.0,0.0,0.0,3.0,7.0,3.0,0.0,5.0,12.836740757757024,3.3923174227787602
cli_input,446,8,classes,class,NNS,general,0.09706714035934443,-0.06387433780728333,0.7311475409836066,0.5345767266863747,0.39085445918380834,0.8723404255319149,0.0,0.0,41.0,6.0,1.0,0.0,0.0,0.0,0.0,0.0,0.0,0.0,3.0,7.0,2.0,0.4,5.0,11.251778257035868,3.3923174227787602
cli_input,447,8,detect,detect,VB,general,0.1767986724504901,-0.1767986724504901,0.8922155688622755,0.7960486213202339,0.7102469735132626,0.8936170212765957,0.0,0.0,42.0,5.0,0.0,1.0,0.0,0.0,0.0,0.0,0.0,0.0,3.0,6.0,2.0,0.0,5.0,12.836740757757024,3.169925001442312
cli_input,467,8,transitions,transition,NNS,biomedical,0.15151864709892293,-0.15151864709892293,0.9790356394129979,0.9585107832408176,0.9384162175544273,0.9148936170212766,0.0,0.0,43.0,4.0,1.0,0.0,0.0,0.0,0.0,0.0,0.0,0.0,3.0,11.0,4.0,1.0,5.0,12.836740757757024,4.044394119358453
cli_input,472,8,big,big,JJ,general,0.073802043005286,-0.022466970773072737,0.7737704918032787,0.5987207739854878,0.46327246773959063,0.9361702127659575,0.0,0.0,44.0,3.0,0.0,0.0,1.0,0.0,0.0,0.0,0.0,0.0,3.0,3.0,1.0,0.2,5.0,12.836740757757024,2.169925001442312
cli_input,481,8,conserve,conserve,VB,general,0.18767996566971296,-0.18767996566971296,0.8666666666666667,0.7511111111111112,0.6509629629629631,0.9574468085106383,0.0,0.0,45.0,2.0,0.0,1.0,0.0,0.0,0.0,0.0,0.0,0.0,3.0,8.0,3.0,0.0,5.0,12.836740757757024,3.584962500721156
cli_input,489,8,goals,goal,NNS,general,0.12127975612427747,-0.12127975612427747,0.6434210526315789,0.41399065096952903,0.26637030042644694,0.9787234042553191,0.0,0.0,46.0,1.0,1.0,0.0,0.0,0.0,0.0,0.0,0.0,0.0,2.0,5.0,2.0,1.0,5.0,11.514812662869662,2.9068905956085187
cli_input,498,8,start,start,VB,general,0.11020522043860956,-0.11020522043860956,0.6552631578947369,0.42936980609418285,0.2813502150459251,1.0,0.0,1.0,47.0,0.0,0.0,1.0,0.0,0.0,0.0,0.0,0.0,0.0,1.0,5.0,1.0,1.0,5.0,11.836740757757024,2.9068905956085187
cli_input,305,9,crucial,crucial,JJ,biomedical,0.08623868978898673,0.03430489472045225,0.9159159159159159,0.8389019650280912,0.7683636616623658,0.0,1.0,0.0,0.0,30.0,0.0,0.0,1.0,0.0,0.0,0.0,0.0,0.0,1.0,7.0,3.0,1.0,5.0,12.836740757757024,3.3923174227787602
cli_input,323,9,proper,proper,JJ,biomedical,0.13844271857717305,-0.05706574733999843,0.96996996996997,0.9408417426435445,0.912588236858453,0.03333333333333333,0.0,0.0,1.0,29.0,0.0,0.0,1.0,0.0,0.0,0.0,0.0,0.0,2.0,6.0,2.0,1.0,5.0,10.836740757757024,3.169925001442312
cli_input,357,9,imparted,impart,VBN,biomedical,0.32604455100958313,-0.32604455100958313,0.7710583153347732,0.5945309256468986,0.4584180139437209,0.06666666666666667,0.0,0.0,2.0,28.0,0.0,1.0,0.0,0.0,0.0,0.0,0.0,0.0,3.0,8.0,3.0,1.0,5.0,12.836740757757024,3.584962500721156
cli_input,372,9,option,option,NN,finance,0.3684814675499294,-0.3684814675499294,0.8794326241134752,0.773401740355113,0.6801547220144256,0.1,0.0,0.0,3.0,27.0,1.0,0.0,0.0,0.0,0.0,0.0,0.0,0.0,3.0,6.0,3.0,1.0,5.0,11.02938583569942,3.169925001442312
cli_input,374,9,proper,proper,JJ,general,0.08605939844247619,0.08605939844247619,0.8697674418604651,0.7564954029204974,0.6579750713773629,0.13333333333333333,0.0,0.0,4.0,26.0,0.0,0.0,1.0,0.0,0.0,0.0,0.0,0.0,3.0,6.0,2.0,0.0,5.0,10.836740757757024,3.169925001442312
cli_input,374,9,applying,apply,VBG,biomedical,0.08942898328062054,-0.07601025094047595,0.5451895043731778,0.29723159567867125,0.16204754633210358,0.16666666666666666,0.0,0.0,5.0,25.0,0.0,1.0,0.0,0.0,0.0,0.0,0.0,0.0,3.0,8.0,3.0,1.0,5.0,12.836740757757024,3.584962500721156
cli_input,376,9,pick,pick,VBP,finance,0.05348466936757812,-0.039774377769871846,0.8888888888888888,0.7901234567901234,0.7023319615912207,0.2,0.0,0.0,6.0,24.0,0.0,1.0,0.0,0.0,0.0,0.0,0.0,0.0,3.0,4.0,1.0,1.0,5.0,12.836740757757024,2.584962500721156
cli_input,378,9,extensive,extensive,JJ,biomedical,0.0872404548854965,0.0872404548854965,0.5510204081632653,0.3036234902124114,0.16730273950479813,0.23333333333333334,0.0,0.0,7.0,23.0,0.0,0.0,1.0,0.0,0.0,0.0,0.0,0.0,3.0,9.0,4.0,1.0,5.0,12.836740757757024,3.7548875021634687
cli_input,382,9,organically,organically,RB,biomedical,0.19499158188664986,-0.16091859508467107,0.8250539956803455,0.6807140957881036,0.5616258846459083,0.26666666666666666,0.0,0.0,8.0,22.0,0.0,0.0,0.0,1.0,0.0,0.0,0.0,0.0,3.0,11.0,5.0,1.0,4.0,12.836740757757024,4.044394119358453
cli_input,387,9,act,act,VB,finance,0.27173594038784377,-0.27173594038784377,0.9148936170212766,0.8370303304662743,0.7657937065968041,0.3,0.0,0.0,9.0,21.0,0.0,1.0,0.0,0.0,0.0,0.0,0.0,0.0,3.0,3.0,1.0,1.0,5.0,12.251778257035868,2.169925001442312
cli_input,389,9,speedily,speedily,RB,finance,0.419847606397051,-0.419847606397051,0.9196217494089834,0.8457041619860391,0.7777279409280596,0.3333333333333333,0.0,0.0,10.0,20.0,0.0,0.0,0.0,1.0,0.0,0.0,0.0,0.0,3.0,8.0,4.0,1.0,5.0,12.836740757757024,3.584962500721156
cli_input,404,9,essential,essential,JJ,biomedical,0.1010715522353343,-0.07304403772025311,0.8145161290322581,0.6634365244536942,0.540379749756638,0.36666666666666664,0.0,0.0,11.0,19.0,0.0,0.0,1.0,0.0,0.0,0.0,0.0,0.0,3.0,9.0,4.0,1.0,5.0,12.836740757757024,3.7548875021634687
cli_input,409,9,obstacles,obstacle,NNS,finance,0.23990136180004104,-0.23990136180004104,0.966903073286052,0.9349015531300123,0.9039591849413121,0.4,0.0,0.0,12.0,18.0,1.0,0.0,0.0,0.0,0.0,0.0,0.0,0.0,3.0,9.0,3.0,1.0,5.0,12.836740757757024,3.7548875021634687
cli_input,418,9,persons,person,NNS,general,0.12016232119275344,-0.09661427685244689,0.9435665914221218,0.8903179124479614,0.8400742379305821,0.43333333333333335,0.0,0.0,13.0,17.0,1.0,0.0,0.0,0.0,0.0,0.0,0.0,0.0,3.0,7.0,2.0,1.0,4.0,11.514812662869662,3.3923174227787602
cli_input,424,9,provide,provide,VB,biomedical,0.11629328525867719,0.07660013162112675,0.8548387096774194,0.7307492195629552,0.6246727199489779,0.4666666666666667,0.0,0.0,14.0,16.0,0.0,1.0,0.0,0.0,0.0,0.0,0.0,0.0,3.0,7.0,3.0,1.0,5.0,10.02938583569942,3.3923174227787602
cli_input,425,9,communicate,communicate,VB,general,0.1172650765894289,-0.1172650765894289,0.8110687022900763,0.6578324398345085,0.5335473033008895,0.5,0.0,0.0,15.0,15.0,0.0,1.0,0.0,0.0,0.0,0.0,0.0,0.0,3.0,11.0,5.0,1.0,5.0,12.251778257035868,4.044394119358453
cli_input,435,9,robust,robust,JJ,general,0.08148209299612638,-0.07842138806120066,0.981941309255079,0.9642087348215788,0.9467963874658845,0.5333333333333333,0.0,0.0,16.0,14.0,0.0,0.0,1.0,0.0,0.0,0.0,0.0,0.0,3.0,6.0,2.0,1.0,5.0,12.836740757757024,3.169925001442312
cli_input,435,9,multiple,multiple,JJ,general,0.05587772151285468,0.05587772151285468,0.8301526717557252,0.6891534584231688,0.5721025847596916,0.5666666666666667,0.0,0.0,17.0,13.0,0.0,0.0,1.0,0.0,0.0,0.0,0.0,0.0,3.0,8.0,3.0,1.0,5.0,11.514812662869662,3.584962500721156
cli_input,436,9,meaningful,meaningful,JJ,biomedical,0.09086959259363817,0.09086959259363817,0.8790322580645161,0.7726977107180021,0.6792262134537276,0.6,0.0,0.0,18.0,12.0,0.0,0.0,1.0,0.0,0.0,0.0,0.0,0.0,3.0,10.0,4.0,1.0,5.0,12.836740757757024,3.9068905956085187
cli_input,453,9,positive,positive,JJ,general,0.06890794727078794,-0.06890794727078794,0.9005964214711729,0.8110739143666825,0.7304502648272508,0.6333333333333333,0.0,0.0,19.0,11.0,0.0,0.0,1.0,0.0,0.0,0.0,0.0,0.0,3.0,8.0,4.0,0.0,5.0,12.836740757757024,3.584962500721156
cli_input,457,9,strategies,strategy,NNS,general,0.0640543840980368,-0.010744660787196113,0.9085487077534792,0.8254607543605169,0.7499713016754598,0.6666666666666666,0.0,0.0,20.0,10.0,1.0,0.0,0.0,0.0,0.0,0.0,0.0,0.0,3.0,10.0,4.0,0.0,5.0,12.251778257035868,3.9068905956085187
cli_input,459,9,range,range,NN,general,0.08467757440906158,-0.05174476359544666,0.8422018348623853,0.7093039306455685,0.5973770718647999,0.7,0.0,0.0,21.0,9.0,1.0,0.0,0.0,0.0,0.0,0.0,0.0,0.0,3.0,5.0,2.0,1.0,5.0,11.251778257035868,2.9068905956085187
cli_input,470,9,retain,retain,VB,biomedical,0.12978244197200023,-0.12978244197200023,0.8935361216730038,0.798406800734433,0.713405316245596,0.7333333333333333,0.0,0.0,22.0,8.0,0.0,1.0,0.0,0.0,0.0,0.0,0.0,0.0,3.0,6.0,3.0,0.0,5.0,12.836740757757024,3.169925001442312
cli_input,483,9,product,product,NN,general,0.13787156731153064,-0.04746413281809501,0.9640718562874252,0.9294345440854819,0.8960416862141471,0.7666666666666667,0.0,0.0,23.0,7.0,1.0,0.0,0.0,0.0,0.0,0.0,0.0,0.0,3.0,7.0,2.0,0.0,5.0,11.02938583569942,3.3923174227787602
cli_input,529,9,key,key,JJ,general,0.04917265869125317,-0.04917265869125317,0.6960526315789474,0.48448926592797786,0.33723002852092143,0.8,0.0,0.0,24.0,6.0,0.0,0.0,1.0,0.0,0.0,0.0,0.0,0.0,3.0,3.0,2.0,1.0,5.0,12.836740757757024,2.169925001442312
cli_input,552,9,simple,simple,JJ,general,0.12944915638978555,0.12944915638978555,0.9049180327868852,0.8188766460628862,0.7410162436503495,0.8333333333333334,0.0,0.0,25.0,5.0,0.0,0.0,1.0,0.0,0.0,0.0,0.0,0.0,3.0,6.0,2.0,0.0,5.0,12.836740757757024,3.169925001442312
cli_input,554,9,tenet,tenet,NN,general,0.06542415803740198,-0.0015310352000403426,0.9081967213114754,0.8248212846009138,0.7490999863424693,0.8666666666666667,0.0,0.0,26.0,4.0,1.0,0.0,0.0,0.0,0.0,0.0,0.0,0.0,3.0,5.0,2.0,0.2,5.0,12.836740757757024,2.9068905956085187
cli_input,566,9,harness,harness,VB,general,0.22912895561184551,-0.20454969473412293,0.9278688524590164,0.860940607363612,0.7988399733898432,0.9,0.0,0.0,27.0,3.0,0.0,1.0,0.0,0.0,0.0,0.0,0.0,0.0,3.0,7.0,2.0,0.8,5.0,12.836740757757024,3.3923174227787602
cli_input,568,9,deliver,deliver,VBP,general,0.056762560356437765,0.029481909758079093,0.8738461538461538,0.763607100591716,0.6672751279016841,0.9333333333333333,0.0,0.0,28.0,2.0,0.0,1.0,0.0,0.0,0.0,0.0,0.0,0.0,3.0,7.0,3.0,0.0,5.0,12.836740757757024,3.3923174227787602
cli_input,590,9,body,body,NN,general,0.12152922622817197,-0.09071759711018243,0.9672131147540983,0.9355012093523246,0.9048290385538876,0.9666666666666667,0.0,0.0,29.0,1.0,1.0,0.0,0.0,0.0,0.0,0.0,0.0,0.0,2.0,4.0,2.0,0.8,5.0,9.749277916506685,2.584962500721156
cli_input,599,9,sense,sense,NN,general,0.19747649046963822,-0.17803337938467073,0.8412921348314607,0.7077724561292766,0.5954434005919055,1.0,0.0,1.0,30.0,0.0,1.0,0.0,0.0,0.0,0.0,0.0,0.0,0.0,1.0,5.0,2.0,1.0,5.0,11.514812662869662,2.9068905956085187
cli_input,366,10,significant,significant,JJ,finance,0.1820335928313077,-0.1820335928313077,0.8883495145631068,0.7891648600245076,0.7010542203130334,0.0,1.0,0.0,0.0,23.0,0.0,0.0,1.0,0.0,0.0,0.0,0.0,0.0,1.0,11.0,4.0,0.0,5.0,11.514812662869662,4.044394119358453
cli_input,380,10,conditions,condition,NNS,finance,0.21374407456267247,-0.21374407456267247,0.9223300970873787,0.8506928079932133,0.7846195801879152,0.043478260869565216,0.0,0.0,1.0,22.0,1.0,0.0,0.0,0.0,0.0,0.0,0.0,0.0,2.0,10.0,4.0,0.0,5.0,10.514812662869662,3.9068905956085187
cli_input,405,10,outputs,output,NNS,general,0.18853152076791116,-0.18853152076791116,0.6795302013422819,0.46176129453628223,0.3137807454483126,0.08695652173913043,0.0,0.0,2.0,21.0,1.0,0.0,0.0,0.0,0.0,0.0,0.0,0.0,3.0,7.0,3.0,0.0,5.0,12.836740757757024,3.3923174227787602
cli_input,411,10,good,good,JJ,general,0.24343011518020785,-0.24343011518020785,0.7049742710120068,0.49698872278891043,0.3503642625493005,0.13043478260869565,0.0,0.0,3.0,20.0,0.0,0.0,1.0,0.0,0.0,0.0,0.0,0.0,3.0,4.0,2.0,1.0,5.0,9.836740757757024,2.584962500721156
cli_input,414,10,outputs,output,NNS,general,0.1479142535911512,-0.0054234594350790035,0.6946308724832215,0.48251204900680156,0.3351677655852615,0.17391304347826086,0.0,0.0,4.0,19.0,1.0,0.0,0.0,0.0,0.0,0.0,0.0,0.0,3.0,7.0,3.0,0.0,5.0,12.836740757757024,3.3923174227787602
cli_input,416,10,engine,engine,NN,general,0.09706010852702925,-0.09706010852702925,0.9674418604651163,0.9359437533802055,0.90547116606085,0.21739130434782608,0.0,0.0,5.0,18.0,1.0,0.0,0.0,0.0,0.0,0.0,0.0,0.0,3.0,6.0,3.0,0.0,5.0,11.02938583569942,3.169925001442312
cli_input,461,10,purely,purely,RB,general,0.03743863973294176,0.006132606227001125,0.8797709923664122,0.7739969990093817,0.6809401079071087,0.2608695652173913,0.0,0.0,6.0,17.0,0.0,0.0,0.0,1.0,0.0,0.0,0.0,0.0,3.0,6.0,3.0,1.0,4.0,12.836740757757024,3.169925001442312
cli_input,468,10,substantially,substantially,RB,finance,0.048747439699067294,-0.0157918331308065,0.7536231884057971,0.5679479101029196,0.4280187148601713,0.30434782608695654,0.0,0.0,7.0,16.0,0.0,0.0,0.0,1.0,0.0,0.0,0.0,0.0,3.0,13.0,5.0,1.0,5.0,12.836740757757024,4.285402218862249
cli_input,472,10,brief,brief,JJ,finance,0.272752397728663,-0.272752397728663,0.7600644122383253,0.5776979107511909,0.43908762298641246,0.34782608695652173,0.0,0.0,8.0,15.0,0.0,0.0,1.0,0.0,0.0,0.0,0.0,0.0,3.0,5.0,2.0,1.0,5.0,12.836740757757024,2.9068905956085187
cli_input,473,10,classifications,classification,NNS,general,0.2543126530810743,-0.2543126530810743,0.9026717557251909,0.8148162985839986,0.7355116588363194,0.391304347826087,0.0,0.0,9.0,14.0,1.0,0.0,0.0,0.0,0.0,0.0,0.0,0.0,3.0,15.0,6.0,1.0,5.0,12.836740757757024,4.491853096329675
cli_input,474,10,stretches,stretch,NNS,finance,0.18108108199805034,-0.18108108199805034,0.7632850241545893,0.582604028098672,0.4446929296598559,0.43478260869565216,0.0,0.0,10.0,13.0,1.0,0.0,0.0,0.0,0.0,0.0,0.0,0.0,3.0,9.0,2.0,1.0,5.0,12.836740757757024,3.7548875021634687
cli_input,477,10,categories,category,NNS,general,0.01807666598694817,-0.002618544666153988,0.9103053435114504,0.8286558184254997,0.7543298194445867,0.4782608695652174,0.0,0.0,11.0,12.0,1.0,0.0,0.0,0.0,0.0,0.0,0.0,0.0,3.0,10.0,5.0,1.0,5.0,11.836740757757024,3.9068905956085187
cli_input,481,10,developed,develop,VBD,general,0.11990531880410726,-0.11990531880410726,0.9562624254473161,0.9144378263223838,0.8744425337198143,0.5217391304347826,0.0,0.0,12.0,11.0,0.0,1.0,0.0,0.0,0.0,0.0,0.0,0.0,3.0,9.0,4.0,0.0,5.0,11.836740757757024,3.7548875021634687
cli_input,487,10,crucial,crucial,JJ,general,0.06924132736401437,0.02635565516286569,0.7268656716417911,0.528333704611272,0.38402763305326787,0.5652173913043478,0.0,0.0,13.0,10.0,0.0,0.0,1.0,0.0,0.0,0.0,0.0,0.0,3.0,7.0,3.0,0.0,5.0,12.836740757757024,3.3923174227787602
cli_input,496,10,fundamental,fundamental,JJ,biomedical,0.08605328945920601,-0.024429556931894504,0.9429657794676806,0.8891844612470904,0.8384705185904122,0.6086956521739131,0.0,0.0,14.0,9.0,0.0,0.0,1.0,0.0,0.0,0.0,0.0,0.0,3.0,11.0,4.0,0.0,5.0,12.836740757757024,4.044394119358453
cli_input,503,10,starting,start,VBG,general,0.09552442435929329,0.0024827720634986506,0.7507462686567165,0.5636199599019827,0.4231355818368616,0.6521739130434783,0.0,0.0,15.0,8.0,0.0,1.0,0.0,0.0,0.0,0.0,0.0,0.0,3.0,8.0,2.0,0.0,5.0,12.251778257035868,3.584962500721156
cli_input,512,10,safeguard,safeguard,VB,biomedical,0.09905684790177202,-0.09905684790177202,0.973384030418251,0.9474764706732784,0.9222584657504156,0.6956521739130435,0.0,0.0,16.0,7.0,0.0,1.0,0.0,0.0,0.0,0.0,0.0,0.0,3.0,9.0,4.0,0.0,5.0,12.836740757757024,3.7548875021634687
cli_input,516,10,findings,finding,NNS,general,0.12038781376098084,-0.11819348885627515,0.7701492537313432,0.593129873022945,0.4567985290743874,0.7391304347826086,0.0,0.0,17.0,6.0,1.0,0.0,0.0,0.0,0.0,0.0,0.0,0.0,3.0,8.0,2.0,0.0,5.0,12.836740757757024,3.584962500721156
cli_input,516,10,frame,frame,NN,biomedical,0.03478476839419944,-0.011418581778788984,0.9809885931558935,0.9623386199019791,0.9440432088772266,0.782608695652174,0.0,0.0,18.0,5.0,1.0,0.0,0.0,0.0,0.0,0.0,0.0,0.0,3.0,5.0,2.0,0.0,5.0,12.836740757757024,2.9068905956085187
cli_input,526,10,consequences,consequence,NNS,general,0.11684124271195664,-0.11684124271195664,0.7850746268656716,0.6163421697482736,0.4838745989367043,0.8260869565217391,0.0,0.0,19.0,4.0,1.0,0.0,0.0,0.0,0.0,0.0,0.0,0.0,3.0,12.0,5.0,0.0,5.0,11.836740757757024,4.169925001442312
cli_input,565,10,strain,strain,NN,general,0.10612731534732707,0.06210169826354646,0.743421052631579,0.5526748614958449,0.41087012729625316,0.8695652173913043,0.0,0.0,20.0,3.0,1.0,0.0,0.0,0.0,0.0,0.0,0.0,0.0,3.0,6.0,2.0,1.0,5.0,12.836740757757024,3.169925001442312
cli_input,583,10,vital,vital,JJ,general,0.048265477731649485,0.034284215183791836,0.8969230769230769,0.8044710059171598,0.7215486099226218,0.9130434782608695,0.0,0.0,21.0,2.0,0.0,0.0,1.0,0.0,0.0,0.0,0.0,0.0,3.0,5.0,2.0,0.0,5.0,12.836740757757024,2.9068905956085187
cli_input,609,10,selections,selection,NNS,general,0.05731425060957993,-0.03197261176779702,0.936923076923077,0.877824852071006,0.8224543614019119,0.9565217391304348,0.0,0.0,22.0,1.0,1.0,0.0,0.0,0.0,0.0,0.0,0.0,0.0,2.0,10.0,4.0,0.0,5.0,12.836740757757024,3.9068905956085187
cli_input,663,10,goals,goal,NNS,general,0.042892686441010144,0.042892686441010144,0.9311797752808989,0.8670957738921854,0.8074220478799423,1.0,0.0,1.0,23.0,0.0,1.0,0.0,0.0,0.0,0.0,0.0,0.0,0.0,1.0,5.0,2.0,1.0,5.0,11.514812662869662,2.9068905956085187
cli_input,427,11,performing,perform,VBG,biomedical,0.13754635228030032,0.04416891092234343,0.9222462203023758,0.8505380908620183,0.784405539520695,0.0,1.0,0.0,0.0,12.0,0.0,1.0,0.0,0.0,0.0,0.0,0.0,0.0,1.0,10.0,3.0,1.0,5.0,12.836740757757024,3.9068905956085187
cli_input,453,11,avert,avert,VB,biomedical,0.15817830600412192,-0.15817830600412192,0.978401727861771,0.9572699410828991,0.9365945643856443,0.08333333333333333,0.0,0.0,1.0,11.0,0.0,1.0,0.0,0.0,0.0,0.0,0.0,0.0,2.0,5.0,2.0,1.0,5.0,12.836740757757024,2.9068905956085187
cli_input,461,11,prerequisites,prerequisite,NNS,biomedical,0.16485682930894838,-0.16485682930894838,0.9956803455723542,0.9913793505590827,0.9870969343579635,0.16666666666666666,0.0,0.0,2.0,10.0,1.0,0.0,0.0,0.0,0.0,0.0,0.0,0.0,3.0,13.0,6.0,1.0,5.0,12.836740757757024,4.285402218862249
cli_input,480,11,Ultimately,ultimately,RB,finance,0.10488052530997627,-4.5894715629768434e-05,0.7729468599033816,0.5974468482344979,0.46179466530202734,0.25,0.0,0.0,3.0,9.0,0.0,0.0,0.0,1.0,0.0,0.0,0.0,0.0,3.0,10.0,5.0,1.0,4.0,12.836740757757024,3.9068905956085187
cli_input,485,11,consequences,consequence,NNS,general,0.06689044568445005,-0.03843218642063781,0.8319039451114922,0.6920641738920646,0.5757309165311344,0.3333333333333333,0.0,0.0,4.0,8.0,1.0,0.0,0.0,0.0,0.0,0.0,0.0,0.0,3.0,12.0,5.0,1.0,5.0,11.836740757757024,4.169925001442312
cli_input,511,11,goals,goal,NNS,finance,0.05427600785633766,-0.05427600785633766,0.822866344605475,0.6771090210843764,0.5571702250790923,0.4166666666666667,0.0,0.0,5.0,7.0,1.0,0.0,0.0,0.0,0.0,0.0,0.0,0.0,3.0,5.0,2.0,1.0,5.0,11.514812662869662,2.9068905956085187
cli_input,539,11,tension,tension,NN,general,0.07170668843000501,-0.07170668843000501,0.8044776119402985,0.6471842281131656,0.5206452223179049,0.5,0.0,0.0,6.0,6.0,1.0,0.0,0.0,0.0,0.0,0.0,0.0,0.0,3.0,7.0,3.0,0.0,5.0,12.836740757757024,3.3923174227787602
cli_input,552,11,stress,stress,NN,general,0.14885155248452814,-0.14200016558976233,0.8238805970149253,0.6787792381376698,0.5592330439581995,0.5833333333333334,0.0,0.0,7.0,5.0,1.0,0.0,0.0,0.0,0.0,0.0,0.0,0.0,3.0,6.0,1.0,0.0,5.0,11.251778257035868,3.169925001442312
cli_input,556,11,aid,aid,VB,general,0.1337130518155874,-0.1337130518155874,0.8298507462686567,0.6886522610826465,0.571478592779032,0.6666666666666666,0.0,0.0,8.0,4.0,0.0,1.0,0.0,0.0,0.0,0.0,0.0,0.0,3.0,3.0,2.0,0.0,5.0,12.836740757757024,2.169925001442312
cli_input,567,11,foster,foster,VB,biomedical,0.09193506855289915,0.017317774282683496,0.9529411764705882,0.9080968858131487,0.8653629147160593,0.75,0.0,0.0,9.0,3.0,0.0,1.0,0.0,0.0,0.0,0.0,0.0,0.0,3.0,6.0,2.0,1.0,5.0,12.836740757757024,3.169925001442312
cli_input,591,11,applicable,applicable,JJ,biomedical,0.050820162223648956,0.009936928124105581,0.9932773109243698,0.9865998163971471,0.9799672125894352,0.8333333333333334,0.0,0.0,10.0,2.0,0.0,0.0,1.0,0.0,0.0,0.0,0.0,0.0,3.0,10.0,4.0,1.0,5.0,12.836740757757024,3.9068905956085187
cli_input,620,11,foster,foster,VB,general,0.24184250032270013,-0.24184250032270013,0.9538461538461539,0.9098224852071007,0.8678306781975422,0.9166666666666666,0.0,0.0,11.0,1.0,0.0,1.0,0.0,0.0,0.0,0.0,0.0,0.0,2.0,6.0,2.0,0.0,5.0,12.836740757757024,3.169925001442312
cli_input,684,11,aspects,aspect,NNS,general,0.2519236272084159,-0.2519236272084159,0.9606741573033708,0.9228948365105416,0.8866012193443967,1.0,0.0,1.0,12.0,0.0,1.0,0.0,0.0,0.0,0.0,0.0,0.0,0.0,1.0,7.0,2.0,1.0,5.0,12.836740757757024,3.3923174227787602
cli_input,500,13,schemes,scheme,NNS,biomedical,0.10109773842871159,-0.04133740746455543,0.7288629737609329,0.5312412345196303,0.38720206597640694,0.0,1.0,0.0,0.0,10.0,1.0,0.0,0.0,0.0,0.0,0.0,0.0,0.0,1.0,7.0,2.0,1.0,5.0,12.836740757757024,3.3923174227787602
cli_input,512,13,communicate,communicate,VB,biomedical,0.29317516201502286,-0.29317516201502286,0.7463556851311953,0.557046808727656,0.4157550525780756,0.1,0.0,0.0,1.0,9.0,0.0,1.0,0.0,0.0,0.0,0.0,0.0,0.0,2.0,11.0,5.0,1.0,5.0,12.251778257035868,4.044394119358453
cli_input,522,13,crucial,crucial,JJ,general,0.19023926035005928,-0.19023926035005928,0.8758389261744967,0.7670938246024954,0.6718506316149373,0.2,0.0,0.0,2.0,8.0,0.0,0.0,1.0,0.0,0.0,0.0,0.0,0.0,3.0,7.0,3.0,0.0,5.0,12.836740757757024,3.3923174227787602
cli_input,565,13,sterling,sterling,JJ,finance,0.10114041956744683,-0.10114041956744683,0.9098228663446055,0.827777648123514,0.7531310325117317,0.3,0.0,0.0,3.0,7.0,0.0,0.0,1.0,0.0,0.0,0.0,0.0,0.0,3.0,8.0,2.0,1.0,5.0,12.836740757757024,3.584962500721156
cli_input,585,13,variety,variety,NN,finance,0.2967477777080599,-0.2967477777080599,0.9420289855072463,0.8874186095358118,0.8359740524612719,0.4,0.0,0.0,4.0,6.0,1.0,0.0,0.0,0.0,0.0,0.0,0.0,0.0,3.0,7.0,4.0,1.0,5.0,9.666815756314712,3.3923174227787602
cli_input,591,13,groups,group,NNS,finance,0.10860816127419995,-0.07820540964558446,0.9516908212560387,0.9057154192629934,0.8619610511826555,0.5,0.0,0.0,5.0,5.0,1.0,0.0,0.0,0.0,0.0,0.0,0.0,0.0,3.0,6.0,2.0,1.0,5.0,12.836740757757024,3.169925001442312
cli_input,640,13,support,support,VB,general,0.10339712242393562,-0.07260245537049662,0.9552238805970149,0.9124526620628202,0.8715965727167237,0.6,0.0,0.0,6.0,4.0,0.0,1.0,0.0,0.0,0.0,0.0,0.0,0.0,3.0,7.0,2.0,0.0,5.0,12.251778257035868,3.3923174227787602
cli_input,666,13,applicable,applicable,JJ,general,0.06017587638145834,0.022055099463448257,0.9940298507462687,0.9880953441746493,0.9821962674930096,0.7,0.0,0.0,7.0,3.0,0.0,0.0,1.0,0.0,0.0,0.0,0.0,0.0,3.0,10.0,4.0,0.0,5.0,12.836740757757024,3.9068905956085187
cli_input,695,13,grasp,grasp,VB,general,0.27541212697284695,-0.27541212697284695,0.9144736842105263,0.8362621191135734,0.7647397010314915,0.8,0.0,0.0,8.0,2.0,0.0,1.0,0.0,0.0,0.0,0.0,0.0,0.0,3.0,5.0,1.0,1.0,5.0,12.836740757757024,2.9068905956085187
cli_input,717,13,change,change,VB,general,0.09669099380432043,-0.09669099380432043,0.9434210526315789,0.8900432825484764,0.8396855705095495,0.9,0.0,0.0,9.0,1.0,0.0,1.0,0.0,0.0,0.0,0.0,0.0,0.0,2.0,6.0,2.0,1.0,5.0,11.836740757757024,3.169925001442312
cli_input,721,13,phase,phase,NN,general,0.17250409335410283,-0.17250409335410283,0.9486842105263158,0.9000017313019391,0.8538174319324975,1.0,0.0,1.0,10.0,0.0,1.0,0.0,0.0,0.0,0.0,0.0,0.0,0.0,1.0,5.0,2.0,1.0,5.0,12.836740757757024,2.9068905956085187
cli_input,523,14,help,help,VB,biomedical,0.2819455677662021,-0.2819455677662021,0.7623906705539358,0.58123953454768,0.44313159849626327,0.0,1.0,0.0,0.0,1.0,0.0,1.0,0.0,0.0,0.0,0.0,0.0,0.0,1.0,4.0,1.0,1.0,5.0,8.514812662869662,2.584962500721156
cli_input,527,14,elevate,elevate,VB,biomedical,0.20432318593634147,-0.20432318593634147,0.7682215743440233,0.5901643872876097,0.4533770147238634,1.0,0.0,1.0,1.0,0.0,0.0,1.0,0.0,0.0,0.0,0.0,0.0,0.0,1.0,7.0,4.0,1.0,5.0,12.836740757757024,3.3923174227787602
cli_input,523,12,fine,fine,JJ,general,0.15228655630339644,-0.15228655630339644,0.8970840480274442,0.8047597892253059,0.7219371694079502,0.0,1.0,0.0,0.0,4.0,0.0,0.0,1.0,0.0,0.0,0.0,0.0,0.0,1.0,4.0,2.0,1.0,5.0,12.836740757757024,2.584962500721156
cli_input,567,12,understanding,understand,VBG,general,0.10069812223813061,-0.10069812223813061,0.9725557461406518,0.9458646793511999,0.9199061289744945,0.25,0.0,0.0,1.0,3.0,0.0,1.0,0.0,0.0,0.0,0.0,0.0,0.0,2.0,13.0,4.0,1.0,5.0,11.514812662869662,4.285402218862249
cli_input,608,12,sound,sound,JJ,general,0.1122299780303794,-0.1122299780303794,0.9074626865671642,0.8234885275116953,0.7472851115330011,0.5,0.0,0.0,2.0,2.0,0.0,0.0,1.0,0.0,0.0,0.0,0.0,0.0,3.0,5.0,2.0,0.0,5.0,10.666815756314712,2.9068905956085187
cli_input,638,12,vital,vital,JJ,general,0.12988355901463827,0.12988355901463827,0.8394736842105263,0.7047160664819944,0.59159059265199,0.75,0.0,0.0,3.0,1.0,0.0,0.0,1.0,0.0,0.0,0.0,0.0,0.0,2.0,5.0,2.0,1.0,5.0,12.836740757757024,2.9068905956085187
cli_input,676,12,preference,preference,NN,general,0.053005482946296034,0.010400897056879868,0.8894736842105263,0.7911634349030471,0.7037190552558682,1.0,0.0,1.0,4.0,0.0,1.0,0.0,0.0,0.0,0.0,0.0,0.0,0.0,1.0,10.0,4.0,1.0,5.0,12.836740757757024,3.9068905956085187
