document_id,token_index,sentence_index,paragraph_index,token_text,lemma,pos,domain_class,character_offset,normalized_position,mean_delta_z,median_delta_z,std_delta_z,mean_abs_delta_z,clean_transition_rate,standard_error,ci95_low,ci95_high,n_trials,status
cli_input,58,1,0,difficulties,difficulty,NNS,general,177,0.17791411042944785,-0.08027400022747169,-0.07984655160167664,0.12628904165074023,0.1305416766451494,0.0,0.05647817638887148,-0.1909712259496598,0.030423225494716405,5,valid
cli_input,115,2,0,procedures,procedure,NNS,general,364,0.35276073619631904,0.02241291879502514,-0.02751687822753479,0.11447054709278051,0.09059775870705371,0.0,0.051192784944209625,-0.07792493969562572,0.12275077728567602,5,valid
cli_input,142,3,0,range,range,NN,general,463,0.43558282208588955,-0.09834594335318445,-0.18891884964042016,0.1331461263398406,0.1334235565649012,0.0,0.05954475788733177,-0.21505366881235471,0.01836178210598581,5,valid
cli_input,171,4,0,manifested,manifest,VBN,general,546,0.5245398773006135,-0.0858442386463412,-0.07540460815119965,0.21071271215898454,0.1831695934772728,0.0,0.09423358962216717,-0.27054207430578886,0.09885359701310643,5,valid
cli_input,196,4,0,complication,complication,NN,general,633,0.6012269938650306,-0.05383993207610986,-0.21301241159671092,0.22106685663424472,0.20177496183994323,0.0,0.0988641038012743,-0.2476135755266075,0.13993371137438776,5,valid
cli_input,242,5,0,intricate,intricate,JJ,general,768,0.7423312883435583,-0.12776796492512096,-0.21560350460673106,0.13601807780221256,0.1479624128447615,0.0,0.060829133626920495,-0.24699306683388514,-0.008542863016356789,5,valid
cli_input,247,6,0,Perceiving,perceive,VBG,general,799,0.7576687116564417,-0.020361508417134865,0.0428957070825684,0.12642403056922266,0.10543674286306977,0.0,0.05653854526845866,-0.13117705714331385,0.09045404030904411,5,valid
cli_input,263,6,0,change,change,NN,general,856,0.8067484662576687,-0.07986943794444037,-0.0007455809740899433,0.1269009850679723,0.09475891818381439,0.0,0.05675184580473436,-0.1911030557217197,0.03136417983283897,5,valid
cli_input,273,6,0,people,people,NN,general,889,0.8374233128834356,-0.15015749138973744,-0.12081165060958987,0.13168775459799417,0.15015749138973744,0.25,0.06584387729899709,-0.2792114908957717,-0.021103491883703168,4,valid
cli_input,304,6,0,spheres,sphere,NNS,general,983,0.9325153374233128,-0.20113718425441407,-0.21458569830913543,0.17098563775150255,0.23034840494911676,0.4,0.07646710183770279,-0.35101270385631156,-0.05126166465251661,5,valid
cli_input,16,0,0,detailed,detail,VBD,general,41,0.053691275167785234,-0.2876862872735976,-0.33112268529665956,0.11900842608350717,0.2876862872735976,1.0,0.05322218612359622,-0.3920017720758462,-0.183370802471349,5,valid
cli_input,60,1,0,comprehensive,comprehensive,JJ,general,178,0.20134228187919462,-0.08390726495861212,-0.1079166202074473,0.12196476380598055,0.1087761070936629,1.0,0.05454430054597569,-0.19081409402872446,0.02299956411150024,5,valid
cli_input,109,2,0,substance,substance,NN,general,345,0.36577181208053694,-0.3391873448685304,-0.29212230651650595,0.1008592996914839,0.3391873448685304,1.0,0.04510565005463631,-0.42759441897561756,-0.25078027076144327,5,valid
cli_input,133,2,0,meanings,meaning,NNS,general,417,0.4463087248322148,-0.25855696265620887,-0.24415342367352943,0.07460696191981733,0.25855696265620887,1.0,0.03336524768948995,-0.32395284812760916,-0.19316107718480857,5,valid
cli_input,137,2,0,duration,duration,NN,general,431,0.4597315436241611,0.06004581040661554,0.1402867503751346,0.16549384506086,0.15417964276153392,1.0,0.07401109748278016,-0.08501594065963357,0.20510756147286463,5,valid
cli_input,150,3,0,applicants,applicant,NNS,general,471,0.5033557046979866,0.055651748146626726,0.05331498020370762,0.08406077205363316,0.08326474951096072,1.0,0.03759312011060767,-0.01803076727016431,0.12933426356341776,5,valid
cli_input,155,3,0,imports,import,NNS,general,488,0.5201342281879194,0.14778600937543235,0.2027167306109836,0.11077469318832302,0.14778600937543235,1.0,0.04953994883115463,0.05068770966636928,0.24488430908449543,5,valid
cli_input,165,3,0,displaying,display,VBG,general,525,0.5536912751677853,-0.3758423834717381,-0.33373019257955394,0.18098121798690042,0.3758423834717381,1.0,0.0809372612138834,-0.5344794154509496,-0.21720535149252665,5,valid
cli_input,230,5,0,repeatedly,repeatedly,RB,general,723,0.7718120805369127,0.19392374003323223,0.1501008321133519,0.08188978854528667,0.19392374003323223,1.0,0.03662222677006892,0.12214417556389716,0.2657033045025673,5,valid
cli_input,238,5,0,transitions,transition,NNS,general,753,0.7986577181208053,-0.0612371489451593,-0.010808561166503639,0.0860415595377396,0.0612371489451593,1.0,0.03847895520329623,-0.13665590114361992,0.014181603253301311,5,valid
cli_input,253,6,0,applied,apply,VBN,general,796,0.8489932885906041,-0.19493592405535703,-0.10368636053010905,0.12998860923110406,0.19493592405535703,1.0,0.05813267330828106,-0.3088759637395879,-0.08099588437112615,5,valid
cli_input,261,6,0,mission,mission,NN,general,819,0.8758389261744967,0.09835016657584694,0.0768201647404636,0.06625863203632967,0.09835016657584694,1.0,0.02963176106587569,0.04027191488673059,0.1564284182649633,5,valid
cli_input,8,0,0,structures,structure,NNS,general,29,0.014678899082568808,0.1157991811319004,0.1602021807871048,0.1408369257547969,0.16746126706148923,1.0,0.06298418794596335,-0.007649827242187768,0.23924818950598856,5,valid
cli_input,20,0,0,duties,duty,NNS,general,69,0.03669724770642202,-0.12695024023291338,-0.09196059779166599,0.05939570732070343,0.12695024023291338,1.0,0.026562567828154953,-0.1790128731760971,-0.07488760728972967,5,valid
cli_input,39,0,0,apprehending,apprehend,VBG,general,132,0.07155963302752294,-0.35185408961161885,-0.3669319448304502,0.06492927553666061,0.35185408961161885,1.0,0.029037254765957452,-0.4087671089528955,-0.2949410702703422,5,valid
cli_input,63,1,0,endeavors,endeavor,NNS,general,223,0.11559633027522936,0.02253383589236462,-0.018388092713361504,0.0589695588100294,0.04592309181913423,1.0,0.02637198842047947,-0.02915526141177514,0.07422293319650437,5,valid
cli_input,67,1,0,regularly,regularly,RB,general,237,0.12293577981651377,-0.11414859275104701,-0.12872531827569378,0.021874065686217546,0.11414859275104701,1.0,0.009782379563735602,-0.1333220566959688,-0.09497512880612523,5,valid
cli_input,108,2,0,extensive,extensive,JJ,general,362,0.1981651376146789,-0.21970593462034776,-0.21304475065360395,0.1514866445466788,0.21970593462034776,1.0,0.06774688697794432,-0.3524898330971186,-0.08692203614357691,5,valid
cli_input,110,2,0,types,type,NNS,general,372,0.2018348623853211,-0.09637090924898369,-0.10028896287450362,0.07105511067752879,0.09637090924898369,1.0,0.0317768115247451,-0.15865345983748408,-0.0340883586604833,5,valid
cli_input,132,3,0,act,act,VB,general,437,0.24220183486238533,-0.13625831814851072,-0.07943231416534768,0.11424067319308788,0.13625831814851072,1.0,0.05108998221101649,-0.23639468328210303,-0.03612195301491841,5,valid
cli_input,138,3,0,mission,mission,NN,general,452,0.25321100917431194,-0.01270101785291895,-0.005079065314372855,0.026618771387192264,0.021317524660506272,1.0,0.011904276459857656,-0.03603339971423995,0.010631364008402054,5,valid
cli_input,170,3,0,act,act,VB,general,560,0.3119266055045872,-0.162158764659092,-0.19952980845699275,0.13843620522856415,0.17951544692315893,1.0,0.061910553087636246,-0.28350344871085903,-0.04081408060732494,5,valid
cli_input,176,3,0,diversity,diversity,NN,general,571,0.3229357798165138,-0.23508718428946768,-0.2634147099559956,0.03878906201465974,0.23508718428946768,1.0,0.017346995889646822,-0.26908729623317545,-0.2010870723457599,5,valid
cli_input,180,3,0,endeavors,endeavor,NNS,general,584,0.3302752293577982,-0.08405967892280733,-0.08783209456341146,0.08966542564445008,0.09641873199203901,1.0,0.04009959739448865,-0.16265488981600507,-0.005464468029609579,5,valid
cli_input,249,4,0,fathom,fathom,VB,general,802,0.45688073394495415,-0.15907174066492927,-0.15227889405782902,0.0667555489242073,0.15907174066492927,1.0,0.0298539890539681,-0.21758555921070674,-0.1005579221191518,5,valid
cli_input,385,8,0,systems,system,NNS,general,1222,0.7064220183486238,-0.15082513493915836,-0.14786077836952494,0.045133862062250826,0.15082513493915836,1.0,0.020184476731658338,-0.1903867093332087,-0.11126356054510803,5,valid
cli_input,426,8,0,field,field,NN,general,1332,0.781651376146789,-0.03213203698431366,-0.040860133321436676,0.04583107818042211,0.051087236981295095,1.0,0.020496281258706242,-0.07230474825137789,0.00804067428275057,5,valid
cli_input,459,9,0,range,range,NN,general,1443,0.8422018348623853,-0.05174476359544666,-0.06799457888455396,0.08017092297135964,0.08467757440906158,1.0,0.03585352671657192,-0.12201767595992762,0.01852814876903429,5,valid
cli_input,43,1,0,work,work,VBP,general,101,0.1235632183908046,-0.10595281727534948,-0.13278711626253203,0.13857789205301366,0.1356340025144193,1.0,0.06197391736183328,-0.2274216953045427,0.01551606075384375,5,valid
cli_input,94,1,0,structure,structure,NN,general,220,0.27011494252873564,-0.17277164657562766,-0.11579820539863905,0.13203429980686393,0.17277164657562766,1.0,0.059047533945947014,-0.2885048131096838,-0.05703848004157151,5,valid
cli_input,101,2,0,scheme,scheme,NN,general,242,0.29022988505747127,-0.18240318422465182,-0.130977108102304,0.2076939762364581,0.1906399221969522,1.0,0.09288356987638925,-0.36445498118237474,-0.00035138726692887645,5,valid
cli_input,127,2,0,effects,effect,NNS,general,316,0.3649425287356322,-0.34757814552944855,-0.3386761225443329,0.19457864601636846,0.34757814552944855,1.0,0.0870182158924937,-0.5181338486787361,-0.1770224423801609,5,valid
cli_input,148,3,0,setups,setup,NNS,general,383,0.42528735632183906,-0.1105716767278544,-0.06344301125521179,0.18089386524485884,0.11174798980789982,1.0,0.0808981958800382,-0.2691321406527293,0.04798878719702049,5,valid
cli_input,188,4,0,effects,effect,NNS,general,489,0.5402298850574713,-0.026365448964741134,-0.04960212417436616,0.12405274813379046,0.10673189601915127,1.0,0.055478075524563124,-0.13510247699288486,0.08237157906340259,5,valid
cli_input,225,5,0,structure,structure,NN,general,595,0.646551724137931,-0.04157748630830551,-0.007066960515625276,0.07926623644835429,0.04550123714394947,1.0,0.035448938603818335,-0.11105740597178945,0.027902433355178426,5,valid
cli_input,278,6,0,locating,locate,VBG,general,730,0.7988505747126436,-0.020390582620759923,0.06220187743063188,0.1670378460487645,0.13444659356491126,1.0,0.07470159571603642,-0.16680571022419133,0.12602454498267146,5,valid
cli_input,288,6,0,diversity,diversity,NN,general,761,0.8275862068965517,-0.05708609688699231,-0.10584025845867318,0.13549695383045224,0.12101495418197375,1.0,0.06059607990180834,-0.17585441349453665,0.06168221972055204,5,valid
cli_input,306,6,0,outputs,output,NNS,general,814,0.8793103448275862,0.053513159170694255,-0.002858664161105251,0.10965901463846016,0.05694355616402056,1.0,0.049041002215448284,-0.04260720517158438,0.14963352351297288,5,valid
cli_input,12,0,0,setup,setup,NN,general,30,0.031496062992125984,-0.4161763991958748,-0.4763962058841811,0.10344165772828641,0.4161763991958748,0.0,0.046260515677142976,-0.5068470099230751,-0.32550578846867456,5,valid
cli_input,14,0,0,constructed,construct,VBD,general,36,0.03674540682414698,-0.31174668668120786,-0.29647873768449307,0.08301024121252538,0.31174668668120786,0.0,0.037123308435972266,-0.3845083712157135,-0.2389850021467022,5,valid
cli_input,31,1,0,applied,apply,VBD,general,81,0.08136482939632546,-0.2590465432962124,-0.22968780603345884,0.14414121771040692,0.2590465432962124,0.0,0.0644619122320133,-0.38539189127095846,-0.13270119532146635,5,valid
cli_input,35,1,0,setup,setup,NN,general,96,0.09186351706036745,-0.24838730401905734,-0.20794251961646681,0.1577047105484802,0.24838730401905734,0.0,0.07052769063166597,-0.3866215776571227,-0.11015303038099203,5,valid
cli_input,105,2,0,realm,realm,NN,general,294,0.2755905511811024,-0.207389073241223,-0.23324955646250078,0.09043454454356288,0.207389073241223,0.0,0.040443557822727856,-0.2866584465737696,-0.1281196999086764,5,valid
cli_input,112,3,0,outputs,output,NNS,general,312,0.29396325459317585,-0.2506284180334582,-0.3724408881499359,0.1725318937153222,0.2506284180334582,0.0,0.07715860852684583,-0.40185929074607607,-0.09939754532084036,5,valid
cli_input,118,3,0,presented,present,VBD,general,329,0.30971128608923887,-0.08080434631929805,-0.03885679022852129,0.1648910974528683,0.11638189139821567,0.0,0.07374154055783119,-0.2253377658126472,0.06372907317405109,5,valid
cli_input,139,3,0,applicable,applicable,JJ,general,377,0.3648293963254593,-0.056220157446261874,-0.011759958473122722,0.08437699510303329,0.06701259256305532,0.0,0.03773453935750986,-0.1301798545869812,0.017739539694457455,5,valid
cli_input,211,5,0,factors,factor,NNS,general,598,0.5538057742782152,-0.05779938517464034,-0.04504061422085304,0.04236481383627232,0.05779938517464034,0.0,0.01894612071840571,-0.09493378178271553,-0.020664988566565144,5,valid
cli_input,301,6,0,types,type,NNS,general,843,0.7900262467191601,-0.2886543559818485,-0.2783136699842119,0.04066396249128889,0.2886543559818485,0.0,0.01818547687300473,-0.3242978906529378,-0.25301082131075925,5,valid
cli_input,305,6,0,consequences,consequence,NNS,general,852,0.800524934383202,-0.1675746251538115,-0.19256706161329395,0.0827469483456045,0.1675746251538115,0.0,0.037005560286287084,-0.24010552331493418,-0.09504372699268882,5,valid
cli_input,337,7,0,selections,selection,NNS,general,944,0.884514435695538,-0.3340434220128884,-0.35252227059483143,0.11231509887215048,0.3340434220128884,0.0,0.050228839195547687,-0.4324919468361619,-0.23559489718961493,5,valid
cli_input,364,7,0,group,group,NN,general,1028,0.9553805774278216,-0.1693369834882666,-0.22895697757567746,0.21301048980679183,0.19986419958315044,0.0,0.0952611870257025,-0.3560489100586435,0.017374943082110322,5,valid
cli_input,373,7,0,elevate,elevate,VB,general,1046,0.979002624671916,-0.23072946344551548,-0.27268161875376284,0.20048287751369537,0.23355058253418273,0.0,0.08965866848907737,-0.4064604536841071,-0.05499847320692383,5,valid
cli_input,379,7,0,products,product,NNS,general,1067,0.994750656167979,-0.1216691076254179,-0.04331742564031549,0.11078035569618767,0.1216691076254179,0.0,0.049542481181656335,-0.21877237074146433,-0.02456584450937148,5,valid
cli_input,4,0,0,structure,structure,NN,general,14,0.009259259259259259,0.0422257035635464,0.12144169019500639,0.1204059643872973,0.1133628115349167,1.0,0.05384718425328311,-0.0633147775728885,0.1477661846999813,5,valid
cli_input,13,0,0,system,system,NN,general,45,0.03009259259259259,-0.18991498071044693,-0.16575541848385544,0.11984319582258869,0.18991498071044693,1.0,0.053595506500025425,-0.29496217345049675,-0.08486778797039711,5,valid
cli_input,28,0,0,system,system,NN,general,92,0.06481481481481481,-0.04090233997747443,-0.021516460952765604,0.06420337355503553,0.05760903662535579,1.0,0.028712621530774352,-0.09717907817779216,0.015374398222843297,5,valid
cli_input,47,0,0,selection,selection,NN,general,138,0.1087962962962963,-0.09793047287232852,-0.15043171264617516,0.15947128109445224,0.15164740038248564,1.0,0.07131772499723445,-0.23771321386690802,0.041852268122251,5,valid
cli_input,71,1,0,utilized,utilize,VBN,general,210,0.16435185185185186,-0.15347332258676658,-0.20713810567757385,0.09554134736721026,0.15347332258676658,1.0,0.042727389475000536,-0.23721900595776763,-0.06972763921576552,5,valid
cli_input,77,1,0,range,range,NN,general,224,0.17824074074074073,-0.09905762614253075,-0.12109951123221196,0.18988058956242643,0.17169603991850546,1.0,0.0849171811738645,-0.26549530124330517,0.06738004895824368,5,valid
cli_input,81,1,0,fields,field,NNS,general,233,0.1875,0.030541098741313187,0.08804368373731886,0.10504591745271752,0.0882828785077205,1.0,0.046977962436621584,-0.06153570763446512,0.1226179051170915,5,valid
cli_input,90,1,0,often,often,RB,general,254,0.20833333333333334,-0.1289948590344403,-0.19779546704905582,0.0942091124491891,0.1289948590344403,1.0,0.042131595907261704,-0.21157278701267324,-0.04641693105620737,5,valid
cli_input,108,1,0,installations,installation,NNS,general,314,0.25,-0.10165049597633431,-0.11338773287840742,0.13358254080546575,0.14541421942370267,1.0,0.059739928369632184,-0.2187407555808134,0.015439763628144768,5,valid
cli_input,143,2,0,strategies,strategy,NNS,general,446,0.33101851851851855,-0.16883531211899533,-0.20570209499098535,0.05067756576289435,0.16883531211899533,1.0,0.022663696396009552,-0.21325615705517403,-0.12441446718281661,5,valid
cli_input,145,2,0,used,use,VBD,general,457,0.33564814814814814,-0.0671060390529683,-0.03984280985943123,0.0604110683543774,0.0671060390529683,1.0,0.027016651086754842,-0.1200586751830078,-0.014153402922928812,5,valid
cli_input,153,2,0,approaches,approach,NNS,general,483,0.3541666666666667,-0.09480838028109562,-0.09310764721433529,0.15684873099629842,0.12038998140022479,1.0,0.07014488493846031,-0.23229235476047783,0.04267559419828659,5,valid
cli_input,186,2,0,circle,circle,NN,general,604,0.4305555555555556,0.015937878550946572,0.1294996845157541,0.15805745083945447,0.13946174286795837,1.0,0.07068544088547027,-0.12260558558457517,0.15448134268646832,5,valid
cli_input,258,4,0,aspects,aspect,NNS,general,806,0.5972222222222222,-0.1341728132045263,-0.1281505832361276,0.07805064537822479,0.1341728132045263,1.0,0.03490530975068808,-0.20258722031587492,-0.06575840609317765,5,valid
cli_input,269,5,0,features,feature,NNS,general,831,0.6226851851851852,0.06442909832790455,0.13726290654903606,0.1351556899483391,0.12859278151994716,1.0,0.06044346205407425,-0.05404008729808096,0.18289828395389007,5,valid
cli_input,294,6,0,frameworks,framework,NNS,general,907,0.6805555555555556,-0.1542963731605188,-0.12131770880413839,0.12504270012608132,0.1542963731605188,1.0,0.055920795514407866,-0.26390113236875823,-0.044691613952279385,5,valid
cli_input,338,7,0,structures,structure,NNS,general,1080,0.7824074074074074,-0.2218926059818414,-0.17445740594506098,0.12014357617848889,0.2218926059818414,1.0,0.05372984067900511,-0.3272030937126914,-0.11658211825099139,5,valid
cli_input,364,7,0,installations,installation,NNS,general,1187,0.8425925925925926,-0.17309556090279393,-0.17124386763874955,0.1506032420466362,0.17908220844032058,1.0,0.06735181736962662,-0.3051051229472621,-0.041085998858325756,5,valid
cli_input,384,8,0,setups,setup,NNS,general,1270,0.8888888888888888,-0.1687111921167877,-0.2522014383823544,0.14689768464262443,0.1687111921167877,1.0,0.06569464171964702,-0.29747268988729586,-0.03994969434627954,5,valid
cli_input,394,8,0,upgrade,upgrade,VB,general,1297,0.9120370370370371,-0.1445165268312032,-0.18784334574245687,0.07069761937385814,0.1445165268312032,1.0,0.03161693655347058,-0.20648572247600552,-0.08254733118640087,5,valid
cli_input,410,8,0,illuminating,illuminate,VBG,general,1362,0.9490740740740741,-0.18563150426741065,-0.15471064257823564,0.09595484627973667,0.18563150426741065,1.0,0.0429123118104068,-0.269739635415808,-0.10152337311901333,5,valid
cli_input,422,8,0,facet,facet,NN,general,1396,0.9768518518518519,-0.03308487525172721,0.02902886932198423,0.1414486837891571,0.11073474652422562,1.0,0.06325777445608556,-0.1570701131856549,0.09090036268220049,5,valid
cli_input,50,1,0,diversity,diversity,NN,finance,155,0.15337423312883436,-0.20800624605815568,-0.208997303535773,0.08204870105491195,0.20800624605815568,1.0,0.036693294604868365,-0.2799251034836977,-0.1360873886326137,5,valid
cli_input,54,1,0,outcomes,outcome,NNS,finance,168,0.1656441717791411,-0.41049216590582677,-0.4385077424123031,0.13726602462771298,0.41049216590582677,1.0,0.061387232413745295,-0.5308111414367676,-0.290173190374886,5,valid
cli_input,58,1,0,amenities,amenity,NNS,finance,181,0.17791411042944785,0.18191185121780062,0.27598878092587315,0.17473079315332332,0.193606567371287,1.0,0.07814198625065716,0.028753558166512594,0.33507014426908865,5,valid
cli_input,113,2,0,heightened,heighten,VBD,finance,358,0.34662576687116564,0.053221959262171215,0.09187796719505709,0.10001815959715316,0.09851422079469496,1.0,0.04472948076873148,-0.0344478230445425,0.14089174156888493,5,valid
cli_input,123,2,0,diversity,diversity,NN,finance,384,0.3773006134969325,-0.2158436560494826,-0.208997303535773,0.11614700704019576,0.2158436560494826,1.0,0.05194252062500487,-0.31765099647449213,-0.11403631562447306,5,valid
cli_input,127,2,0,outcomes,outcome,NNS,finance,397,0.3895705521472393,0.09645106219841862,0.15099062462728297,0.1812032230336455,0.1696965310159412,1.0,0.0810365448890574,-0.06238056578413387,0.2552826901809711,5,valid
cli_input,162,3,0,services,service,NNS,finance,503,0.49693251533742333,-0.19345065323503668,-0.2212826822575089,0.1231221381502376,0.20105967322747706,1.0,0.0550618940878103,-0.30137196564714486,-0.0855293408229285,5,valid
cli_input,250,4,0,facilities,facility,NNS,finance,792,0.7668711656441718,-0.12442092875608413,-0.15325848313476131,0.11010875805141387,0.1396308912949033,1.0,0.04924213358420774,-0.2209355105811313,-0.027906346931036954,5,valid
cli_input,4,0,0,discerning,discern,VBG,general,17,0.012618296529968454,0.04542099477416313,0.04150133915829002,0.04634638306126622,0.04542099477416313,1.0,0.020726732607247212,0.004796598863958591,0.08604539068436767,5,valid
cli_input,46,0,0,investigate,investigate,VB,general,130,0.14511041009463724,0.009209710955904527,-0.027773842021471373,0.09265550686295489,0.07762107845048902,1.0,0.041436802367053084,-0.0720064216835195,0.09042584359532857,5,valid
cli_input,96,1,0,duties,duty,NNS,general,290,0.3028391167192429,-0.3632407216221808,-0.3328732329507409,0.06345475211540713,0.3632407216221808,1.0,0.028377827845089784,-0.4188612641985568,-0.3076201790458048,5,valid
cli_input,107,1,0,building,build,VBG,general,326,0.33753943217665616,-0.23888561445310302,-0.18925980698039357,0.16467812560754588,0.23888561445310302,1.0,0.07364629665314429,-0.3832323558932658,-0.09453887301294023,5,valid
cli_input,123,2,0,engines,engine,NNS,general,383,0.38801261829652994,0.02705610039164763,-0.09616955487626755,0.19839508690512833,0.16807570047651682,1.0,0.08872498014436905,-0.14684486069131572,0.20095706147461098,5,valid
cli_input,135,2,0,strategies,strategy,NNS,general,422,0.42586750788643535,-0.08900812930383613,-0.1649314683221561,0.1753574939475519,0.16228025084010558,1.0,0.07842225536614679,-0.2427157498214838,0.06469949121381156,5,valid
cli_input,155,2,0,delve,delve,VB,general,500,0.4889589905362776,-0.19219632220976102,-0.19277655883444234,0.12490596349489196,0.19219632220976102,1.0,0.05585964503393712,-0.30168122647627776,-0.08271141794324426,5,valid
cli_input,159,2,0,edifice,edifice,NN,general,510,0.501577287066246,-0.15021196582841623,-0.15021196582841623,0.08570333269400872,0.15021196582841623,1.0,0.060601407718220306,-0.268990724956128,-0.03143320670070443,2,under_sampled
cli_input,176,3,0,discerning,discern,VBG,general,560,0.555205047318612,-0.1072734989760975,0.038626622769394436,0.21775781399449615,0.16908891444315746,1.0,0.09738425494468968,-0.29814663866768926,0.08359964071549425,5,valid
cli_input,186,3,0,structure,structure,NN,general,601,0.5867507886435331,0.1119866515488616,0.1720466742495932,0.12294767991738165,0.1529436668425172,1.0,0.054983873994230215,0.0042182585201703815,0.21975504457755282,5,valid
cli_input,201,3,0,substances,substance,NNS,general,658,0.6340694006309149,-0.00219636138399133,-0.009289877263158774,0.09195423676717662,0.06413762080610678,1.0,0.041123184846103486,-0.08279780368235416,0.0784050809143715,5,valid
cli_input,235,4,0,diversity,diversity,NN,general,761,0.7413249211356467,-0.19817954062755525,-0.08201687578061934,0.1888849473667554,0.19817954062755525,1.0,0.08447191644770699,-0.36374449686506094,-0.03261458439004955,5,valid
cli_input,256,4,0,setups,setup,NNS,general,847,0.807570977917981,-0.21532336479956676,-0.2525880888936458,0.08455967131377279,0.21532336479956676,1.0,0.03781623464252698,-0.2894431846989196,-0.1412035449002139,5,valid
cli_input,265,4,0,engines,engine,NNS,general,881,0.8359621451104101,-0.19790727175342288,-0.30353748717649065,0.1738047838741198,0.20261106998596637,1.0,0.07772786231143822,-0.35025388188384177,-0.045560661623003984,5,valid
cli_input,276,5,0,sphere,sphere,NN,general,906,0.8706624605678234,-0.17655272878175426,-0.24124525092177374,0.10144614698677064,0.17655272878175426,1.0,0.045368096143570916,-0.26547419722315324,-0.08763126034035527,5,valid
cli_input,309,5,0,mortals,mortal,NNS,general,1017,0.9747634069400631,-0.3100843624124556,-0.29440583967575734,0.10710165482252543,0.3100843624124556,1.0,0.053550827411262714,-0.41504398413853055,-0.2051247406863807,4,valid
cli_input,29,0,0,exercised,exercise,VBN,general,78,0.11026615969581749,-0.2194243388323179,-0.2807254842459005,0.19426999217644295,0.2194243388323179,1.0,0.08688018169897574,-0.38970949496231033,-0.04913918270232545,5,valid
cli_input,85,1,0,applied,apply,VBN,general,221,0.3231939163498099,0.0020656291387561145,-0.048104138820056395,0.08614683251494151,0.06634275244942325,1.0,0.03852603470993968,-0.07344539889272565,0.07757665717023789,5,valid
cli_input,125,1,0,selection,selection,NN,general,333,0.4752851711026616,-0.22491709211379546,-0.13104681438350324,0.1872428041585726,0.22491709211379546,1.0,0.08373752767924973,-0.3890426463651249,-0.060791537862465994,5,valid
cli_input,131,1,0,works,work,NNS,general,352,0.49809885931558934,0.06644095961719684,0.028489131836558962,0.11581763803468968,0.06644095961719684,1.0,0.05179522232780625,-0.03507767614530341,0.1679595953796971,5,valid
cli_input,151,2,0,express,express,VB,general,402,0.5741444866920152,-0.059173392082639345,-0.002448956694271795,0.1698992549875235,0.08694712111148553,1.0,0.07598125669573455,-0.20809665520627907,0.08974987104100036,5,valid
cli_input,216,4,0,part,part,NN,general,593,0.8212927756653993,-0.17324328664083416,-0.14701924532346033,0.05088122065040573,0.17324328664083416,1.0,0.022754773630494652,-0.21784264295660366,-0.12864393032506466,5,valid
cli_input,230,4,0,effects,effect,NNS,general,627,0.8745247148288974,-0.18911305243046977,-0.30537538944924886,0.17171296416487403,0.18911305243046977,1.0,0.07679237209812874,-0.3396261017428021,-0.03860000311813744,5,valid
cli_input,71,1,0,diversity,diversity,NN,general,193,0.21712538226299694,0.07181399390357668,0.08536609278699792,0.031310727712059006,0.07181399390357668,1.0,0.01400258311783008,0.04436893099262972,0.09925905681452363,5,valid
cli_input,202,4,0,reduce,reduce,VB,general,595,0.617737003058104,-0.1010326437128212,-0.08501447176663635,0.10554893770746604,0.1084682209352775,1.0,0.04720291993335697,-0.19355036678220086,-0.008514920643441531,5,valid
cli_input,262,4,0,features,feature,NNS,general,759,0.8012232415902141,0.002594648196828686,-0.015521460806699361,0.054312560864217804,0.04435819703127146,1.0,0.024289315624897147,-0.045012410427969725,0.05020170682162709,5,valid
cli_input,309,5,0,suitable,suitable,JJ,general,895,0.944954128440367,-0.28538617504741703,-0.22594584113279548,0.08863487977716414,0.28538617504741703,1.0,0.03963872327185208,-0.3630780726602471,-0.20769427743458696,5,valid
cli_input,57,1,0,rules,rule,NNS,general,182,0.1832797427652733,-0.27862691324619127,-0.3196172062934214,0.12307297277191119,0.27862691324619127,1.0,0.055039906662194826,-0.3865051303040931,-0.17074869618828942,5,valid
cli_input,71,1,0,structure,structure,NN,general,223,0.2282958199356913,-0.135461354317303,-0.11733362561939376,0.1633864582084536,0.17964658029756905,1.0,0.07306864543140615,-0.2786758993628591,0.007753190728253062,5,valid
cli_input,96,1,0,greater,great,JJR,general,283,0.3086816720257235,-0.29500658872328045,-0.33716984883378637,0.0720178001116217,0.29500658872328045,1.0,0.03220733932791561,-0.35813297380599507,-0.23188020364056583,5,valid
cli_input,112,1,0,individuals,individual,NNS,general,329,0.36012861736334406,-0.05994502792255599,-0.02378743174672382,0.13020753136488922,0.08655404406237263,1.0,0.06510376568244461,-0.1875484086601474,0.06765835281503543,4,valid
cli_input,123,2,0,exercised,exercise,VBN,general,378,0.3954983922829582,0.1817273370205304,0.2285507892577403,0.14706201345746348,0.20997175716398284,1.0,0.06576813179977543,0.052821798692970545,0.31063287534809025,5,valid
cli_input,129,2,0,range,range,NN,general,393,0.41479099678456594,-0.1235255847767579,-0.13940969187251517,0.07803989605773999,0.1260426216731447,1.0,0.03490050250842489,-0.1919305696932707,-0.05512059986024512,5,valid
cli_input,155,2,0,engine,engine,NN,general,479,0.4983922829581994,0.09001822330709057,0.03267248637550768,0.196632145505131,0.15393622361201736,1.0,0.08793656878222052,-0.08233745150606163,0.26237389812024275,5,valid
cli_input,162,3,0,repeatedly,repeatedly,RB,general,493,0.5209003215434084,-0.269173372391314,-0.2645018200834871,0.04856971144109886,0.269173372391314,1.0,0.021721035285969265,-0.3117466015518138,-0.22660014323081423,5,valid
cli_input,243,4,0,findings,finding,NNS,general,731,0.7813504823151125,-0.357367895150382,-0.3349697223597606,0.0678689983335201,0.357367895150382,1.0,0.030351938767714175,-0.41685769513510174,-0.2978780951656622,5,valid
cli_input,253,4,0,important,important,JJ,general,761,0.8135048231511254,-0.2531437368055438,-0.15206130596145906,0.1392074313915378,0.2531437368055438,1.0,0.06225545591292333,-0.3751644303948735,-0.1311230432162141,5,valid
cli_input,269,5,0,significant,significant,JJ,general,798,0.864951768488746,0.11553812964955172,0.10368126574447323,0.10175170863256261,0.12314350275192801,1.0,0.04550474746583243,0.026348824616520147,0.2047274346825833,5,valid
cli_input,293,5,0,process,process,NN,general,878,0.9421221864951769,-0.11807474005042777,-0.1289076267786976,0.08091013210135896,0.12233849756346601,1.0,0.036184111089425305,-0.18899559778570135,-0.047153882315154175,5,valid
cli_input,58,1,0,beginning,begin,VBG,general,125,0.16066481994459833,-0.08962918338028172,-0.09420132501003287,0.10016252349864918,0.08962918338028172,1.0,0.04479404226817992,-0.17742550622591435,-0.0018328605346490806,5,valid
cli_input,109,2,0,discipline,discipline,NN,general,255,0.30193905817174516,-0.07814253570031578,-0.1100606327084841,0.14641110186843512,0.14339835977764417,1.0,0.06547703528769347,-0.20647752486419496,0.05019245346356342,5,valid
cli_input,173,3,0,goals,goal,NNS,general,434,0.4792243767313019,-0.19667178317826525,-0.22196322437961302,0.07126508857652569,0.19667178317826525,1.0,0.03187071649593103,-0.25913838751029006,-0.13420517884624042,5,valid
cli_input,184,3,0,indicating,indicate,VBG,general,464,0.5096952908587258,-0.20616198029637287,-0.21161541229962433,0.08399520628914928,0.20616198029637287,1.0,0.037563798209331124,-0.27978702478666184,-0.13253693580608386,5,valid
cli_input,219,4,0,basic,basic,JJ,general,554,0.6066481994459834,-0.01750125408412697,0.05921380243313168,0.13247162518926925,0.08855781700388499,1.0,0.05924311180261589,-0.1336177532172541,0.09861524504900018,5,valid
cli_input,221,4,0,rules,rule,NNS,general,560,0.6121883656509696,-0.18665867501970718,-0.21598322595316555,0.07014704688431071,0.18665867501970718,1.0,0.03137071305083671,-0.24814527259934713,-0.12517207744006723,5,valid
cli_input,228,4,0,process,process,NN,general,576,0.631578947368421,-0.14031538988238865,-0.09521024667344413,0.14007263623720254,0.14031538988238865,1.0,0.06264238728279704,-0.2630944689566709,-0.017536310808106442,5,valid
cli_input,295,6,0,aspects,aspect,NNS,general,762,0.817174515235457,-0.12371838876857191,-0.11750938129358302,0.03551130362659717,0.12371838876857191,1.0,0.015881137775741214,-0.1548454188090247,-0.09259135872811913,5,valid
cli_input,314,6,0,often,often,RB,general,823,0.8698060941828255,-0.0883311604190935,-0.09682675600423307,0.10373415801034419,0.1164067994868884,1.0,0.04639132577996679,-0.17925815894782843,0.00259583810964141,5,valid
cli_input,333,7,0,problems,problem,NNS,general,875,0.9224376731301939,-0.15570014593273815,-0.20249529995881965,0.10942300334736643,0.1711480627445376,1.0,0.048935454757379676,-0.2516136372572023,-0.05978665460827398,5,valid
cli_input,351,7,0,discipline,discipline,NN,general,926,0.9722991689750693,-0.17233719180676652,-0.1801272254667894,0.09559299264566724,0.17233719180676652,1.0,0.04275048594566988,-0.25612814426027947,-0.08854623935325355,5,valid
cli_input,85,1,0,requirement,requirement,NN,biomedical,246,0.32075471698113206,-0.32579279787752224,-0.402112379330383,0.12488803310746392,0.32579279787752224,1.0,0.055851626320906726,-0.4352619854664994,-0.21632361028854508,5,valid
cli_input,91,1,0,brisk,brisk,JJ,biomedical,272,0.3433962264150943,-0.06920782282563025,-0.14438286840404035,0.12159182074863412,0.11656047932413813,1.0,0.05437751534038305,-0.17578775289278104,0.03737210724152053,5,valid
cli_input,124,1,0,requirement,requirement,NN,biomedical,380,0.4679245283018868,-0.007457265091987897,0.03560451501208095,0.13806099581352982,0.09344106863714849,1.0,0.061742754336073305,-0.12847306359069158,0.11355853340671578,5,valid
cli_input,137,2,0,reach,reach,VB,biomedical,417,0.5169811320754717,-0.35270885250874795,-0.300577316450401,0.15547007803710244,0.35270885250874795,1.0,0.06952833259163162,-0.4889843843883459,-0.21643332062915,5,valid
cli_input,263,4,0,necessity,necessity,NN,biomedical,775,0.9924528301886792,-0.2080033365549025,-0.2090971257576848,0.0024457870104765554,0.2080033365549025,1.0,0.0010937892027823137,-0.21014716339235584,-0.20585950971744915,5,valid
cli_input,14,0,0,demand,demand,NN,general,41,0.0374331550802139,-0.2842436700448368,-0.38288233716111386,0.1406176270613017,0.2842436700448368,0.6,0.06288611458875693,-0.40750045463880036,-0.16098688545087325,5,valid
cli_input,18,0,0,probing,probe,VBG,general,56,0.0481283422459893,-0.07438440677808238,-0.10578281298665693,0.15444937104835155,0.14366272475763875,0.0,0.0690718585492404,-0.20976524953459358,0.06099643597842881,5,valid
cli_input,24,0,0,sector,sector,NN,general,77,0.06417112299465241,-0.10418627419871189,-0.13500700104540342,0.04493177311306285,0.10418627419871189,0.0,0.020094099806081175,-0.143570709818631,-0.06480183857879279,5,valid
cli_input,117,2,0,basis,basis,NN,general,310,0.31283422459893045,-0.14003305871347024,-0.143760756720416,0.03375349303775864,0.14003305871347024,0.0,0.015095020982098837,-0.16961929983838397,-0.11044681758855653,5,valid
cli_input,182,4,0,scrutinize,scrutinize,VB,general,482,0.48663101604278075,-0.22817335064790684,-0.23172451749139356,0.10109463093050403,0.22817335064790684,0.0,0.04521089338417196,-0.31678670168088385,-0.1395599996149298,5,valid
cli_input,188,4,0,sector,sector,NN,general,506,0.5026737967914439,-0.2656697765755315,-0.25594804561122597,0.06339060469605093,0.2656697765755315,0.2,0.02834914024703745,-0.32123409145972487,-0.2101054616913381,5,valid
cli_input,196,4,0,fitting,fitting,JJ,general,527,0.5240641711229946,-0.20867508064217274,-0.2457876046438352,0.06930141795041932,0.20867508064217274,0.0,0.03099253629485235,-0.26942045178008334,-0.14792970950426215,5,valid
cli_input,222,5,0,curtail,curtail,VB,general,597,0.5935828877005348,-0.12606882775956466,-0.1382867932739158,0.13183882718317882,0.15407289531728527,0.0,0.05896011593108699,-0.24163065498449515,-0.010507000534634159,5,valid
cli_input,242,5,0,warm,warm,JJ,general,665,0.6470588235294118,-0.24463840573746892,-0.2083785844042737,0.10022502557641055,0.24463840573746892,0.25,0.05011251278820528,-0.34285893080235125,-0.1464178806725866,4,valid
cli_input,255,6,0,vital,vital,JJ,general,696,0.6818181818181818,-0.06616223072611578,-0.03290302212241891,0.151830128721452,0.1271305663517182,0.0,0.06790049777074197,-0.19924720635677007,0.06692274490453849,5,valid
cli_input,321,8,0,advocate,advocate,VB,general,895,0.8582887700534759,-0.14358620320920817,-0.11578276868390125,0.09306458863680904,0.14358620320920817,0.0,0.0416197492979919,-0.2251609118332723,-0.06201149458514406,5,valid
cli_input,339,8,0,specification,specification,NN,general,937,0.9064171122994652,0.06620580957041473,0.000648251097745467,0.12001070041599736,0.06620580957041473,0.0,0.05367041683150647,-0.03898820741933795,0.17139982656016742,5,valid
cli_input,358,8,0,proper,proper,JJ,general,987,0.9572192513368984,-0.08383769314214295,-0.09083938686547999,0.107610716793196,0.10354859953295796,0.0,0.04812497557141289,-0.17816264526211223,0.010487258977826305,5,valid
cli_input,48,2,0,vital,vital,JJ,biomedical,130,0.0967741935483871,-0.22552600357663705,-0.2602839542572404,0.10138270771368647,0.22552600357663705,1.0,0.045339725238159045,-0.31439186504342875,-0.13666014210984534,5,valid
cli_input,80,2,0,apt,apt,JJ,biomedical,231,0.16129032258064516,-0.2175094410766695,-0.261259290418574,0.14195052856872664,0.2175094410766695,1.0,0.06348220626433973,-0.3419345653547754,-0.09308431679856363,5,valid
cli_input,108,3,0,help,help,VB,biomedical,300,0.21774193548387097,-0.10306500822008662,-0.08097981769060425,0.056961302036710904,0.10306500822008662,1.0,0.02547386868819656,-0.15299379084895187,-0.05313622559122136,5,valid
cli_input,144,3,0,allow,allow,VB,biomedical,392,0.2903225806451613,-0.22100600177907684,-0.19251242640697552,0.07851355190125925,0.22100600177907684,1.0,0.035112327841234706,-0.2898261643478969,-0.1521858392102568,5,valid
cli_input,148,3,0,system,system,NN,biomedical,403,0.29838709677419356,-0.13328551659157317,-0.1480237990542601,0.04974691348884725,0.13328551659157317,1.0,0.022247496046372734,-0.17689060884246371,-0.08968042434068262,5,valid
cli_input,183,4,0,warm,warm,JJ,biomedical,503,0.3689516129032258,0.12040701272168647,0.11528921084884469,0.21478994557827746,0.17633371541211934,1.0,0.10739497278913873,-0.09008713394502543,0.33090115938839837,4,valid
cli_input,261,6,0,lowerring,lower,VBG,biomedical,743,0.5262096774193549,-0.08530523585355385,-0.0732377797148347,0.058543012868069164,0.08530523585355385,1.0,0.026181231276129514,-0.13662044915476768,-0.03399002255234,5,valid
cli_input,291,6,0,lowerring,lower,VBG,biomedical,824,0.5866935483870968,-0.13687100965375737,-0.08964396840604771,0.08400280759205428,0.13687100965375737,1.0,0.03756719761533376,-0.21050271697981154,-0.0632393023277032,5,valid
cli_input,319,7,0,aid,aid,VB,biomedical,919,0.6431451612903226,0.08214910695105475,0.09678784504707694,0.1300164975742906,0.13332248672347288,1.0,0.058145145354510056,-0.03181537794378496,0.19611359184589444,5,valid
cli_input,338,7,0,bolster,bolster,VB,biomedical,961,0.6814516129032258,-0.2536950427739475,-0.27550165900888346,0.04747885122411597,0.2536950427739475,1.0,0.021233187766144482,-0.2953120907955907,-0.21207799475230432,5,valid
cli_input,404,9,0,essential,essential,JJ,biomedical,1176,0.8145161290322581,-0.07304403772025311,-0.06553253293524208,0.12560071608602089,0.1010715522353343,1.0,0.056170347838198804,-0.18313791948312277,0.03704984404261655,5,valid
cli_input,424,9,0,provide,provide,VB,biomedical,1236,0.8548387096774194,0.07660013162112675,0.09149091819807254,0.11376592668423012,0.11629328525867719,1.0,0.050877669117839155,-0.023120099849837997,0.17632036309209148,5,valid
cli_input,436,9,0,meaningful,meaningful,JJ,biomedical,1275,0.8790322580645161,0.09086959259363817,0.06797368097648104,0.04300796790681186,0.09086959259363817,1.0,0.019233747962752134,0.05317144658664398,0.12856773860063236,5,valid
cli_input,24,0,0,distinct,distinct,JJ,biomedical,64,0.040336134453781515,-0.07022517193906633,-0.011001776710946154,0.11976401565674161,0.09217417566997306,1.0,0.05356009605336467,-0.17520296020366108,0.034752616325528424,5,valid
cli_input,26,0,0,demands,demand,NNS,biomedical,73,0.043697478991596636,-0.0031358696422062126,0.04638034645063932,0.15989069528524077,0.1247481486147648,1.0,0.0715052927255007,-0.14328624338418758,0.13701450409977514,5,valid
cli_input,87,1,0,applicable,applicable,JJ,biomedical,247,0.146218487394958,-0.02697151672196433,0.03692172425746715,0.11110235782241888,0.0769959069687843,1.0,0.04968648491028682,-0.12435702714612651,0.07041399370219784,5,valid
cli_input,147,2,0,stamina,stamina,NN,biomedical,401,0.24705882352941178,-0.2115020316354105,-0.21576267107060748,0.07154521719615373,0.2115020316354105,1.0,0.031995993823117325,-0.27421417952872046,-0.14878988374210056,5,valid
cli_input,234,4,0,aid,aid,VB,biomedical,629,0.39327731092436974,0.08196966115232154,0.09793653387886109,0.11734103572243648,0.12842696871930137,1.0,0.05247650648511982,-0.020884291558513304,0.18482361386315638,5,valid
cli_input,253,4,0,bolster,bolster,VB,biomedical,671,0.42521008403361343,-0.19540575691177908,-0.19225296729083519,0.015540841440096584,0.19540575691177908,1.0,0.006950075577520337,-0.20902790504371893,-0.18178360877983923,5,valid
cli_input,303,5,0,lessen,lessen,VB,biomedical,827,0.5092436974789916,0.08943680787756272,0.08469732720241424,0.052623354225095134,0.08943680787756272,1.0,0.023533879450272698,0.04331040415502824,0.1355632116000972,5,valid
cli_input,350,6,0,meanings,meaning,NNS,biomedical,959,0.5882352941176471,-0.09829692557087388,-0.10121859392065047,0.07273340793133924,0.09829692557087388,1.0,0.03252736887393938,-0.16205056856379507,-0.034543282577952694,5,valid
cli_input,378,7,0,groups,group,NNS,biomedical,1051,0.6352941176470588,-0.10693175460308843,-0.14324335637018976,0.04986020932969212,0.10693175460308843,1.0,0.02229816348671216,-0.15063615503704425,-0.0632273541691326,5,valid
cli_input,567,11,0,foster,foster,VB,biomedical,1614,0.9529411764705882,0.017317774282683496,-0.02916212819873054,0.12334107971423434,0.09193506855289915,1.0,0.05515980773184966,-0.09079544887174185,0.12543099743710884,5,valid
cli_input,591,11,0,applicable,applicable,JJ,biomedical,1685,0.9932773109243698,0.009936928124105581,0.020720944653119633,0.07157520664425195,0.050820162223648956,1.0,0.03200940551202839,-0.05280150667947006,0.07267536292768123,5,valid
cli_input,6,0,0,suggested,suggest,VBD,general,16,0.010067114093959731,-0.02527652715723434,-0.013517013858464821,0.07318995362615795,0.0589327389478342,0.0,0.032731542315629275,-0.08943035009586772,0.038877295781399035,5,valid
cli_input,22,0,0,diverse,diverse,JJ,general,68,0.03691275167785235,-0.13858886638056153,-0.24427587655375027,0.17558158389887446,0.1805290322800615,0.0,0.07852247143899317,-0.2924929104009881,0.01531517763986509,5,valid
cli_input,34,0,0,decrease,decrease,VB,general,108,0.05704697986577181,0.058875400501785705,0.03661311456895566,0.03275279893325743,0.058875400501785705,0.0,0.014647496973629241,0.030166306433472394,0.08758449457009901,5,valid
cli_input,48,0,0,manner,manner,NN,general,149,0.08053691275167785,-0.18422822842861236,-0.1583908341579774,0.03873089565251226,0.18422822842861236,0.0,0.017320983101693697,-0.218177355307932,-0.15027910154929272,5,valid
cli_input,89,1,0,regularly,regularly,RB,general,274,0.1493288590604027,-0.15452743638382738,-0.13699380673134964,0.09330828859999488,0.15452743638382738,0.0,0.04172873523475144,-0.2363157574439402,-0.07273911532371455,5,valid
cli_input,97,1,0,intent,intent,NN,general,303,0.16275167785234898,-0.05849599589914911,-0.059412030396577276,0.016338607903298625,0.05849599589914911,0.0,0.007306847585898207,-0.0728174171675096,-0.044174574630788624,5,valid
cli_input,134,2,0,arena,arena,NN,general,419,0.22483221476510068,-0.28807368251185267,-0.2910453522802565,0.07491831613889119,0.28807368251185267,0.0,0.03350448952927605,-0.35374248198923375,-0.2224048830344716,5,valid
cli_input,139,3,0,endeavors,endeavor,NNS,general,429,0.2332214765100671,-0.1698834671292646,-0.20662128750902253,0.09939811283028858,0.1698834671292646,0.0,0.044452187424743855,-0.25700975448176255,-0.08275717977676665,5,valid
cli_input,151,3,0,forming,form,VBG,general,472,0.2533557046979866,-0.17324019362428614,-0.12846023266668594,0.09270810077882106,0.17324019362428614,0.0,0.04146032308126902,-0.2545024268635734,-0.09197796038499886,5,valid
cli_input,164,4,0,consequences,consequence,NNS,general,514,0.2751677852348993,-0.27402026965057247,-0.2636888044325041,0.04902154415092248,0.27402026965057247,0.0,0.021923101016693976,-0.3169895476432927,-0.23105099165785228,5,valid
cli_input,177,4,0,people,people,NN,general,569,0.29697986577181207,-0.11586927702278454,-0.12565583573012762,0.11529537349598624,0.1283446720870976,0.0,0.05764768674799312,-0.22885874304885107,-0.002879810996718024,4,valid
cli_input,187,4,0,obstacles,obstacle,NNS,general,598,0.313758389261745,-0.24570614528013826,-0.28991342313423196,0.11590597218387862,0.24570614528013826,0.0,0.05183472656027047,-0.3473022093382684,-0.14411008122200814,5,valid
cli_input,194,5,0,outputs,output,NNS,general,623,0.32550335570469796,-0.24970101173758463,-0.2532725850627182,0.07650342108093713,0.24970101173758463,0.0,0.034213370009653174,-0.3167592169565049,-0.1826428065186644,5,valid
cli_input,217,5,0,frequent,frequent,JJ,general,689,0.3640939597315436,-0.10022036154871831,-0.09100154158037022,0.11593909275174327,0.11063308474668845,0.0,0.051849538528510215,-0.20184545706459833,0.0014047339671617032,5,valid
cli_input,221,5,0,result,result,NN,general,703,0.37080536912751677,-0.046340543532644496,-0.028467594084232495,0.0748179095012797,0.06380358460971625,0.0,0.033459586315857756,-0.11192133271172569,0.0192402456464367,5,valid
cli_input,254,6,0,body,body,NN,general,794,0.4261744966442953,-0.29496030334884293,-0.3329111569797758,0.07245616500670106,0.29496030334884293,0.0,0.032403382068785014,-0.35847093220366155,-0.23144967449402432,5,valid
cli_input,286,7,0,unusual,unusual,JJ,general,878,0.4798657718120805,0.16678048267226053,0.21612063514284863,0.08783848751639035,0.16678048267226053,0.0,0.0392825658254831,0.08978665365431367,0.2437743116902074,5,valid
cli_input,342,8,0,problem,problem,NN,general,1060,0.5738255033557047,0.019698194920924637,0.003480234765147472,0.0835709733406855,0.06642590716757449,0.0,0.03737407546711909,-0.053554992994628785,0.09295138283647805,5,valid
cli_input,405,10,0,outputs,output,NNS,general,1234,0.6795302013422819,-0.18853152076791116,-0.19244987099544875,0.0497407769327378,0.18853152076791116,0.0,0.022244751695051038,-0.2321312340902112,-0.14493180744561113,5,valid
cli_input,414,10,0,outputs,output,NNS,general,1263,0.6946308724832215,-0.0054234594350790035,0.09591335951561497,0.17059477891204014,0.1479142535911512,0.0,0.07629230445077387,-0.15495637615859578,0.1441094572884378,5,valid
cli_input,522,13,0,crucial,crucial,JJ,general,1583,0.8758389261744967,-0.19023926035005928,-0.16461027042391874,0.0989443397865295,0.19023926035005928,0.0,0.044249253950303394,-0.2769677980926539,-0.10351072260746463,5,valid
cli_input,12,0,0,tension,tension,NN,biomedical,34,0.031746031746031744,-0.06797798795327106,-0.06591265495914911,0.11432295518814992,0.10843839382271066,0.0,0.051126779837873094,-0.16818647643550233,0.032230500528960204,5,valid
cli_input,38,1,0,obstacles,obstacle,NNS,biomedical,115,0.10052910052910052,-0.12309554579517287,-0.11023220760288366,0.08622751125978602,0.12309554579517287,0.0,0.03856211534150201,-0.19867729186451683,-0.047513799725828934,5,valid
cli_input,43,1,0,burden,burden,NN,biomedical,132,0.11375661375661375,-0.139114523499103,-0.17703767846787644,0.16204961900833695,0.16227049267100294,0.0,0.07247079276611669,-0.28115727732069173,0.0029282303224857087,5,valid
cli_input,77,1,0,lowerred,lower,VBD,biomedical,217,0.2037037037037037,-0.14474212551202212,-0.14241591496304373,0.09289156571012086,0.14474212551202212,0.0,0.04154237109284375,-0.22616517285399584,-0.06331907817004838,5,valid
cli_input,97,1,0,prerequisites,prerequisite,NNS,biomedical,267,0.2566137566137566,-0.15353872834839333,-0.11160522640871484,0.11878481650313671,0.15353872834839333,0.0,0.05312218487917051,-0.2576582107115675,-0.04941924598521913,5,valid
cli_input,102,2,0,obstacles,obstacle,NNS,biomedical,297,0.2698412698412698,-0.29800016262148954,-0.2737179343814802,0.07474748609401212,0.29800016262148954,0.0,0.033428092010686264,-0.3635192229624346,-0.23248110228054447,5,valid
cli_input,107,2,0,burden,burden,NN,biomedical,314,0.2830687830687831,-0.139114523499103,-0.17703767846787644,0.16204961900833695,0.16227049267100294,0.0,0.07247079276611669,-0.28115727732069173,0.0029282303224857087,5,valid
cli_input,123,2,0,challenges,challenge,NNS,biomedical,363,0.3253968253968254,-0.2906936548348198,-0.3548505900580805,0.14345926838726158,0.2906936548348198,0.0,0.0641569352232607,-0.41644124787241077,-0.16494606179722882,5,valid
cli_input,142,3,0,issues,issue,NNS,biomedical,435,0.37566137566137564,-0.31312255034700087,-0.38775685369952084,0.10442659374557928,0.31312255034700087,0.0,0.046700992454773924,-0.40465649555835775,-0.221588605135644,5,valid
cli_input,147,3,0,stress,stress,NN,biomedical,449,0.3888888888888889,-0.30839400035595094,-0.21690070002474027,0.17726476382414794,0.30839400035595094,0.0,0.07927521238524807,-0.4637734166310371,-0.15301458408086474,5,valid
cli_input,165,3,0,obstacles,obstacle,NNS,biomedical,507,0.4365079365079365,-0.07921463916133557,0.008264748579903447,0.1649632026991742,0.08913233745721971,0.0,0.07377378700428605,-0.22381126168973625,0.06538198336706509,5,valid
cli_input,173,3,0,type,type,NN,biomedical,532,0.4576719576719577,-0.18974017124727674,-0.15935994723267477,0.0728440680492869,0.18974017124727674,0.0,0.032576857583165204,-0.25359081211028056,-0.12588953038427295,5,valid
cli_input,186,4,0,challenges,challenge,NNS,biomedical,577,0.49206349206349204,0.03575943314667303,0.037374097023151975,0.0807286053231477,0.05957604978881381,0.0,0.03610292984626193,-0.035002309352000355,0.10652117564534641,5,valid
cli_input,191,4,0,burden,burden,NN,biomedical,595,0.5052910052910053,-0.13105642987710828,-0.040209867034037394,0.15379796674529986,0.13105642987710828,0.0,0.0687805416887485,-0.2658662915870553,0.0037534318328387994,5,valid
cli_input,207,4,0,difficulties,difficulty,NNS,biomedical,649,0.5476190476190477,0.028391644286543283,0.13548349186496278,0.14778364388294304,0.13418854595141205,0.0,0.06609085473697632,-0.1011464309979303,0.15792971957101687,5,valid
cli_input,228,5,0,exertion,exertion,NN,biomedical,709,0.6031746031746031,-0.10492902891203677,-0.15340488768123617,0.12773596577658985,0.15319588639204335,0.0,0.05712526052960833,-0.2168945395500691,0.007036481725995539,5,valid
cli_input,233,5,0,facets,facet,NNS,biomedical,733,0.6164021164021164,-0.23487945770320245,-0.25626304963513213,0.05111215484654514,0.23487945770320245,0.0,0.022858050542674053,-0.2796812367668436,-0.19007767863956132,5,valid
cli_input,243,5,0,exertion,exertion,NN,biomedical,759,0.6428571428571429,-0.11628992134764307,-0.14242264308285435,0.06607387246912311,0.11628992134764307,0.0,0.02954913407552223,-0.17420622413566664,-0.058373618559619506,5,valid
cli_input,249,5,0,ground,ground,NN,biomedical,777,0.6587301587301587,-0.17173459411239075,-0.15470613037778413,0.05157783753684569,0.17173459411239075,0.0,0.023066310172965454,-0.21694456205140306,-0.12652462617337845,5,valid
cli_input,253,5,0,pressure,pressure,NN,biomedical,790,0.6693121693121693,-0.23763182383160597,-0.18387648972264037,0.1712752477624483,0.23763182383160597,0.0,0.07659661937199062,-0.3877611978007076,-0.08750244986250436,5,valid
cli_input,278,6,0,stretch,stretch,NN,biomedical,867,0.7354497354497355,-0.3027867925043193,-0.3493210941539857,0.11253765852851726,0.3027867925043193,0.0,0.050328370899684706,-0.4014303994677013,-0.20414318554093724,5,valid
cli_input,288,6,0,burden,burden,NN,biomedical,901,0.7619047619047619,-0.09353701899474372,-0.020468403588580486,0.19977290779457735,0.15754748659096257,0.0,0.08934116037829451,-0.268645693336201,0.08157165534671353,5,valid
cli_input,307,6,0,complications,complication,NNS,biomedical,966,0.8121693121693122,-0.26503066037663087,-0.2957109174780177,0.16260406709307593,0.2696398423108503,0.0,0.07271874948761088,-0.4075594093723482,-0.12250191138091354,5,valid
cli_input,343,7,0,ground,ground,NN,biomedical,1082,0.9074074074074074,-0.0958558956429564,-0.07513679732495016,0.12965205499975932,0.11776354554566212,0.0,0.057982161680400664,-0.2095009325365417,0.017789141250628887,5,valid
cli_input,362,8,0,advise,advise,VB,biomedical,1128,0.9576719576719577,-0.41095512323883554,-0.4358513412162712,0.0873647462319528,0.41095512323883554,0.0,0.03907070228233301,-0.4875336997122082,-0.33437654676546286,5,valid
cli_input,376,8,0,basis,basis,NN,biomedical,1177,0.9947089947089947,-0.09841428596145044,-0.03331093393719353,0.10085755774632234,0.09841428596145044,0.0,0.04510487103307745,-0.18681983318628223,-0.010008738736618644,5,valid
cli_input,54,1,0,factors,factor,NNS,biomedical,144,0.11320754716981132,-0.24006690427167526,-0.23650518586110997,0.10025010092915798,0.24006690427167526,1.0,0.04483320808576241,-0.3279399921197696,-0.15219381642358093,5,valid
cli_input,69,1,0,annoyance,annoyance,NN,biomedical,181,0.14465408805031446,-0.013255555643980099,-0.009223802781700208,0.07834219729742833,0.061341365541906,1.0,0.03503569573275001,-0.08192551928017011,0.05541440799220992,5,valid
cli_input,79,1,0,connotations,connotation,NNS,biomedical,214,0.16561844863731656,-0.11951825267885366,-0.07264740866932679,0.11341035809818822,0.11951825267885366,1.0,0.050718654012028526,-0.21892681454242957,-0.020109690815277748,5,valid
cli_input,104,2,0,basis,basis,NN,biomedical,301,0.2180293501048218,-0.22807422446320702,-0.2497563307823511,0.051076033528941904,0.22807422446320702,1.0,0.022841896598354512,-0.2728443417959819,-0.1833041071304322,5,valid
cli_input,129,3,0,possibilities,possibility,NNS,biomedical,376,0.27044025157232704,-0.21896931932272762,-0.2603384691597429,0.1197759952561536,0.21896931932272762,1.0,0.05356545349309035,-0.32395760816918473,-0.11398103047627053,5,valid
cli_input,235,4,0,distinct,distinct,JJ,biomedical,713,0.49266247379454925,0.0248964929018756,0.041180147762901076,0.11759958832813167,0.08776563411025075,1.0,0.05259213472553865,-0.07818409116018016,0.12797707696393135,5,valid
cli_input,259,5,0,advocate,advocate,VB,biomedical,790,0.5429769392033543,-0.15606558191949593,-0.1685224391021155,0.09574001263458709,0.15606558191949593,1.0,0.04281623528352509,-0.2399854030752051,-0.07214576076378675,5,valid
cli_input,283,5,0,annoyance,annoyance,NN,biomedical,860,0.5932914046121593,-0.14808460047629377,-0.11709463410389165,0.10348945019019713,0.14808460047629377,1.0,0.04628188911587186,-0.2387971031434026,-0.057372097809184924,5,valid
cli_input,299,6,0,imports,import,NNS,biomedical,922,0.6268343815513627,-0.20056672238158377,-0.18880900266542733,0.027093378884802653,0.20056672238158377,1.0,0.012116527385315235,-0.22431511605680163,-0.1768183287063659,5,valid
cli_input,309,6,0,frustration,frustration,NN,biomedical,956,0.6477987421383647,-0.09845847556254975,-0.11063183490093004,0.04103524233953151,0.09845847556254975,1.0,0.01835151826887399,-0.13442745136954276,-0.062489499755556725,5,valid
cli_input,349,7,0,meaningful,meaningful,JJ,biomedical,1074,0.7316561844863732,0.030451444823054997,0.050144946184516426,0.04670293095495291,0.05158264012712614,1.0,0.020886185672750773,-0.010485479095536519,0.07138836874164652,5,valid
cli_input,467,8,0,transitions,transition,NNS,biomedical,1422,0.9790356394129979,-0.15151864709892293,-0.10813304929725293,0.06051255035461453,0.15151864709892293,1.0,0.027062035216959417,-0.20456023612416338,-0.09847705807368248,5,valid
cli_input,86,1,0,fully,fully,RB,general,230,0.2,-0.0282502686775012,-0.07852333469694583,0.17242288741700668,0.14102582621826737,0.0,0.07710985942824401,-0.17938559315685945,0.12288505580185706,5,valid
cli_input,125,2,0,apt,apt,JJ,general,331,0.29069767441860467,-0.29592164924622105,-0.3167630902602441,0.13890925394674017,0.29592164924622105,0.2,0.06212210690573839,-0.4176809787814683,-0.1741623197109738,5,valid
cli_input,136,3,0,tough,tough,JJ,general,367,0.31627906976744186,0.08226616441046172,0.004674587882494752,0.11558651034261701,0.08833237135154834,0.0,0.05169185888161482,-0.019049878997503322,0.18358220781842677,5,valid
cli_input,224,4,0,sector,sector,NN,general,606,0.5209302325581395,-0.02024880304113581,-0.03773715428205837,0.06896826084652664,0.058085497514562025,0.0,0.030843543908554153,-0.08070214910190195,0.040204543019630334,5,valid
cli_input,231,5,0,repeatedly,repeatedly,RB,general,620,0.5372093023255814,-0.16877308101489832,-0.10417133920751898,0.14407218444054726,0.16877308101489832,0.2,0.06443103961519023,-0.29505791866067116,-0.04248824336912549,5,valid
cli_input,266,6,0,system,system,NN,general,726,0.6186046511627907,-0.11804170210597524,-0.10800339251432844,0.145862482855696,0.14750878607129883,0.0,0.06523168540644678,-0.24589580550261092,0.009812401290660452,5,valid
cli_input,312,7,0,frequent,frequent,JJ,general,858,0.7255813953488373,-0.32584375312402813,-0.3216660560129174,0.11215012113280919,0.32584375312402813,0.2,0.05015505890755941,-0.4241476685828446,-0.22753983766521169,5,valid
cli_input,374,9,0,proper,proper,JJ,general,1034,0.8697674418604651,0.08605939844247619,0.10002457128452225,0.08236737455686283,0.08605939844247619,0.0,0.036835809727466376,0.01386121137664209,0.1582575855083103,5,valid
cli_input,416,10,0,engine,engine,NN,general,1151,0.9674418604651163,-0.09706010852702925,-0.06142978908911623,0.10296077627495702,0.09706010852702925,0.0,0.046045458953390295,-0.18730920807567422,-0.00681100897838427,5,valid
cli_input,20,0,0,problems,problem,NNS,general,59,0.03076923076923077,-0.2876302369615614,-0.3243206096836533,0.09894578337149244,0.2876302369615614,0.0,0.044249899541125085,-0.3743600400621666,-0.20090043386095627,5,valid
cli_input,25,1,0,crucial,crucial,JJ,general,74,0.038461538461538464,0.005579446625377527,0.000935514099778878,0.12722420181829489,0.07770726010450635,0.0,0.05689639272977194,-0.10593748312497547,0.11709637637573053,5,valid
cli_input,31,1,0,conditions,condition,NNS,general,92,0.047692307692307694,-0.2209906041367078,-0.22778603350883042,0.09414426268352906,0.2209906041367078,0.2,0.04210259421039355,-0.30351168878907914,-0.13846951948433645,5,valid
cli_input,39,1,0,strain,strain,NN,general,119,0.06,-0.0821823000096487,-0.01934719655365358,0.11340855314668356,0.0821823000096487,0.0,0.050717846813176426,-0.1815892797634745,0.0172246797441771,5,valid
cli_input,66,1,0,dilemmas,dilemma,NNS,general,194,0.10153846153846154,-0.15022049311879515,-0.16533703495851282,0.03380161513832843,0.15022049311879515,0.0,0.015116541839717666,-0.17984891512464177,-0.12059207111294853,5,valid
cli_input,83,2,0,preferences,preference,NNS,general,237,0.1276923076923077,-0.21373625390649376,-0.2394256947393325,0.12737396455418099,0.21373625390649376,0.0,0.056963368661359474,-0.3253844564827583,-0.10208805133022919,5,valid
cli_input,87,2,0,withstanding,withstand,VBG,general,253,0.13384615384615384,-0.12223889060417581,-0.12313372394229671,0.08446961879814133,0.12223889060417581,0.0,0.03777596193322762,-0.19627977599330193,-0.048198005215049675,5,valid
cli_input,91,2,0,prerequisites,prerequisite,NNS,general,272,0.14,-0.04409657527632347,-0.03395076124496721,0.039371877651209794,0.04409657527632347,0.0,0.01760763896598197,-0.07860754764964814,-0.009585602902998806,5,valid
cli_input,96,2,0,alterations,alteration,NNS,general,300,0.1476923076923077,-0.1770164391272279,-0.10885280653562335,0.12804014201150984,0.1770164391272279,0.2,0.057261292277292535,-0.2892485719907213,-0.06478430626373452,5,valid
cli_input,101,2,0,evolutions,evolution,NNS,general,320,0.15538461538461537,-0.021897132091086922,-0.058249823226662834,0.13090434897253755,0.10648067688735222,0.0,0.05854220457058974,-0.13663985304944282,0.09284558886726896,5,valid
cli_input,135,2,0,exertion,exertion,NN,general,420,0.2076923076923077,0.0073456262264401054,-0.055616318584770896,0.10613374503358515,0.09097312279786123,0.0,0.04746445372034542,-0.0856847030654369,0.10037595551831713,5,valid
cli_input,154,3,0,approaches,approach,NNS,general,481,0.23692307692307693,-0.16130328878098282,-0.2110002410927425,0.08948791697053637,0.16130328878098282,0.0,0.04002021310219527,-0.23974290646128554,-0.08286367110068009,5,valid
cli_input,227,3,0,burden,burden,NN,general,695,0.34923076923076923,-0.028296677600843,-0.05291052008787478,0.09172590145815498,0.08244898631031203,0.0,0.041021070191576324,-0.10869797517633259,0.0521046199746466,5,valid
cli_input,299,3,0,exertion,exertion,NN,general,906,0.46,-0.11490483833542475,-0.08851014656065659,0.06681593060489839,0.11490483833542475,0.0,0.029880992562492287,-0.17347158375790964,-0.05633809291293987,5,valid
cli_input,333,4,0,foster,foster,VB,general,998,0.5123076923076924,-0.26004583559515254,-0.2520737720345638,0.07736643931429833,0.26004583559515254,0.0,0.034599323496776656,-0.3278605096488348,-0.1922311615414703,5,valid
cli_input,363,5,0,bolster,bolster,VB,general,1080,0.5584615384615385,-0.18610038765803455,-0.23319369539837265,0.1188744956660005,0.18610038765803455,0.0,0.053162290620036246,-0.2902984772733056,-0.08190229804276351,5,valid
cli_input,415,6,0,sphere,sphere,NN,general,1210,0.6384615384615384,-0.02785535688009295,-0.022488958976706996,0.029726096668319414,0.03436004120921625,0.0,0.013293914571218444,-0.0539114294396811,-0.0017992843205048015,5,valid
cli_input,427,6,0,straightforward,straightforward,JJ,general,1243,0.6569230769230769,-0.21729211353841302,-0.2545654055896869,0.058767129305488136,0.21729211353841302,0.0,0.026281459193918295,-0.2688037735584929,-0.16578045351833315,5,valid
cli_input,431,6,0,installations,installation,NNS,general,1270,0.6630769230769231,-0.048800046804722316,-0.07295885818327807,0.11709141840838311,0.10524125552327539,0.0,0.05236487422860297,-0.15143520029278412,0.053835106683339504,5,valid
cli_input,444,6,0,requirements,requirement,NNS,general,1324,0.683076923076923,-0.04539718520028133,-0.044231001476268794,0.05489747784369299,0.061438687718796015,0.0,0.02455089845035722,-0.09351694616298148,0.0027225757624188135,5,valid
cli_input,452,6,0,strain,strain,NN,general,1353,0.6953846153846154,0.010428555255098093,-0.021884558012632338,0.07966436491449261,0.06643007412289839,0.0,0.035626987066630936,-0.05940033939549854,0.08025744990569472,5,valid
cli_input,487,7,0,discern,discern,VB,general,1455,0.7492307692307693,-0.20868126948453886,-0.16681633505524895,0.06542896284769144,0.20868126948453886,0.0,0.029260721724949253,-0.2660322840654394,-0.15133025490363833,5,valid
cli_input,568,9,0,deliver,deliver,VBP,general,1726,0.8738461538461538,0.029481909758079093,0.033840631511026675,0.061119192279380945,0.056762560356437765,0.0,0.027333333733315222,-0.024091424359218745,0.08305524387537694,5,valid
cli_input,583,10,0,vital,vital,JJ,general,1777,0.8969230769230769,0.034284215183791836,0.03253451246532446,0.052363013511116635,0.048265477731649485,0.0,0.023417451543519346,-0.011613989841506085,0.08018242020908975,5,valid
cli_input,609,10,0,selections,selection,NNS,general,1857,0.936923076923077,-0.03197261176779702,-0.021216514236907846,0.08128794546281273,0.05731425060957993,0.0,0.036353074361228976,-0.10322463751580581,0.03927941398021177,5,valid
cli_input,620,11,0,foster,foster,VB,general,1895,0.9538461538461539,-0.24184250032270013,-0.31757973217019075,0.11952960458538124,0.24184250032270013,0.0,0.0534552642353166,-0.34661481822392065,-0.1370701824214796,5,valid
cli_input,16,0,0,gloomy,gloomy,JJ,biomedical,43,0.023323615160349854,-0.24187613774914518,-0.22206281187486954,0.05632688239145215,0.24187613774914518,1.0,0.025190147597584586,-0.291248827040411,-0.1925034484578794,5,valid
cli_input,30,0,0,area,area,NN,biomedical,91,0.043731778425655975,-0.11274662297567666,-0.15840605217344894,0.11046607745848964,0.1220400458402164,1.0,0.049401931680988005,-0.20957440907041314,-0.015918836880940174,5,valid
cli_input,43,1,0,frequent,frequent,JJ,biomedical,122,0.06268221574344024,-0.0003776182243621307,0.021889635648693506,0.09668041362744084,0.07263480793424666,1.0,0.04323679539275095,-0.085121737194154,0.08436650074542973,5,valid
cli_input,71,1,0,disappointment,disappointment,NN,biomedical,218,0.10349854227405247,-0.13974032622248397,-0.14062556568890172,0.06842972948641077,0.13974032622248397,1.0,0.030602705362707247,-0.19972162873339017,-0.07975902371157777,5,valid
cli_input,87,1,0,spheres,sphere,NNS,biomedical,268,0.12682215743440234,-0.19238109284603197,-0.20224453553595678,0.03799991201502202,0.19238109284603197,1.0,0.01699407728092005,-0.22568948431663527,-0.15907270137542867,5,valid
cli_input,92,2,0,evolutions,evolution,NNS,biomedical,289,0.13411078717201166,-0.16287215518992165,-0.22278761993954022,0.10700197061041837,0.17246966114230639,1.0,0.04785273600226603,-0.2566635177543631,-0.06908079262548024,5,valid
cli_input,117,2,0,amplified,amplify,VBD,biomedical,366,0.17055393586005832,-0.1339386354947138,-0.0938813900135893,0.12651340426686775,0.1339386354947138,1.0,0.05657851440112564,-0.24483252372092007,-0.02304474726850754,5,valid
cli_input,183,4,0,sectors,sector,NNS,biomedical,589,0.26676384839650147,-0.156045385036461,-0.1604973842421602,0.012974897578623228,0.156045385036461,1.0,0.0058025505973797915,-0.1674183842073254,-0.1446723858655966,5,valid
cli_input,202,4,0,realm,realm,NN,biomedical,645,0.2944606413994169,-0.14467375393960774,-0.13874602972399908,0.10259662548285838,0.14467375393960774,1.0,0.0458826057683517,-0.23460366124557708,-0.054743846633638404,5,valid
cli_input,238,5,0,output,output,NN,biomedical,761,0.3469387755102041,0.039516193921651024,0.07357477085075814,0.10282695340741724,0.09660602483002542,1.0,0.04598561154763771,-0.05061560471171889,0.12964799255502094,5,valid
cli_input,261,6,0,spheres,sphere,NNS,biomedical,826,0.380466472303207,-0.06650010551209058,-0.059123472174170244,0.01010087119405899,0.06650010551209058,1.0,0.004517246924377074,-0.07535390948386965,-0.057646301540311515,5,valid
cli_input,296,6,0,disappointment,disappointment,NN,biomedical,928,0.4314868804664723,-0.004706356685794733,0.012834935448844176,0.030687459286208106,0.02240147740010854,1.0,0.013723849004143699,-0.03160510073391638,0.02219238736232692,5,valid
cli_input,316,7,0,sector,sector,NN,biomedical,989,0.4606413994169096,-0.17187644854042664,-0.149343414126885,0.04718564231654175,0.17187644854042664,1.0,0.0211020607563556,-0.2132364876228836,-0.13051640945796966,5,valid
cli_input,343,8,0,sustain,sustain,VB,biomedical,1061,0.5,-0.04082560057326701,-0.05269835056377725,0.03439788248721183,0.04881110082228472,1.0,0.015383200704691038,-0.07097667395446144,-0.010674527192072573,5,valid
cli_input,374,9,0,applying,apply,VBG,biomedical,1155,0.5451895043731778,-0.07601025094047595,-0.09989946984876497,0.06134420134835423,0.08942898328062054,1.0,0.02743396084807086,-0.12978081420269483,-0.022239687678257063,5,valid
cli_input,378,9,0,extensive,extensive,JJ,biomedical,1166,0.5510204081632653,0.0872404548854965,0.07150356847478023,0.03682605846717653,0.0872404548854965,1.0,0.016469114015197683,0.054960991415709044,0.11951991835528397,5,valid
cli_input,500,13,0,schemes,scheme,NNS,biomedical,1500,0.7288629737609329,-0.04133740746455543,-0.02571798067871378,0.12051976407600418,0.10109773842871159,1.0,0.053898077021236494,-0.14697763842617895,0.0643028234970681,5,valid
cli_input,512,13,0,communicate,communicate,VB,biomedical,1533,0.7463556851311953,-0.29317516201502286,-0.3145362963599865,0.06052148542102872,0.29317516201502286,1.0,0.02706603110013654,-0.3462245829712905,-0.24012574105875525,5,valid
cli_input,523,14,0,help,help,VB,biomedical,1570,0.7623906705539358,-0.2819455677662021,-0.3439105859935312,0.13086938876499404,0.2819455677662021,1.0,0.058526569890474785,-0.3966576447515327,-0.16723349078087152,5,valid
cli_input,527,14,0,elevate,elevate,VB,biomedical,1578,0.7682215743440233,-0.20432318593634147,-0.2036912630088421,0.059715857170416456,0.20432318593634147,1.0,0.026705743193543886,-0.2566664425956875,-0.15197992927699544,5,valid
cli_input,90,1,0,issue,issue,NN,general,246,0.26785714285714285,-0.004372659559384551,0.07972464699677229,0.125106549009516,0.10850194106242131,1.0,0.055949349603137355,-0.11403338478153377,0.10528806566276466,5,valid
cli_input,112,2,0,discovered,discover,VBN,general,312,0.3333333333333333,0.03162249161756594,0.04237153258181403,0.16272616501335047,0.1289444863097752,1.0,0.07277335333753993,-0.1110132809240123,0.1742582641591442,5,valid
cli_input,141,2,0,reason,reason,NN,general,399,0.41964285714285715,-0.23076718320441786,-0.2871695501211585,0.146636276126478,0.2431846519517693,1.0,0.06557773627724688,-0.35929954630782174,-0.10223482010101398,5,valid
cli_input,37,1,0,meaningful,meaningful,JJ,general,104,0.05522388059701493,0.04743109341877529,0.1034683556545164,0.10200526406401264,0.09624369008049535,0.0,0.04561814090198974,-0.0419804627491246,0.1368426495866752,5,valid
cli_input,53,1,0,manners,manner,NNS,general,155,0.0791044776119403,-0.21330386801447912,-0.1814044132750099,0.055493951520901856,0.21330386801447912,0.0,0.024817649588162877,-0.2619464612072784,-0.1646612748216799,5,valid
cli_input,76,1,0,admirable,admirable,JJ,general,217,0.11343283582089553,-0.02951550088023396,-0.05826881405523299,0.07148856997002649,0.06359316523244055,0.0,0.031970660413445866,-0.09217799529058784,0.033146993530119934,5,valid
cli_input,134,2,0,kind,kind,NN,general,416,0.2,-0.2410791300686558,-0.2019227146067828,0.07642026180212547,0.2410791300686558,0.0,0.03417618004957662,-0.30806444296582597,-0.17409381717148564,5,valid
cli_input,192,3,0,harm,harm,VB,general,588,0.2865671641791045,-0.08761064176010969,-0.09223191426926469,0.07769960097254835,0.09682185906865257,0.0,0.034748317919845374,-0.15571734488300662,-0.019503938637212753,5,valid
cli_input,228,4,0,exercise,exercise,VB,general,673,0.3402985074626866,-0.16722134289862609,-0.09588858448778081,0.09976988179410629,0.16722134289862609,0.0,0.044618447559748066,-0.2546735001157323,-0.07976918568151987,5,valid
cli_input,256,4,0,facilitate,facilitate,VB,general,746,0.382089552238806,-0.06268130444556608,-0.017965507209237508,0.0733246436060978,0.06268130444556608,0.0,0.032791777505836,-0.12695318835700464,0.0015905794658724742,5,valid
cli_input,282,5,0,rich,rich,JJ,general,820,0.4208955223880597,-0.05994725272967383,-0.06766473630341618,0.04863668682471973,0.06308026341711748,0.0,0.024318343412359864,-0.10761120581789915,-0.012283299641448496,4,valid
cli_input,310,5,0,assist,assist,VB,general,890,0.4626865671641791,-0.0565790477601424,-0.03401862630097252,0.09525443756402904,0.07594077938957015,0.0,0.04259907951033568,-0.14007324360040035,0.02691514808011554,5,valid
cli_input,375,7,0,classifications,classification,NNS,general,1073,0.5597014925373134,-0.20725142882738828,-0.16666986915341653,0.08942016576307332,0.20725142882738828,0.0,0.039989913841106256,-0.2856316599559565,-0.12887119769882002,5,valid
cli_input,394,7,0,regularly,regularly,RB,general,1131,0.5880597014925373,-0.18378846224883896,-0.20159071928063454,0.032630136895128586,0.18378846224883896,0.0,0.014592640842526289,-0.2123900383001905,-0.15518688619748744,5,valid
cli_input,405,8,0,outputs,output,NNS,general,1172,0.6044776119402985,-0.12767453040008653,-0.07406069454015007,0.09433227786809312,0.12767453040008653,0.0,0.042186677157091027,-0.21036041762798494,-0.04498864317218812,5,valid
cli_input,422,8,0,outputs,output,NNS,general,1215,0.6298507462686567,-0.18074735294442065,-0.10110369419129217,0.1182732138871152,0.18074735294442065,0.0,0.052893389233792346,-0.28441839584265366,-0.07707631004618766,5,valid
cli_input,487,10,0,crucial,crucial,JJ,general,1412,0.7268656716417911,0.02635565516286569,0.078849257243093,0.07409333251991447,0.06924132736401437,0.0,0.03313554563880491,-0.038590014289191926,0.0913013246149233,5,valid
cli_input,503,10,0,starting,start,VBG,general,1467,0.7507462686567165,0.0024827720634986506,0.07234156481033471,0.10909753088741118,0.09552442435929329,0.0,0.04878989904832687,-0.09314543007122202,0.0981109741982193,5,valid
cli_input,516,10,0,findings,finding,NNS,general,1504,0.7701492537313432,-0.11819348885627515,-0.14251619266735593,0.06945286162748292,0.12038781376098084,0.0,0.031060263966187694,-0.179071606230003,-0.05731537148254727,5,valid
cli_input,526,10,0,consequences,consequence,NNS,general,1537,0.7850746268656716,-0.11684124271195664,-0.08657535727532606,0.05267310472203958,0.11684124271195664,0.0,0.02355612854888913,-0.16301125466777933,-0.07067123075613395,5,valid
cli_input,539,11,0,tension,tension,NN,general,1582,0.8044776119402985,-0.07170668843000501,-0.05702126703770238,0.050581639777246896,0.07170668843000501,0.0,0.022620796991066276,-0.1160434505324949,-0.027369926327515108,5,valid
cli_input,552,11,0,stress,stress,NN,general,1627,0.8238805970149253,-0.14200016558976233,-0.1551649988177206,0.13386694417774642,0.14885155248452814,0.0,0.05986711742432213,-0.2593397157414337,-0.024660615438090963,5,valid
cli_input,556,11,0,aid,aid,VB,general,1638,0.8298507462686567,-0.1337130518155874,-0.17577875965376943,0.0781209631873028,0.1337130518155874,0.0,0.03493675683091354,-0.20218909520417794,-0.06523700842699687,5,valid
cli_input,608,12,0,sound,sound,JJ,general,1787,0.9074626865671642,-0.1122299780303794,-0.11464467391597477,0.06585816875075902,0.1122299780303794,0.0,0.029452668440069912,-0.16995720817291643,-0.05450274788784237,5,valid
cli_input,640,13,0,support,support,VB,general,1886,0.9552238805970149,-0.07260245537049662,-0.02196280659576688,0.12142192552491013,0.10339712242393562,0.0,0.05430153588652317,-0.17903346570808204,0.033828554967088795,5,valid
cli_input,666,13,0,applicable,applicable,JJ,general,1959,0.9940298507462687,0.022055099463448257,0.051294852041411154,0.07129020317327933,0.06017587638145834,0.0,0.031881948085044756,-0.04043351878323946,0.08454371771013598,5,valid
cli_input,22,0,0,heterogeneous,heterogeneous,JJ,general,62,0.05092592592592592,-0.06794374627607976,-0.07775374460735929,0.044581429691899904,0.06794374627607976,1.0,0.019937421465043136,-0.1070210923475643,-0.02886640020459521,5,valid
cli_input,106,1,0,distinct,distinct,JJ,general,280,0.24537037037037038,-0.17019882198093808,-0.15535883443451548,0.0716823057071749,0.17019882198093808,1.0,0.03205730166903284,-0.23303113325224245,-0.10736651070963371,5,valid
cli_input,170,3,0,essential,essential,JJ,general,460,0.39351851851851855,0.005651566710342726,0.055180330896764884,0.1024851765088997,0.0765727652585357,1.0,0.04583276427199286,-0.08418065126276328,0.09548378468344873,5,valid
cli_input,198,3,0,purely,purely,RB,general,530,0.4583333333333333,-0.08532966101141609,-0.08121769733236112,0.0333415931114989,0.08532966101141609,1.0,0.01667079655574945,-0.11800442226068501,-0.05265489976214717,4,valid
cli_input,239,3,0,types,type,NNS,general,643,0.5532407407407407,-0.1515400777232087,-0.11186655467688766,0.17213790861038458,0.18882746976588116,1.0,0.07698241303149325,-0.3024256072649355,-0.0006545481814819454,5,valid
cli_input,245,3,0,diverse,diverse,JJ,general,655,0.5671296296296297,0.1156948346953929,0.10512154807012819,0.07467757533379583,0.1156948346953929,1.0,0.03339682696824581,0.05023705383763112,0.1811526155531547,5,valid
cli_input,302,5,0,frequently,frequently,RB,general,800,0.6990740740740741,-0.112112477495302,-0.12368473095806232,0.025876345395589397,0.112112477495302,1.0,0.011572253462760316,-0.1347940942823122,-0.08943086070829177,5,valid
cli_input,304,5,0,exercised,exercise,VBD,general,811,0.7037037037037037,0.16828551776714845,0.11692831958162131,0.11711291914609896,0.16828551776714845,1.0,0.05237448965082278,0.0656315180515358,0.2709395174827611,5,valid
cli_input,4,0,0,employed,employ,VBN,general,8,0.009592326139088728,-0.031179733585114756,-0.0714962194380197,0.10803099901917639,0.09580323598208026,1.0,0.0483129314968183,-0.12587307931887862,0.06351361214864912,5,valid
cli_input,83,1,0,persons,person,NNS,general,218,0.19904076738609114,0.06463705636599255,0.07292561957066448,0.04572698644794134,0.06463705636599255,1.0,0.02286349322397067,0.019824609647010043,0.10944950308497506,4,valid
cli_input,135,2,0,clear,clear,JJ,general,348,0.3237410071942446,-0.10682861046578356,-0.11733701108040243,0.09757233111026664,0.10682861046578356,1.0,0.043635673017134745,-0.19235452957936766,-0.021302691352199463,5,valid
cli_input,198,3,0,procedures,procedure,NNS,general,532,0.4748201438848921,-0.2116979669828642,-0.2556832990671347,0.07263744393177869,0.2116979669828642,1.0,0.032484452468657346,-0.2753674938214326,-0.14802844014429578,5,valid
cli_input,216,4,0,commonly,commonly,RB,general,580,0.5179856115107914,-0.23054198085736974,-0.30335300902584494,0.10264855908211963,0.23054198085736974,1.0,0.04590583118000458,-0.32051740997017875,-0.14056655174456076,5,valid
cli_input,228,4,0,preference,preference,NN,general,623,0.5467625899280576,0.005843210120573395,-0.006975735486412338,0.16788721410106833,0.11177033439142274,1.0,0.07508144465661,-0.1413164214063822,0.153002841647529,5,valid
cli_input,243,4,0,deployed,deploy,VBD,general,677,0.5827338129496403,0.005968678750015199,0.015596932862949664,0.08907710133451896,0.05919280256723053,1.0,0.03983649076452432,-0.07211084314845248,0.08404820064848287,5,valid
cli_input,253,4,0,manners,manner,NNS,general,712,0.6067146282973621,-0.1086549408009038,-0.09021428719789323,0.07543793455312767,0.1086549408009038,1.0,0.03373686994859473,-0.17477920590014948,-0.04253067570165811,5,valid
cli_input,258,5,0,meaningful,meaningful,JJ,general,728,0.6187050359712231,-0.030832382726595824,-0.03274580572882263,0.10370431535332603,0.0819732958681378,1.0,0.04637797973802242,-0.12173322301311976,0.060068457559928116,5,valid
cli_input,301,5,0,outputs,output,NNS,general,846,0.7218225419664268,-0.2112420749215734,-0.23746974787215974,0.07540930235219827,0.2112420749215734,1.0,0.03372406523907002,-0.27734124279015065,-0.14514290705299615,5,valid
cli_input,8,0,0,reasons,reason,NNS,general,16,0.02564102564102564,-0.1040145392331691,-0.17149516548554666,0.10500903448000277,0.11234200659744746,1.0,0.046961467869781094,-0.19605901625794003,-0.01197006220839815,5,valid
cli_input,23,0,0,connotation,connotation,NN,general,55,0.07371794871794872,-0.1788202573177484,-0.2043049936427489,0.15667767309903155,0.19519301418115312,1.0,0.07006838552118494,-0.3161542929392709,-0.04148622169622593,5,valid
cli_input,36,1,0,people,people,NN,general,91,0.11538461538461539,0.2861951121738222,0.3002935140785544,0.20368224526038736,0.2861951121738222,1.0,0.10184112263019368,0.0865865118186426,0.4858037125290018,4,valid
cli_input,61,1,0,significance,significance,NN,general,156,0.1955128205128205,-0.1387137279950191,-0.17144003121698193,0.20408396121255643,0.1939119527949611,1.0,0.09126912207774131,-0.31760120726739205,0.04017375127735387,5,valid
cli_input,88,2,0,merely,merely,RB,general,228,0.28205128205128205,0.10485039984880826,0.09141306169410696,0.16805786588433158,0.14254953744604318,1.0,0.08402893294216579,-0.059846308717836694,0.2695471084154532,4,valid
cli_input,177,4,0,merely,merely,RB,general,448,0.5673076923076923,0.10485039984880368,0.0914130616941024,0.16805786588433158,0.1425495374460432,1.0,0.08402893294216579,-0.05984630871784127,0.2695471084154486,4,valid
cli_input,218,5,0,create,create,VB,general,568,0.6987179487179487,-0.038128289856075505,-0.1473055515660866,0.1626463344348412,0.13863837202322843,1.0,0.07273765201749395,-0.18069408781036364,0.10443750809821264,5,valid
cli_input,243,5,0,elevate,elevate,VB,general,627,0.7788461538461539,-0.27830780834049734,-0.28876766583096325,0.1185374473046002,0.27830780834049734,1.0,0.05301155801047705,-0.3822104620410324,-0.1744051546399623,5,valid
cli_input,255,6,0,vital,vital,JJ,general,658,0.8173076923076923,-0.3866657856510646,-0.4626851364732796,0.14592971212641515,0.3866657856510646,1.0,0.06526175125032793,-0.5145788181017074,-0.2587527532004218,5,valid
cli_input,290,6,0,division,division,NN,general,746,0.9294871794871795,-0.1250765599709876,-0.068260787133265,0.17620826410389642,0.15230993430200862,1.0,0.07880273134670969,-0.27952991341053857,0.029376793468563395,5,valid
cli_input,16,0,0,propose,propose,VB,general,45,0.052980132450331126,-0.1278275270170623,-0.1262413101715888,0.10532303037542208,0.1278275270170623,1.0,0.04710189110314379,-0.2201472335792241,-0.03550782045490046,5,valid
cli_input,110,2,0,effects,effect,NNS,general,326,0.36423841059602646,-0.20933220998228733,-0.3081390113332088,0.22272204188381886,0.2524734544420312,1.0,0.09960432514795485,-0.40455668727227884,-0.014107732692295816,5,valid
cli_input,119,2,0,human,human,NN,general,348,0.39403973509933776,-0.16785452442332383,-0.21263485406323135,0.10399926920142445,0.16785452442332383,1.0,0.051999634600712226,-0.2697738082407198,-0.06593524060592787,4,valid
cli_input,277,6,0,remedies,remedy,NNS,general,824,0.9172185430463576,0.008435698688823526,0.08921782626626318,0.17781131605643877,0.1387194979209317,1.0,0.10265941119014656,-0.19277674724386373,0.20964814462151077,3,valid
cli_input,39,0,0,originating,originate,VBG,general,116,0.09285714285714286,-0.22447174603246517,-0.2266024241605642,0.1352819498213105,0.22447174603246517,0.0,0.06049992718583316,-0.34305160331669815,-0.10589188874823217,5,valid
cli_input,50,1,0,people,people,NN,general,155,0.11904761904761904,-0.23465178458031333,-0.21049797508973378,0.054457152406255024,0.23465178458031333,0.0,0.027228576203127512,-0.28801979393844324,-0.18128377522218342,4,valid
cli_input,52,1,0,started,start,VBD,general,162,0.12380952380952381,-0.3223944966840313,-0.3628467926511134,0.08275992858931354,0.3223944966840313,0.0,0.037011365227746666,-0.39493677253041476,-0.24985222083764785,5,valid
cli_input,54,1,0,working,work,VBG,general,170,0.12857142857142856,-0.25439176891914395,-0.2198451938822399,0.11745365085021035,0.25439176891914395,0.0,0.05252686950131926,-0.3573444331417297,-0.1514391046965582,5,valid
cli_input,62,1,0,creating,create,VBG,general,195,0.14761904761904762,-0.23918164166163275,-0.32920999400605666,0.129158284541483,0.23918164166163275,0.0,0.05776134081840325,-0.35239386966570313,-0.12596941365756237,5,valid
cli_input,73,1,0,output,output,NN,general,224,0.1738095238095238,-0.17798752647174493,-0.1323556209367105,0.09028273723320142,0.17798752647174493,0.0,0.04037566752963793,-0.25712383482983525,-0.09885121811365459,5,valid
cli_input,84,1,0,advance,advance,VB,general,261,0.2,-0.10708303531947508,-0.0719337966540392,0.04813007724048001,0.10708303531947508,0.0,0.021524424894405758,-0.14927090811251037,-0.06489516252643979,5,valid
cli_input,86,1,0,hastily,hastily,RB,general,269,0.20476190476190476,-0.1402563582227206,-0.13262287301884568,0.05724067935291511,0.1402563582227206,0.0,0.02559881002227737,-0.19043002586638424,-0.09008269057905693,5,valid
cli_input,91,2,0,reason,reason,NN,general,284,0.21666666666666667,-0.06822519486185952,-0.04364776585264485,0.09997944095533827,0.09746126988465305,0.0,0.044712165265712575,-0.15586103878265617,0.019410649058937135,5,valid
cli_input,97,2,0,rapid,rapid,JJ,general,300,0.23095238095238096,0.13196171163846734,0.1507446740807561,0.06495225976913199,0.13196171163846734,0.0,0.029047533627200785,0.07502854572915381,0.1888948775477809,5,valid
cli_input,125,2,0,distinct,distinct,JJ,general,379,0.2976190476190476,-0.006161258387820468,-0.038332933295264215,0.13191710775697263,0.09983091192639701,0.0,0.05899512406795112,-0.12179170156100466,0.10946918478536372,5,valid
cli_input,185,4,0,prerequisite,prerequisite,NN,general,555,0.44047619047619047,-0.3216943085025933,-0.3887391687086521,0.09180495574909722,0.3216943085025933,0.0,0.0410564243452683,-0.40216490021931917,-0.2412237167858674,5,valid
cli_input,198,4,0,stimulated,stimulate,VBD,general,597,0.4714285714285714,-0.022016505121288964,-0.010620570611880709,0.09359400955721994,0.06639907934653219,0.0,0.04185651353134175,-0.1040552716427188,0.060022261400140865,5,valid
cli_input,202,4,0,people,people,NN,general,613,0.48095238095238096,-0.16113718704969449,-0.1129744241289703,0.16524332641855044,0.16113718704969449,0.0,0.08262166320927522,-0.3230756469398739,0.0008012728404849512,4,valid
cli_input,214,4,0,improving,improve,VBG,general,645,0.5095238095238095,-0.03213513876136975,-0.07486381842592316,0.09373007643228239,0.08486294806596355,0.0,0.041917364487766874,-0.11429317315739282,0.050022895634653314,5,valid
cli_input,238,5,0,essential,essential,JJ,general,725,0.5666666666666667,0.058692682733670676,0.05166034198175762,0.171965197290032,0.1453262443792295,0.0,0.07690517418093483,-0.09204145866096158,0.20942682412830294,5,valid
cli_input,307,6,0,resilient,resilient,JJ,general,932,0.7309523809523809,-0.024963801870358092,-0.018978836922505238,0.10135561152569379,0.06932273766426204,0.0,0.0453276074545025,-0.11380591248118299,0.0638783087404668,5,valid
cli_input,320,7,0,cause,cause,NN,general,963,0.7619047619047619,-0.05418283738616925,-0.059873750870043096,0.06318990955174944,0.0710659006613847,0.0,0.028259386649955,-0.10957123522008105,0.0012055604477425527,5,valid
cli_input,334,7,0,improve,improve,VB,general,1006,0.7952380952380952,-0.32723398637725565,-0.3975602890757499,0.11354840166961408,0.32723398637725565,0.0,0.050780388973941534,-0.42676354876618106,-0.22770442398833024,5,valid
cli_input,338,7,0,promptly,promptly,RB,general,1017,0.8047619047619048,0.09095384357348113,0.08898067511480656,0.03437880765757527,0.09095384357348113,0.0,0.015374670181545723,0.06081949001765151,0.12108819712931075,5,valid
cli_input,368,7,0,persons,person,NNS,general,1092,0.8761904761904762,-0.15263348589109416,-0.1399204346966938,0.08038630379290983,0.15263348589109416,0.0,0.040193151896454914,-0.23141206360814578,-0.07385490817404253,4,valid
cli_input,378,7,0,improving,improve,VBG,general,1130,0.9,-0.11606861634285144,-0.07936195334450025,0.05026266833734291,0.11606861634285144,0.0,0.02247814862656501,-0.16012578765091887,-0.07201144503478402,5,valid
cli_input,43,0,0,facet,facet,NN,general,108,0.09347826086956522,0.031128401915021975,0.04391056606575794,0.18275927057951682,0.14408006837416015,1.0,0.08173243050681539,-0.1290671618783362,0.19132396570838014,5,valid
cli_input,79,1,0,types,type,NNS,general,194,0.17173913043478262,0.012947562084760823,0.00811444516779869,0.14598715954546668,0.11263328816145393,1.0,0.06528744251715415,-0.11501582524886132,0.14091094941838297,5,valid
cli_input,151,2,0,structure,structure,NN,general,394,0.3282608695652174,-0.27685461920683047,-0.2783030410810885,0.12060104623686797,0.27685461920683047,1.0,0.053934427508646396,-0.3825660971237774,-0.17114314128988353,5,valid
cli_input,194,3,0,shadowy,shadowy,JJ,general,510,0.4217391304347826,-0.06047830481119891,-0.018045561391674236,0.09665467506862888,0.0655955891713553,1.0,0.043225284759321664,-0.14519986293946938,0.024243253317071556,5,valid
cli_input,211,3,0,frequent,frequent,JJ,general,552,0.45869565217391306,-0.10262146673228342,-0.09489692903008673,0.11749912655644452,0.11488808070980099,1.0,0.05254720685541214,-0.2056139921688912,0.00037105870432437016,5,valid
cli_input,277,4,0,physique,physique,NN,general,729,0.6021739130434782,-0.07175986331030636,-0.007720128311868413,0.1448707053424873,0.10846229956686601,1.0,0.0647881490188287,-0.1987446353872106,0.0552249087665979,5,valid
cli_input,283,4,0,expand,expand,VB,general,745,0.6152173913043478,0.0438674197104294,0.07203291312290439,0.06839815304184388,0.06973395262440629,1.0,0.030588583947399384,-0.01608620482647339,0.10382104424733218,5,valid
cli_input,322,5,0,substance,substance,NN,general,855,0.7,-0.10132359207046751,-0.03921806518649318,0.0918561581128951,0.10132359207046751,1.0,0.04107932273848045,-0.18183906463788918,-0.020808119503045827,5,valid
cli_input,326,5,0,definition,definition,NN,general,868,0.7086956521739131,0.07174763031793352,0.04022688689907139,0.07208492736348704,0.07174763031793352,1.0,0.032237359547578344,0.008562405604679968,0.13493285503118707,5,valid
cli_input,352,6,0,indicate,indicate,VB,general,941,0.7652173913043478,0.018038543742440162,0.040147768014515806,0.09279901928215185,0.07748035907382296,1.0,0.04150098307204105,-0.0633033830787603,0.09938047056364063,5,valid
cli_input,407,7,0,merely,merely,RB,general,1102,0.8847826086956522,-0.16823661530617345,-0.12320912159513758,0.11389297956937618,0.16823661530617345,1.0,0.05694648978468809,-0.2798517352841621,-0.05662149532818481,4,valid
cli_input,411,7,0,product,product,NN,general,1111,0.8934782608695652,-0.10350656240909087,-0.03709615577586689,0.09644983216997441,0.10350656240909087,1.0,0.04313367623010177,-0.18804856782009033,-0.01896455699809141,5,valid
cli_input,454,7,0,connotation,connotation,NN,general,1222,0.9869565217391304,-0.2094587268562571,-0.17156094904767327,0.05189366946270013,0.2094587268562571,1.0,0.023207554504100496,-0.25494553368429407,-0.16397192002822014,5,valid
cli_input,458,7,0,substance,substance,NN,general,1237,0.9956521739130435,-0.1011163824519894,-0.1451358729769887,0.08643565333396479,0.1011163824519894,1.0,0.038655199306870315,-0.17688057309345523,-0.025352191810523575,5,valid
cli_input,55,0,0,choose,choose,VBP,general,170,0.12614678899082568,-0.29269309817018513,-0.31721040873041534,0.06922857209466993,0.29269309817018513,1.0,0.03095995863778539,-0.3533746171002445,-0.23201157924012578,5,valid
cli_input,87,1,0,safeguard,safeguard,VB,general,263,0.19954128440366972,-0.08382558587093797,-0.06370232998927336,0.0718675226794288,0.08531455203619234,1.0,0.03214013321714212,-0.1468202469765365,-0.020830924765339418,5,valid
cli_input,148,3,0,prerequisite,prerequisite,NN,general,423,0.3394495412844037,-0.197456830014945,-0.17980777773209172,0.04946803026154217,0.197456830014945,1.0,0.022122775675565,-0.24081747033905238,-0.1540961896908376,5,valid
cli_input,333,6,0,proper,proper,JJ,general,960,0.7637614678899083,-0.1654670630351387,-0.16791813270853528,0.10334770223101135,0.1654670630351387,1.0,0.04621849750138961,-0.2560553181378623,-0.07487880793241507,5,valid
cli_input,368,6,0,important,important,JJ,general,1069,0.8440366972477065,0.09486358386920213,0.11739548902296788,0.05038287158639806,0.09486358386920213,1.0,0.022531905153765745,0.05070104976782127,0.13902611797058298,5,valid
cli_input,8,0,0,disparate,disparate,JJ,general,16,0.015968063872255488,-0.25344487093120116,-0.2810874755991051,0.17674437248571437,0.25344487093120116,0.6,0.07904248630372016,-0.4083681440864927,-0.09852159777590966,5,valid
cli_input,10,0,0,elements,element,NNS,general,26,0.01996007984031936,-0.2736821923289503,-0.3789258797298558,0.14415506922800125,0.2736821923289503,0.6,0.06446810681899978,-0.4000396816941899,-0.14732470296371072,5,valid
cli_input,30,0,0,results,result,NNS,general,85,0.059880239520958084,-0.15185899173652212,-0.17701889653054903,0.0841881034743597,0.15185899173652212,0.0,0.0376500644530909,-0.22565311806458027,-0.07806486540846395,5,valid
cli_input,43,1,0,factor,factor,NN,general,121,0.08582834331337326,-0.05889909011065253,-0.04779465794872939,0.03624338573543737,0.05889909011065253,0.0,0.016208534847836832,-0.09066781841241273,-0.02713036180889234,5,valid
cli_input,55,1,0,results,result,NNS,general,150,0.10978043912175649,-0.2841409782643522,-0.30747155900829104,0.043226351950644566,0.2841409782643522,0.8,0.019331412276194376,-0.32203054632569317,-0.24625141020301122,5,valid
cli_input,62,2,0,products,product,NNS,general,175,0.12375249500998003,-0.30682487300289113,-0.25467838616456207,0.10706025166488237,0.30682487300289113,0.4,0.0478788000821824,-0.40066732116396864,-0.21298242484181362,5,valid
cli_input,100,3,0,product,product,NN,general,275,0.1996007984031936,-0.0003795427892830716,-0.0002382354632566308,0.025448117090874654,0.01696430670413811,0.0,0.011380743942913983,-0.02268580091739448,0.021926715338828333,5,valid
cli_input,142,3,0,aspects,aspect,NNS,general,383,0.2834331337325349,0.0021780711052551195,0.03045114642822422,0.09309634292740941,0.07589891224488902,0.0,0.04163395024846384,-0.07942447138173402,0.08378061359224424,5,valid
cli_input,161,3,0,effortless,effortless,JJ,general,427,0.3213572854291417,-0.17406398638351928,-0.22397316603250195,0.15777998806568705,0.20157264896795357,0.25,0.07888999403284352,-0.3286883746878926,-0.01943959807914597,4,valid
cli_input,202,4,0,feature,feature,NN,general,526,0.4031936127744511,-0.24231956984672146,-0.3044180760865498,0.10004570402529735,0.24231956984672146,0.6,0.04474179901147784,-0.330013495909218,-0.1546256437842249,5,valid
cli_input,250,5,0,sustained,sustain,VBD,general,652,0.499001996007984,-0.2254801711739649,-0.22869223476924838,0.08849666529441798,0.2254801711739649,0.4,0.039576911876073005,-0.303050918451068,-0.14790942389686182,5,valid
cli_input,289,5,0,exercise,exercise,VB,general,754,0.5768463073852296,0.029140925072317136,0.06331667880905356,0.05346624323745119,0.05187177241265828,0.0,0.023910830876095857,-0.01772430344483074,0.07600615358946501,5,valid
cli_input,319,6,0,effects,effect,NNS,general,838,0.6367265469061876,-0.15879114585165754,-0.25744651010410524,0.16403827373492785,0.1781183768675214,0.6,0.0733601461966034,-0.3025770323970002,-0.015005259306314883,5,valid
cli_input,325,6,0,provision,provision,NN,general,854,0.6487025948103793,-0.05599745810405525,-0.07527975928750608,0.05839191647883761,0.07507651123087791,0.0,0.02611365891663421,-0.1071802295806583,-0.0048146866274522,5,valid
cli_input,386,7,0,finding,finding,NN,general,995,0.7704590818363274,-0.22957816080657337,-0.20851642303137452,0.10685023568587873,0.22957816080657337,0.4,0.04778487808109974,-0.32323652184552887,-0.13591979976761787,5,valid
cli_input,417,8,0,product,product,NN,general,1073,0.8323353293413174,-0.06660725012685856,-0.06387413264254538,0.04222186503492833,0.06660725012685856,0.0,0.018882192070984256,-0.1036163465859877,-0.029598153667729415,5,valid
cli_input,431,8,0,aspects,aspect,NNS,general,1103,0.8602794411177644,-0.08219800799763051,-0.11533711965660154,0.12555396556836002,0.12237497702903063,0.0,0.0561494403711042,-0.19225091112499473,0.027854895129733714,5,valid
cli_input,443,8,0,demanding,demand,VBG,general,1132,0.8842315369261478,-0.08781145949486269,-0.05966742420151028,0.16102302807201532,0.14008906735576382,0.2,0.07201168734237663,-0.2289543666859209,0.05333144769619552,5,valid
cli_input,447,8,0,detect,detect,VB,general,1145,0.8922155688622755,-0.1767986724504901,-0.18621737951668882,0.05238861721384993,0.1767986724504901,0.0,0.023428901867476815,-0.22271932011074466,-0.13087802479023555,5,valid
cli_input,483,9,0,product,product,NN,general,1231,0.9640718562874252,-0.04746413281809501,0.026024582254147388,0.17214935829563913,0.13787156731153064,0.0,0.07698753348640328,-0.1983596984514454,0.10343143281525541,5,valid
cli_input,127,3,0,exercise,exercise,VB,general,345,0.2866817155756208,-0.0832492853133004,-0.09980033495482368,0.13248804509134776,0.11143718145617758,1.0,0.059250455006062186,-0.1993801771251823,0.032881606498581475,5,valid
cli_input,145,3,0,lowerring,lower,VBG,general,394,0.327313769751693,0.018927629606486397,0.05026151901384068,0.050756955817290984,0.046960809173899734,1.0,0.022699200707683206,-0.025562803780572685,0.06341806299354548,5,valid
cli_input,208,5,0,warm,warm,JJ,general,572,0.46952595936794583,-0.06407376002352445,-0.06118476925662722,0.08790090635516898,0.08268223045603162,1.0,0.04395045317758449,-0.15021664825159003,0.02206912820454114,4,valid
cli_input,229,5,0,strategy,strategy,NN,general,626,0.5169300225733634,-0.09953262659029005,-0.08810958853317388,0.03775043649488723,0.09953262659029005,1.0,0.016882508436571346,-0.13262234312596988,-0.06644291005461021,5,valid
cli_input,291,7,0,robust,robust,JJ,general,803,0.6568848758465011,0.04746296858868744,0.08941270413792846,0.14060232700258213,0.1262438786337624,1.0,0.06287927219448558,-0.07578040491250429,0.17070634208987917,5,valid
cli_input,385,8,0,enduring,endure,VBG,general,1077,0.8690744920993227,0.07926039444408042,0.08464324814011995,0.010056140254719095,0.07926039444408042,1.0,0.004497242640164789,0.07044579886935744,0.08807499001880341,5,valid
cli_input,395,8,0,warm,warm,JJ,general,1102,0.891647855530474,-0.27718894017375084,-0.2715966814176884,0.07429077105226005,0.27718894017375084,1.0,0.037145385526130024,-0.3499938958049657,-0.20438398454253598,4,valid
cli_input,418,9,0,persons,person,NNS,general,1161,0.9435665914221218,-0.09661427685244689,-0.13219544689872434,0.09857749362558467,0.12016232119275344,1.0,0.049288746812792335,-0.19322022060551985,-8.333099373911135e-06,4,valid
cli_input,435,9,0,robust,robust,JJ,general,1201,0.981941309255079,-0.07842138806120066,0.0025505874457714406,0.11087544377731108,0.08148209299612638,1.0,0.049585005864304726,-0.17560799955523793,0.018765223432836597,5,valid
cli_input,4,0,0,slight,slight,JJ,biomedical,11,0.008639308855291577,-0.11484523894122423,-0.13984287087338754,0.14724764886534103,0.13928744072440663,1.0,0.06585115047798445,-0.24391349387807376,0.01422301599562531,5,valid
cli_input,12,0,0,reason,reason,NN,biomedical,37,0.02591792656587473,-0.2288079225108294,-0.21148092418511633,0.060800316361821385,0.2288079225108294,1.0,0.027190728087705063,-0.2821017495627313,-0.1755140954589275,5,valid
cli_input,18,0,0,regularly,regularly,RB,biomedical,56,0.038876889848812095,0.04197847145947755,0.10048378391692159,0.16065765898938042,0.14593153358891658,1.0,0.07184828932124696,-0.09884417561016648,0.1828011185291216,5,valid
cli_input,50,1,0,crucial,crucial,JJ,biomedical,143,0.1079913606911447,-0.0017877465547347926,-0.029553386286929273,0.11800102334011295,0.09917260140383044,1.0,0.052771661920606366,-0.10522020391912328,0.10164471080965369,5,valid
cli_input,60,1,0,body,body,NN,biomedical,174,0.12958963282937366,0.01661941762178478,0.0034064581186802334,0.1548692205559337,0.11655418467704223,1.0,0.06925962095709509,-0.11912943945412158,0.15236827469769115,5,valid
cli_input,86,2,0,endeavor,endeavor,NN,biomedical,246,0.1857451403887689,-0.029869450080522907,-0.009601948183179054,0.034765990995060225,0.029869450080522907,1.0,0.015547823834020043,-0.06034318479520219,0.0006042846341563768,5,valid
cli_input,105,3,0,disparate,disparate,JJ,biomedical,301,0.2267818574514039,-0.1841406769915559,-0.1435170197877017,0.090837259002467,0.1841406769915559,1.0,0.04062365720385419,-0.2637630451111101,-0.10451830887200168,5,valid
cli_input,148,4,0,obstacles,obstacle,NNS,biomedical,417,0.31965442764578833,-0.06675905813358766,-0.11944600952085649,0.1146728081539744,0.1220898629972009,1.0,0.05128323884061579,-0.1672742062611946,0.03375608999401927,5,valid
cli_input,154,4,0,body,body,NN,biomedical,434,0.3326133909287257,-0.15757643643311672,-0.1731707613704765,0.10662932324996303,0.15757643643311672,1.0,0.047686083036343224,-0.25104115918434944,-0.06411171368188401,5,valid
cli_input,170,4,0,act,act,VB,biomedical,476,0.367170626349892,-0.1863315268399798,-0.20451268958195146,0.11176567468404915,0.1863315268399798,1.0,0.04998312922893224,-0.284298460128687,-0.08836459355127262,5,valid
cli_input,234,6,0,reshape,reshape,VB,biomedical,636,0.5053995680345572,-0.1982553321559649,-0.22499230028203,0.1480067172160044,0.21661371065558774,1.0,0.06619061616431485,-0.327988939838022,-0.06852172447390778,5,valid
cli_input,246,6,0,acting,act,VBG,biomedical,669,0.531317494600432,-0.07998831224592676,-0.09123078992372002,0.044668889131048675,0.07998831224592676,1.0,0.01997653451528527,-0.11914231989588589,-0.04083430459596763,5,valid
cli_input,252,6,0,classification,classification,NN,biomedical,681,0.5442764578833693,-0.12589399784750743,-0.17440665167620029,0.1005119597470481,0.12589399784750743,1.0,0.04495031490922442,-0.21399661506958728,-0.03779138062542757,5,valid
cli_input,285,7,0,commonly,commonly,RB,biomedical,781,0.6155507559395248,-0.08483717260528303,-0.14525026216425696,0.1238104266293305,0.12159421815520755,1.0,0.05536970605328663,-0.19336179646972484,0.023687451259158762,5,valid
cli_input,314,8,0,individuals,individual,NNS,biomedical,872,0.6781857451403888,-0.13803782699760087,-0.13234789215431308,0.09206567583357819,0.13803782699760087,1.0,0.046032837916789096,-0.22826218931450748,-0.04781346468069424,4,valid
cli_input,357,9,0,imparted,impart,VBN,biomedical,992,0.7710583153347732,-0.32604455100958313,-0.37546825466145506,0.17100856641118523,0.32604455100958313,1.0,0.07647735584603949,-0.4759401684678205,-0.17614893355134573,5,valid
cli_input,382,9,0,organically,organically,RB,biomedical,1073,0.8250539956803455,-0.16091859508467107,-0.2048104178324538,0.16211664863181932,0.19499158188664986,1.0,0.08105832431590966,-0.31979291074385396,-0.0020442794254881547,4,valid
cli_input,427,11,0,performing,perform,VBG,biomedical,1207,0.9222462203023758,0.04416891092234343,0.05690118298635882,0.1828285910470038,0.13754635228030032,1.0,0.08176343156232199,-0.11608741493980768,0.20442523678449454,5,valid
cli_input,453,11,0,avert,avert,VB,biomedical,1284,0.978401727861771,-0.15817830600412192,-0.1791143960499647,0.07124801175671447,0.15817830600412192,1.0,0.03186307950994355,-0.22062994184361126,-0.09572667016463257,5,valid
cli_input,461,11,0,prerequisites,prerequisite,NNS,biomedical,1306,0.9956803455723542,-0.16485682930894838,-0.182876963332945,0.07097152725747369,0.16485682930894838,1.0,0.031739431882938075,-0.227066115799507,-0.10264754281838975,5,valid
cli_input,30,0,0,schemes,scheme,NNS,general,76,0.08450704225352113,-0.047338624473125715,-0.166457092069781,0.24991349687184736,0.22599451108104968,0.0,0.11176471350002634,-0.26639746293317734,0.17172021398692588,5,valid
cli_input,57,1,0,grounds,ground,NNS,general,153,0.16056338028169015,-0.14589481118116007,-0.1834484464324726,0.0721132455166235,0.14589481118116007,0.0,0.032250023810660416,-0.2091048578500545,-0.08268476451226565,5,valid
cli_input,84,1,0,merely,merely,RB,general,226,0.23661971830985915,0.11094678000431402,0.10724894664800799,0.16410720385574376,0.15351185694297054,0.0,0.08205360192787188,-0.04987827977431486,0.2717718397829429,4,valid
cli_input,90,1,0,complication,complication,NN,general,241,0.2535211267605634,-0.3144902040375078,-0.2874158143991361,0.15173712582373444,0.3144902040375078,0.0,0.06785890561046179,-0.44749365903401295,-0.18148674904100273,5,valid
cli_input,148,2,0,scheme,scheme,NN,general,404,0.4169014084507042,-0.261656804192609,-0.2719328299606145,0.12937632568461088,0.261656804192609,0.0,0.05785885178198839,-0.3750601536853062,-0.14825345469991177,5,valid
cli_input,247,4,0,mechanisms,mechanism,NNS,general,653,0.6957746478873239,-0.13389097997025026,-0.13458249460154637,0.08395492393099524,0.13389097997025026,0.0,0.03754578339110584,-0.20748071541681773,-0.06030124452368281,5,valid
cli_input,290,6,0,exercise,exercise,VB,general,783,0.8169014084507042,-0.04730363389307106,-0.06719748459081787,0.030054169045559544,0.04750053832433858,0.0,0.013440632998628223,-0.07364727457038238,-0.020959993215759743,5,valid
cli_input,296,6,0,diversity,diversity,NN,general,799,0.8338028169014085,-0.21750178638489528,-0.2162721595758066,0.025268350328500475,0.21750178638489528,0.0,0.01130034980276124,-0.2396504719983073,-0.19535310077148327,5,valid
cli_input,300,6,0,strategies,strategy,NNS,general,812,0.8450704225352113,-0.06967467004754177,-0.037886944426049673,0.08218094419985174,0.07948590847626176,0.0,0.036752435537197106,-0.14170944370044808,0.0023601036053645524,5,valid
cli_input,312,6,0,realize,realize,VB,general,843,0.8788732394366198,-0.3484860452898337,-0.351819243708676,0.09437969805373951,0.3484860452898337,0.0,0.04220788410881323,-0.4312134981431076,-0.26575859243655975,5,valid
cli_input,316,6,0,ends,end,NNS,general,857,0.8901408450704226,-0.2033762459090432,-0.23942174714567277,0.049357335309705916,0.2033762459090432,0.0,0.02207327138815061,-0.2466398578298184,-0.16011263398826803,5,valid
cli_input,333,6,0,stretch,stretch,NN,general,893,0.9380281690140845,-0.21120809007179292,-0.2074637304102782,0.1300045424902593,0.21120809007179292,0.0,0.05813979887839592,-0.3251620958734489,-0.09725408427013692,5,valid
cli_input,341,6,0,different,different,JJ,general,925,0.9605633802816902,-0.16220178087713794,-0.14707034864350055,0.08887024757339237,0.16220178087713794,0.0,0.039743982950268215,-0.24009998745966366,-0.08430357429461223,5,valid
cli_input,343,6,0,manners,manner,NNS,general,935,0.9661971830985916,-0.22777346948004254,-0.24416341881750214,0.11883206594010212,0.22777346948004254,0.0,0.05314331546976116,-0.3319343678007744,-0.12361257115931068,5,valid
cli_input,347,6,0,observe,observe,VB,general,946,0.9774647887323944,-0.1830250401718104,-0.21020051905074055,0.19036428436654268,0.23110436424047073,0.0,0.08513349606633798,-0.34988669246183285,-0.01616338788178795,5,valid
cli_input,8,0,0,condition,condition,NN,biomedical,24,0.024024024024024024,-0.04316072936197259,-0.031020053220303517,0.09088608289719048,0.07870987273656609,1.0,0.04064549191335979,-0.12282589351215778,0.03650443478821259,5,valid
cli_input,49,1,0,parts,part,NNS,biomedical,145,0.14714714714714713,-0.05512926529605609,-0.06219558541353497,0.06015599472928474,0.05907429249800804,1.0,0.026902578693759945,-0.10785831953582559,-0.0024002110562865997,5,valid
cli_input,168,6,0,transitions,transition,NNS,biomedical,521,0.5045045045045045,0.12343886635152757,0.1169672412280924,0.06286652990428275,0.12343886635152757,1.0,0.028114766875099916,0.06833392327633173,0.1785438094267234,5,valid
cli_input,218,7,0,exercised,exercise,VBD,biomedical,684,0.6546546546546547,-0.08591187383323637,-0.13221148703069738,0.10556322180685797,0.10831518177226643,1.0,0.04720930797680452,-0.17844211746777322,0.006618369801300483,5,valid
cli_input,227,7,0,challenge,challenge,NN,biomedical,708,0.6816816816816816,-0.13029613404615376,-0.13799214685815464,0.01720880780334329,0.13029613404615376,1.0,0.007696012812000886,-0.1453803191576755,-0.11521194893463202,5,valid
cli_input,234,8,0,vital,vital,JJ,biomedical,740,0.7027027027027027,-0.10845659713126957,-0.13411246892625947,0.14560205665110876,0.1391349470275693,1.0,0.0651152192671309,-0.23608242689484613,0.019169232632306993,5,valid
cli_input,248,8,0,variously,variously,RB,biomedical,791,0.7447447447447447,-0.19377079466457395,-0.19890780473890798,0.06528265207887116,0.19377079466457395,1.0,0.03264132603943558,-0.2577477937018677,-0.12979379562728022,4,valid
cli_input,275,8,0,modifications,modification,NNS,biomedical,880,0.8258258258258259,-0.2754427246852931,-0.3596043081649174,0.1338892534824378,0.2754427246852931,1.0,0.05987709444868627,-0.3928018298047182,-0.15808361956586803,5,valid
cli_input,305,9,0,crucial,crucial,JJ,biomedical,969,0.9159159159159159,0.03430489472045225,0.05996424156654535,0.09387866850823723,0.08623868978898673,1.0,0.04198381688431744,-0.04798338637280993,0.11659317581371442,5,valid
cli_input,323,9,0,proper,proper,JJ,biomedical,1019,0.96996996996997,-0.05706574733999843,-0.062426849942817275,0.17365934193753194,0.13844271857717305,1.0,0.07766281870004028,-0.2092848719920774,0.09515337731208053,5,valid
cli_input,24,0,0,large,large,JJ,finance,59,0.05687203791469194,-0.021810275252022483,-0.049283356218074115,0.09954852254827419,0.08854204029679318,0.0,0.044519452695522335,-0.10906840253524624,0.06544785203120129,5,valid
cli_input,34,0,0,markedly,markedly,RB,finance,85,0.08056872037914692,-0.10126393942416323,-0.11907430369530081,0.07798893995675879,0.10126393942416323,0.0,0.034877714247292434,-0.1696242593488564,-0.03290361949947006,5,valid
cli_input,38,0,0,duration,duration,NN,finance,99,0.09004739336492891,-0.24728714066997784,-0.22413581731572818,0.09155951818058926,0.24728714066997784,0.0,0.040946661327785086,-0.3275425968724366,-0.1670316844675191,5,valid
cli_input,48,0,0,immediately,immediately,RB,finance,123,0.11374407582938388,-0.12774981838188187,-0.12023568938939722,0.1254910967466202,0.12873567385106494,0.0,0.0627455483733101,-0.2507310931935697,-0.004768543570194073,4,valid
cli_input,58,0,0,varied,varied,JJ,finance,157,0.13744075829383887,-0.06697634154210638,-0.09852269011968495,0.1544927122817102,0.1347736110045387,0.0,0.06909124133804412,-0.20239517456467285,0.06844249148046008,5,valid
cli_input,60,0,0,features,feature,NNS,finance,164,0.14218009478672985,-0.06678910614052232,-0.042504438407141354,0.0741508151638988,0.06678910614052232,0.0,0.033161252658699986,-0.13178516135157428,-0.0017930509294703523,5,valid
cli_input,68,0,0,categories,category,NNS,finance,186,0.16113744075829384,-0.11261461918144096,-0.10980137150855462,0.0689634066000953,0.11261461918144096,0.0,0.030841373023554147,-0.1730637103076071,-0.05216552805527483,5,valid
cli_input,127,1,0,extensive,extensive,JJ,finance,348,0.3009478672985782,0.13754345269407056,0.19011801829902186,0.1166633893248562,0.15037362312502395,0.0,0.05217345380318035,0.03528348323983707,0.23980342214830405,5,valid
cli_input,160,2,0,output,output,NN,finance,434,0.3791469194312796,0.0139089458727363,0.0753883559439461,0.10302061643318842,0.09257533983456137,0.0,0.046072220285708246,-0.07639260588725186,0.10421049763272447,5,valid
cli_input,191,2,0,offered,offer,VBD,finance,528,0.45260663507109006,0.02557111322441541,0.0933158067359896,0.1709831061821071,0.1279953422052887,0.0,0.0764659696854512,-0.12430218735906895,0.17544441380789977,5,valid
cli_input,195,2,0,little,little,JJ,finance,539,0.46208530805687204,0.06667789232349311,0.09326201121260169,0.12980539326080145,0.12020304317600967,0.0,0.058050736635449025,-0.047101551481986983,0.1804573361289732,5,valid
cli_input,227,3,0,extensive,extensive,JJ,finance,613,0.5379146919431279,-0.25242307627331106,-0.25134045470135713,0.13491959070017778,0.25242307627331106,0.0,0.06033787526040919,-0.3706853117837131,-0.13416084076290904,5,valid
cli_input,252,3,0,extended,extended,JJ,finance,681,0.5971563981042654,-0.09574428748268544,0.07455031041948912,0.25580631061765674,0.20220406821480447,0.0,0.11440005992290134,-0.3199684049315721,0.12847982996620116,5,valid
cli_input,256,3,0,log,log,NN,finance,696,0.6066350710900474,-0.06710066413243929,-0.05432821959978629,0.01748938996254395,0.06710066413243929,0.0,0.007821492968250153,-0.08243079035020959,-0.051770537914668985,5,valid
cli_input,273,4,0,output,output,NN,finance,737,0.6469194312796208,-0.04168165217353352,0.021684502225600255,0.13678873529393598,0.10648871599200053,0.0,0.0611737821346931,-0.161582265157532,0.07821896081046495,5,valid
cli_input,347,5,0,part,part,NN,finance,913,0.8222748815165877,-0.272080676256267,-0.24064337403664116,0.07837708879688496,0.272080676256267,0.0,0.03505129968567439,-0.3407812236401888,-0.20338012887234516,5,valid
cli_input,355,5,0,scrutinizing,scrutinize,VBG,finance,935,0.8412322274881516,-0.1484755780889812,-0.0996139461262171,0.08710848178243595,0.1484755780889812,0.0,0.03895609733646577,-0.22482952886845411,-0.0721216273095083,5,valid
cli_input,369,5,0,utilized,utilize,VBN,finance,974,0.8744075829383886,-0.10351222248296885,-0.09679269679438285,0.03503115646284417,0.10351222248296885,0.0,0.015666409436270127,-0.1342183849780583,-0.0728060599878794,5,valid
cli_input,378,6,0,features,feature,NNS,finance,1003,0.8957345971563981,-0.10540488897837656,-0.059652270622386094,0.14520974477353907,0.12614219644514568,0.0,0.06493977206180562,-0.23268684221951558,0.021877064262762466,5,valid
cli_input,403,6,0,demands,demand,NNS,finance,1088,0.9549763033175356,-0.06968078508914237,-0.05933038829346904,0.04726945776439677,0.06968078508914237,0.0,0.02113954416414928,-0.11111429165087496,-0.028247278527409783,5,valid
cli_input,180,3,0,phase,phase,NN,general,457,0.30874785591766724,0.035815110821749076,0.03424822456064029,0.048461783310337826,0.05142918061350904,1.0,0.02167276835855603,-0.00666351516102074,0.0782937368045189,5,valid
cli_input,230,4,0,superior,superior,JJ,general,570,0.39451114922813035,-0.06954097977763127,-0.07936748652912409,0.0682773586758034,0.07054350817343795,1.0,0.030534563064646282,-0.129388723384338,-0.009693236170924553,5,valid
cli_input,411,10,0,good,good,JJ,general,1011,0.7049742710120068,-0.24343011518020785,-0.24344819448789823,0.07794889145566312,0.24343011518020785,1.0,0.03485980401312305,-0.311755331045929,-0.17510489931448667,5,valid
cli_input,485,11,0,consequences,consequence,NNS,general,1188,0.8319039451114922,-0.03843218642063781,-0.062226973451744085,0.06225082335426675,0.06689044568445005,1.0,0.027839414535094385,-0.0929974389094228,0.016133066068147184,5,valid
cli_input,523,12,0,fine,fine,JJ,general,1276,0.8970840480274442,-0.15228655630339644,-0.1196582537206221,0.05266351630595232,0.15228655630339644,1.0,0.0235518404788556,-0.19844816364195342,-0.10612494896483946,5,valid
cli_input,567,12,0,understanding,understand,VBG,general,1394,0.9725557461406518,-0.10069812223813061,-0.0933897347002723,0.06974947712430309,0.10069812223813061,1.0,0.031192914449001647,-0.16183623455817384,-0.039560009918087384,5,valid
cli_input,8,0,0,superior,superior,JJ,general,12,0.01603206412825651,-0.11408190204159685,-0.14665223503844338,0.07346692163941973,0.11408190204159685,0.0,0.03285540617667856,-0.17847849814788683,-0.04968530593530687,5,valid
cli_input,32,0,0,improve,improve,VB,general,75,0.06412825651302605,-0.048615702140275996,-0.053642894981922984,0.06357989292756186,0.06103854839827658,0.0,0.028433792517637283,-0.10434593547484507,0.007114531194293075,5,valid
cli_input,156,3,0,reveal,reveal,VB,general,392,0.312625250501002,-0.14466235628954158,-0.11107468220089656,0.18821803431251474,0.1708296872309004,0.4,0.08417366386283417,-0.3096427374606966,0.02031802488161341,5,valid
cli_input,190,4,0,enrich,enrich,VB,general,481,0.3807615230460922,-0.06179811314973813,-0.0811353208919594,0.08164442023835276,0.0809675750446428,0.0,0.03651249472730327,-0.13336260281525256,0.009766376515776283,5,valid
cli_input,246,5,0,curtail,curtail,VB,general,617,0.49298597194388777,0.03365522192528969,0.0919515082073874,0.10727888106600054,0.09997142132060226,0.0,0.04797657412273846,-0.06037886335527769,0.12768930720585708,5,valid
cli_input,283,6,0,choice,choice,NN,general,710,0.5671342685370742,0.026886946626279596,0.022145083911828678,0.05472025324217418,0.04660847488112605,0.0,0.024471641199100943,-0.02107747012395825,0.07485136337651745,5,valid
cli_input,289,6,0,amplify,amplify,VB,general,723,0.5791583166332666,-0.1691154536990601,-0.1567830196053963,0.03433027479528482,0.1691154536990601,0.0,0.015352965625700906,-0.19920726632543387,-0.1390236410726863,5,valid
cli_input,344,7,0,used,use,VBD,general,864,0.6893787575150301,-0.24019680476615082,-0.17203716311796513,0.20024792857254112,0.2502682537323459,0.4,0.08955359612834488,-0.41572185317770677,-0.06467175635459488,5,valid
cli_input,353,8,0,support,support,VB,general,891,0.7074148296593187,-0.18632919203590706,-0.15244786736099858,0.11468436875379037,0.18632919203590706,0.4,0.05128840889802562,-0.28685447347603726,-0.08580391059577684,5,valid
cli_input,357,8,0,produce,produce,VBP,general,903,0.7154308617234469,-0.2535039768304198,-0.28924732541583564,0.11212025872342916,0.2535039768304198,0.8,0.05014170403209028,-0.35178171673331676,-0.15522623692752285,5,valid
cli_input,361,8,0,superior,superior,JJ,general,913,0.7234468937875751,-0.02856568475765684,-0.02071880124994019,0.15775783573704288,0.10446883699114888,0.2,0.0705514489382547,-0.16684652467663605,0.10971515516132238,5,valid
cli_input,153,3,0,amplify,amplify,VB,finance,414,0.3608490566037736,-0.05536357565997583,-0.06223754826196837,0.07724272674068115,0.07007555215959597,1.0,0.034543997551920766,-0.12306981086174054,0.012342659541788877,5,valid
cli_input,213,5,0,abate,abate,VB,finance,579,0.5023584905660378,-0.20314875263922513,-0.21664049596478818,0.05663868679804899,0.20314875263922513,1.0,0.025329590767351487,-0.252794750543234,-0.1535027547352162,5,valid
cli_input,235,5,0,diverse,diverse,JJ,finance,638,0.5542452830188679,-0.24469846757868535,-0.2191015164026835,0.08647900320934539,0.24469846757868535,1.0,0.03867458596050375,-0.3205006560612727,-0.168896279096098,5,valid
cli_input,237,5,0,bases,basis,NNS,finance,646,0.5589622641509434,-0.07707270672327113,-0.12892843560806078,0.0981376394491601,0.09973593492676183,1.0,0.0438884865919374,-0.16309414044346843,0.00894872699692617,5,valid
cli_input,246,5,0,heighten,heighten,VB,finance,664,0.5801886792452831,0.0188934080101689,-0.022786883784769008,0.11349502470811439,0.08507743068046043,1.0,0.0507565180710724,-0.080589367409133,0.11837618342947079,5,valid
cli_input,20,0,0,exercised,exercise,VBN,finance,58,0.0322061191626409,-0.25071305652669673,-0.29432129329318757,0.09392413599785836,0.25071305652669673,1.0,0.042004150563829265,-0.33304119163180207,-0.1683849214215914,5,valid
cli_input,43,1,0,characteristics,characteristic,NNS,finance,128,0.06924315619967794,-0.1480433656681178,-0.07654630683696695,0.15343136213849848,0.15275309952703514,1.0,0.06861659112441401,-0.2825318842719693,-0.013554847064266323,5,valid
cli_input,120,2,0,used,use,VBN,finance,354,0.1932367149758454,-0.18766939071398386,-0.22014616833655132,0.1091156746199104,0.18766939071398386,1.0,0.04879801317217363,-0.28331349653144416,-0.09202528489652355,5,valid
cli_input,243,5,0,substantially,substantially,RB,finance,701,0.391304347826087,-0.15014802885946218,-0.1671558486331164,0.15030887724783273,0.15343747082865694,1.0,0.0672201734295651,-0.28189956878140976,-0.018396488937514582,5,valid
cli_input,247,5,0,brief,brief,JJ,finance,720,0.3977455716586151,-0.2552722151409908,-0.2104044621778487,0.08795206172308614,0.2552722151409908,1.0,0.03933335775481558,-0.33236559634042934,-0.17817883394155226,5,valid
cli_input,249,5,0,stretches,stretch,NNS,finance,726,0.40096618357487923,-0.1573727360074424,-0.14224894279381917,0.038642550999603266,0.1573727360074424,1.0,0.01728147417182307,-0.1912444253842156,-0.12350104663066917,5,valid
cli_input,321,7,0,escalate,escalate,VB,finance,919,0.5169082125603864,-0.028080522002665552,-0.044295865445343585,0.03309369680283052,0.037837280547208606,1.0,0.0147999511355793,-0.057088426228400976,0.000927382223069876,5,valid
cli_input,323,7,0,markedly,markedly,RB,finance,928,0.5201288244766505,0.07349698467094079,0.0829006954530187,0.07989878592633351,0.08036067122938988,1.0,0.035731823330197046,0.0034626109437545793,0.143531358398127,5,valid
cli_input,343,8,0,range,range,NN,finance,989,0.5523349436392915,0.015531637628510264,0.07242233882378835,0.07803920925026638,0.07137516896003575,1.0,0.0349001953587852,-0.05287274527470872,0.08393602053172924,5,valid
cli_input,468,10,0,substantially,substantially,RB,finance,1362,0.7536231884057971,-0.0157918331308065,-0.010498630176170476,0.06594129466846532,0.048747439699067294,1.0,0.029489843480606584,-0.0735919263527954,0.0420082600911824,5,valid
cli_input,472,10,0,brief,brief,JJ,finance,1381,0.7600644122383253,-0.272752397728663,-0.21040446217784226,0.11532926869913777,0.272752397728663,1.0,0.051576816921322155,-0.3738429588944544,-0.1716618365628716,5,valid
cli_input,474,10,0,stretches,stretch,NNS,finance,1387,0.7632850241545893,-0.18108108199805034,-0.17388908236895806,0.0655192206039863,0.18108108199805034,1.0,0.029301086220663634,-0.23851121099055106,-0.12365095300554962,5,valid
cli_input,480,11,0,Ultimately,ultimately,RB,finance,1409,0.7729468599033816,-4.5894715629768434e-05,0.03834941118884827,0.14204871823123347,0.10488052530997627,1.0,0.07102435911561673,-0.13925363858223858,0.13916184915097904,4,valid
cli_input,511,11,0,goals,goal,NNS,finance,1510,0.822866344605475,-0.05427600785633766,-0.05249593460671709,0.04868857818050171,0.05427600785633766,1.0,0.021774194107882967,-0.09695342830778828,-0.011598587404887048,5,valid
cli_input,565,13,0,sterling,sterling,JJ,finance,1653,0.9098228663446055,-0.10114041956744683,-0.09557286835081213,0.06089910777853496,0.10114041956744683,1.0,0.027234908952378074,-0.15452084111410785,-0.04775999802078581,5,valid
cli_input,585,13,0,variety,variety,NN,finance,1721,0.9420289855072463,-0.2967477777080599,-0.3430044982637439,0.07497737220727783,0.2967477777080599,1.0,0.03353090020595534,-0.36246834211173234,-0.2310272133043874,5,valid
cli_input,591,13,0,groups,group,NNS,finance,1738,0.9516908212560387,-0.07820540964558446,-0.09404619224771649,0.09794903903875012,0.10860816127419995,1.0,0.04380414192428518,-0.16406152781718342,0.007650708526014488,5,valid
cli_input,12,0,0,group,group,NN,general,27,0.015789473684210527,0.013341484292265119,-0.01585903685787017,0.07377941624318378,0.05784245482604518,1.0,0.032995158012002215,-0.05132902541125922,0.07801199399578945,5,valid
cli_input,28,0,0,only,only,RB,general,68,0.03684210526315789,-0.08381353487190338,-0.08448958563058695,0.04846974895268662,0.08381353487190338,1.0,0.02423487447634331,-0.13131388884553627,-0.03631318089827049,4,valid
cli_input,46,0,0,phase,phase,NN,general,112,0.060526315789473685,-0.16062635791742824,-0.20580568160308316,0.08560174992781283,0.16062635791742824,1.0,0.03828226636630544,-0.2356595999953869,-0.08559311583946957,5,valid
cli_input,50,0,0,span,span,NN,general,121,0.06578947368421052,-0.10535399554903928,-0.07649387530845275,0.04432700506916187,0.10535399554903928,1.0,0.019823639314724743,-0.14420832860589977,-0.06649966249217878,5,valid
cli_input,67,0,0,primary,primary,JJ,general,162,0.0881578947368421,0.03505808301453507,0.035078290019352254,0.04891378253135783,0.04815462316764215,1.0,0.02187490855535157,-0.007816737753954,0.07793290378302414,5,valid
cli_input,82,1,0,goals,goal,NNS,general,210,0.10789473684210527,-0.11497414247327256,-0.16844829203819273,0.08024127442576741,0.11497414247327256,1.0,0.035884988843446264,-0.18530872060642722,-0.044639564340117885,5,valid
cli_input,91,1,0,start,start,VB,general,235,0.11973684210526316,-0.18068636785100942,-0.18653325216811617,0.05102536250827821,0.18068636785100942,1.0,0.02281923582901585,-0.2254120700758805,-0.13596066562613834,5,valid
cli_input,148,2,0,merely,merely,RB,general,401,0.19473684210526315,-0.026071663266144896,-0.03607355573777576,0.15015478711511557,0.116110877321139,1.0,0.07507739355755778,-0.17322335463895816,0.12108002810666836,4,valid
cli_input,170,2,0,span,span,NN,general,465,0.2236842105263158,-0.10077924312097197,-0.08986651994486039,0.05900730932986946,0.10077924312097197,1.0,0.026388870966189134,-0.15250143021470267,-0.04905705602724127,5,valid
cli_input,255,4,0,increase,increase,VB,general,720,0.3355263157894737,-0.029822381456233043,-0.02866236846624881,0.03650185096733223,0.0314002349361312,1.0,0.016324124013504263,-0.06181766452270139,0.002172901610235308,5,valid
cli_input,302,5,0,choose,choose,VB,general,840,0.3973684210526316,-0.07155785925942652,-0.08231610243795212,0.07200607894669173,0.09099072366334109,1.0,0.03220209746360383,-0.13467397028809003,-0.008441748230763019,5,valid
cli_input,332,5,0,limited,limited,JJ,general,919,0.4368421052631579,-0.02920442181681137,-0.0571918694178184,0.06937542516913246,0.06711695262792745,1.0,0.031025633329226004,-0.09001466314209433,0.0316058195084716,5,valid
cli_input,421,7,0,primary,primary,JJ,general,1185,0.5539473684210526,0.0007757843898641536,0.010153656502921285,0.05400354892192873,0.03616839637101381,1.0,0.024151121283133625,-0.04656041332507775,0.048111982104806064,5,valid
cli_input,433,7,0,span,span,NN,general,1226,0.5697368421052632,-0.08718415082718944,-0.1310229008944931,0.06535732411240404,0.09323577652231416,1.0,0.029228683908564305,-0.14447237128797547,-0.02989593036640341,5,valid
cli_input,489,8,0,goals,goal,NNS,general,1370,0.6434210526315789,-0.12127975612427747,-0.16844829203819986,0.08648950374311885,0.12127975612427747,1.0,0.03867928194196725,-0.1970911487305333,-0.04546836351802165,5,valid
cli_input,498,8,0,start,start,VB,general,1395,0.6552631578947369,-0.11020522043860956,-0.14258095527054876,0.045897024380482564,0.11020522043860956,1.0,0.020525773295944835,-0.15043573609866143,-0.06997470477855769,5,valid
cli_input,529,9,0,key,key,JJ,general,1477,0.6960526315789474,-0.04917265869125317,-0.06750758267752072,0.025106128643553192,0.04917265869125317,1.0,0.011227802059767904,-0.07117915072839825,-0.027166166654108075,5,valid
cli_input,565,10,0,strain,strain,NN,general,1564,0.743421052631579,0.06210169826354646,0.11464569142629616,0.09864736107234554,0.10612731534732707,1.0,0.04411644103174623,-0.024366526158676155,0.14856992268576907,5,valid
cli_input,638,12,0,vital,vital,JJ,general,1782,0.8394736842105263,0.12988355901463827,0.17430216001323784,0.06839912167468427,0.12988355901463827,1.0,0.03058901713317466,0.06992908543361595,0.1898380325956606,5,valid
cli_input,676,12,0,preference,preference,NN,general,1892,0.8894736842105263,0.010400897056879868,0.029894261929684723,0.07012351867718646,0.053005482946296034,1.0,0.031360190916733005,-0.05106507713991682,0.07186687125367655,5,valid
cli_input,695,13,0,grasp,grasp,VB,general,1941,0.9144736842105263,-0.27541212697284695,-0.21815883632602068,0.08189387764655469,0.27541212697284695,1.0,0.03662405547174936,-0.34719527569747566,-0.2036289782482182,5,valid
cli_input,717,13,0,change,change,VB,general,1996,0.9434210526315789,-0.09669099380432043,-0.0927378135741726,0.05279687654022256,0.09669099380432043,1.0,0.02361148098872031,-0.14296949654221225,-0.05041249106642862,5,valid
cli_input,721,13,0,phase,phase,NN,general,2008,0.9486842105263158,-0.17250409335410283,-0.21244763625941926,0.10842488347801707,0.17250409335410283,1.0,0.04848908198186799,-0.2675426940385641,-0.07746549266964156,5,valid
cli_input,6,0,0,admirable,admirable,JJ,general,17,0.010968921389396709,0.021619925646852778,0.02491013841780454,0.0203373868876635,0.026291613663110436,1.0,0.009095155913105692,0.0037934200571656217,0.03944643123653993,5,valid
cli_input,28,0,0,start,start,VBP,general,77,0.051188299817184646,-0.18020213614345176,-0.19314341694117654,0.0775477234520899,0.18020213614345176,1.0,0.034680396227845536,-0.24817571275002903,-0.11222855953687451,5,valid
cli_input,51,1,0,positive,positive,JJ,general,133,0.09323583180987204,-0.22353256961160195,-0.2609209877955846,0.058762341212265055,0.22353256961160195,1.0,0.02627931789353241,-0.2750400326829255,-0.17202510654027842,5,valid
cli_input,123,2,0,disparate,disparate,JJ,general,325,0.22486288848263253,-0.11414798802942112,-0.09232370072531904,0.11881099334858129,0.11480277446923193,1.0,0.05313389152034063,-0.21829041540928876,-0.010005560649553491,5,valid
cli_input,125,2,0,elements,element,NNS,general,335,0.22851919561243145,0.006915103680683288,0.032217092411249704,0.06590912016593517,0.055198895789996705,1.0,0.02947545460564665,-0.050856787346384144,0.06468699470775072,5,valid
cli_input,142,2,0,lucid,lucid,JJ,general,378,0.2595978062157221,-0.1495400290457812,-0.17947976318322012,0.060122562169554,0.1495400290457812,1.0,0.026887627198515996,-0.20223977835487256,-0.09684027973668985,5,valid
cli_input,189,3,0,possibilities,possibility,NNS,general,486,0.34552102376599636,-0.05756521354343491,-0.061336583869108674,0.13014474791533173,0.09901572552727622,1.0,0.058202500650651155,-0.17164211481871117,0.056511687731841356,5,valid
cli_input,201,3,0,target,target,NN,general,526,0.36745886654478976,-0.3141558822435363,-0.3410002348773623,0.10338287001772103,0.3141558822435363,1.0,0.04623422501372982,-0.40477496327044676,-0.22353680121662584,5,valid
cli_input,223,3,0,handle,handle,VB,general,580,0.4076782449725777,0.1304302249018532,0.16887258086674617,0.09991761742123302,0.1353732535434342,1.0,0.044684516940738855,0.04284857169800503,0.21801187810570133,5,valid
cli_input,244,4,0,sizable,sizable,JJ,general,636,0.4460694698354662,-0.14640385850085808,-0.11004565609778538,0.13428312138968698,0.15850297727723534,1.0,0.06005323753163922,-0.26410820406287094,-0.028699512938845206,5,valid
cli_input,279,5,0,admirable,admirable,JJ,general,728,0.5100548446069469,-0.0719960809857558,-0.07971796137930531,0.06360007414622833,0.07637397420974021,1.0,0.028442817832998686,-0.12774400393843321,-0.01624815803307838,5,valid
cli_input,316,6,0,classification,classification,NN,general,822,0.5776965265082267,0.1467490661424844,0.141709284062846,0.07781391429878176,0.1467490661424844,1.0,0.03479944039348378,0.07854216297125619,0.2149559693137126,5,valid
cli_input,201,7,0,selections,selection,NNS,general,637,0.7230215827338129,-0.29086146549939207,-0.3030593708489222,0.18950055394722068,0.29086146549939207,0.6,0.0847472240799703,-0.4569660246961339,-0.12475690630265027,5,valid
cli_input,235,8,0,often,often,RB,general,750,0.8453237410071942,-0.04078499471100026,-0.03780777312143768,0.04638920507694883,0.053926324026547956,0.0,0.02074588319484719,-0.08144692577290075,-0.00012306364909976664,5,valid
cli_input,244,8,0,sound,sound,JJ,general,767,0.8776978417266187,-0.047961753782141556,-0.03294861733525689,0.025679538522497793,0.047961753782141556,0.0,0.011484238753425914,-0.07047086173885635,-0.025452645825426765,5,valid
cli_input,47,1,0,installations,installation,NNS,finance,136,0.11407766990291263,-0.13837134768462517,-0.12061492005533214,0.11617934459357386,0.13837134768462517,0.0,0.051956982418520765,-0.24020703322492587,-0.036535662144324466,5,valid
cli_input,59,2,0,diverse,diverse,JJ,finance,179,0.14320388349514562,-0.20600774202296518,-0.20522103846236206,0.0898734662586321,0.20600774202296518,0.0,0.040192635985567014,-0.28478530855467654,-0.12723017549125382,5,valid
cli_input,61,2,0,groups,group,NNS,finance,187,0.14805825242718446,-0.1805298023619227,-0.23978602666050364,0.1972527511256358,0.19788475965381727,0.0,0.08821411205315396,-0.3534294619861045,-0.00763014273774093,5,valid
cli_input,95,4,0,repeated,repeated,JJ,finance,264,0.23058252427184467,0.0886886888331353,0.10493143739668964,0.077088532927161,0.10488767493782332,0.0,0.034475039982172564,0.021117610468077072,0.1562597671981935,5,valid
cli_input,106,4,0,lineage,lineage,NN,finance,291,0.25728155339805825,-0.27336646920436236,-0.2478397558579295,0.11085588213506449,0.27336646920436236,0.0,0.04957625763194174,-0.37053593416296815,-0.17619700424575657,5,valid
cli_input,181,6,0,regular,regular,JJ,finance,470,0.4393203883495146,-0.0356433059818281,-0.009831994181996428,0.1732221403018297,0.10768489642569339,0.0,0.07746729618457943,-0.18747920650360378,0.11619259453994757,5,valid
cli_input,192,6,0,diverse,diverse,JJ,finance,500,0.46601941747572817,-0.48831770868306607,-0.5296729381642833,0.12482495289739945,0.48831770868306607,0.0,0.055823415993358896,-0.5977316040300495,-0.37890381333608264,5,valid
cli_input,212,6,0,repeated,repeated,JJ,finance,558,0.5145631067961165,0.0520249334867108,0.058167653280361886,0.08733542036008012,0.07781567395389075,0.0,0.03905758735373166,-0.024527937726603256,0.12857780470002486,5,valid
cli_input,221,7,0,regular,regular,JJ,finance,582,0.5364077669902912,0.02134359604903153,0.037072562633047035,0.17382052825475913,0.12290697743414931,0.0,0.07773490341251285,-0.13101681463949366,0.1737040067375567,5,valid
cli_input,250,7,0,diverse,diverse,JJ,finance,653,0.6067961165048543,-0.347298088559274,-0.3804919387914443,0.10984652933879971,0.347298088559274,0.0,0.04912486133879623,-0.4435828167833146,-0.2510133603352334,5,valid
cli_input,268,7,0,repeated,repeated,JJ,finance,710,0.6504854368932039,-0.3584342043519363,-0.318818929209451,0.09968318402086847,0.3584342043519363,0.0,0.04457967513685654,-0.4458103676201751,-0.27105804108369747,5,valid
cli_input,294,8,0,diverse,diverse,JJ,finance,789,0.7135922330097088,-0.22898484459877277,-0.19437095620061529,0.11977832332667568,0.22898484459877277,0.0,0.05356649463787911,-0.33397517408901584,-0.12399451510852973,5,valid
cli_input,296,8,0,groups,group,NNS,finance,797,0.7184466019417476,-0.2294563416020737,-0.24432765406477808,0.14255354394242037,0.2294563416020737,0.0,0.06375188293775105,-0.3544100321600658,-0.10450265104408164,5,valid
cli_input,306,8,0,markedly,markedly,RB,finance,822,0.7427184466019418,-0.15889809912135622,-0.12710519181548863,0.060531456792672765,0.15889809912135622,0.0,0.027070490433101536,-0.21195626037023524,-0.10583993787247721,5,valid
cli_input,366,10,0,significant,significant,JJ,finance,988,0.8883495145631068,-0.1820335928313077,-0.21553823021168217,0.08125217424584959,0.1820335928313077,0.0,0.03633707698667547,-0.25325426372519166,-0.11081292193742379,5,valid
cli_input,380,10,0,conditions,condition,NNS,finance,1034,0.9223300970873787,-0.21374407456267247,-0.08419372631581545,0.19583428159481225,0.21374407456267247,0.0,0.08757975319416722,-0.3854003908232402,-0.04208775830210473,5,valid
cli_input,42,1,0,apprehend,apprehend,VB,legal,112,0.1268882175226586,-0.11501190438914524,-0.07638148086088381,0.05535551225519519,0.11501190438914524,1.0,0.024755737666387823,-0.16353315021526538,-0.0664906585630251,5,valid
cli_input,101,2,0,possibility,possibility,NN,legal,301,0.30513595166163143,-0.08137521337607194,-0.08329824628579896,0.13516127603240827,0.12661403278720812,1.0,0.06044596022681559,-0.19984929542063049,0.037098868668486606,5,valid
cli_input,119,2,0,aim,aim,NN,legal,363,0.3595166163141994,-0.3102007036127916,-0.3591769748251632,0.16818194370515305,0.3102007036127916,1.0,0.07521325174255301,-0.45761867702819553,-0.1627827301973877,5,valid
cli_input,129,2,0,harness,harness,VB,legal,382,0.38972809667673713,-0.15197994232010809,-0.184367813353556,0.14804046408789512,0.18950695510657334,1.0,0.06620570822422997,-0.28174313043959887,-0.022216754200617334,5,valid
cli_input,133,2,0,service,service,NN,legal,392,0.40181268882175225,-0.024790812411335718,-0.02729148921198976,0.06861162730605411,0.053064316556179006,1.0,0.030684052540643547,-0.08493155539099706,0.03534993056832563,5,valid
cli_input,156,2,0,facility,facility,NN,legal,461,0.47129909365558914,-0.11019660267706288,-0.05497725163041478,0.13970107774194296,0.12379380771958357,1.0,0.062476221272193454,-0.23264999637056205,0.012256791016436286,5,valid
cli_input,168,2,0,facility,facility,NN,legal,500,0.5075528700906344,-0.01635857419998956,-0.058696532116416344,0.24976370634896722,0.1972728038730823,1.0,0.1116977251417173,-0.23528611547775546,0.20256896707777633,5,valid
cli_input,207,3,0,choices,choice,NNS,legal,612,0.6253776435045317,-0.0816837904530289,-0.13404945518972933,0.1943188482905655,0.16842678160751806,1.0,0.08690203081743465,-0.2520117708552008,0.08864418994914303,5,valid
cli_input,215,3,0,amenity,amenity,NN,legal,639,0.649546827794562,0.008517684741644027,-0.005996462691773008,0.09805370606276471,0.07372238197958363,1.0,0.04385095044042503,-0.07743017812158903,0.09446554760487708,5,valid
cli_input,241,4,0,sterling,sterling,JJ,legal,703,0.7280966767371602,-0.11408744631371262,-0.07644808311638451,0.08748231940653842,0.11408744631371262,1.0,0.03912328260447379,-0.19076908021848127,-0.037405812408943986,5,valid
cli_input,291,4,0,appropriate,appropriate,JJ,legal,843,0.879154078549849,-0.18213489609609698,-0.18188401150567235,0.14403886907489158,0.195286426345798,1.0,0.06441614053072996,-0.30839053153632767,-0.055879260655866264,5,valid
cli_input,313,4,0,accomplished,accomplish,VBN,legal,904,0.945619335347432,0.10661849593794268,0.10736293995469359,0.0010193719519355697,0.10661849593794268,1.0,0.0004558769957769164,0.10572497702621991,0.10751201484966544,5,valid
cli_input,323,4,0,fitting,fitting,JJ,legal,940,0.9758308157099698,-0.31520419365137353,-0.27993901316379444,0.13601234112541843,0.31520419365137353,1.0,0.060826568107065174,-0.4344242671412213,-0.19598412016152578,5,valid
cli_input,26,0,0,selection,selection,NN,general,58,0.03651685393258427,-0.173568926604031,-0.23903365928117104,0.10573492139314766,0.173568926604031,1.0,0.047286094366134984,-0.2662496715616556,-0.08088818164640643,5,valid
cli_input,30,0,0,aspects,aspect,NNS,general,71,0.042134831460674156,-0.18341172140412787,-0.18492221276435827,0.16061151143254626,0.18768385564947515,1.0,0.07182765150643161,-0.32419391835673383,-0.042629524451521905,5,valid
cli_input,48,0,0,kind,kind,NN,general,117,0.06741573033707865,-0.014356235391874339,0.016807280758417864,0.0899559543852697,0.0665484416990684,1.0,0.040229525797266664,-0.09320610595451699,0.06449363517076832,5,valid
cli_input,80,1,0,rules,rule,NNS,general,214,0.11235955056179775,-0.28096929505023716,-0.2689468823470872,0.07827416390555189,0.28096929505023716,1.0,0.03500527027495489,-0.3495796247891487,-0.2123589653113256,5,valid
cli_input,217,3,0,markedly,markedly,RB,general,585,0.3047752808988764,-0.1003444844616745,-0.10379264481607287,0.007710320949754513,0.1003444844616745,1.0,0.003448160354398366,-0.1071028787562953,-0.0935860901670537,5,valid
cli_input,244,3,0,marked,marked,JJ,general,659,0.34269662921348315,-0.037884452623365775,-0.061910174247976624,0.09243390146755869,0.08272964400012343,1.0,0.04133769742139576,-0.11890633956930145,0.043137434322569904,5,valid
cli_input,320,5,0,little,little,JJ,general,850,0.449438202247191,-0.05094004695445453,-0.08196496410547205,0.061830738142600435,0.06311374190109373,1.0,0.02765154671716873,-0.10513707852010523,0.0032569846111961745,5,valid
cli_input,359,6,0,entail,entail,VB,general,951,0.5042134831460674,-0.1507863678321771,-0.1218562831425054,0.046621262931946274,0.1507863678321771,1.0,0.020849662622544604,-0.19165170657236452,-0.10992102909198968,5,valid
cli_input,384,6,0,selection,selection,NN,general,1002,0.5393258426966292,-0.061055569546351454,-0.054405091597816035,0.044706418948056804,0.061055569546351454,1.0,0.019993318359687928,-0.10024247353133979,-0.021868665561363118,5,valid
cli_input,437,7,0,facets,facet,NNS,general,1141,0.6137640449438202,-0.0545855919593208,-0.045798274201764855,0.07154705563140083,0.0545855919593208,1.0,0.031996815996354275,-0.11729935131217517,0.00812816739353358,5,valid
cli_input,479,7,0,goals,goal,NNS,general,1266,0.672752808988764,-0.2674428576748908,-0.3194707862637457,0.09932344829126091,0.2674428576748908,1.0,0.04441879642778895,-0.3545036986733571,-0.18038201667642445,5,valid
cli_input,599,9,0,sense,sense,NN,general,1543,0.8412921348314607,-0.17803337938467073,-0.2495023500793191,0.13192125827926915,0.19747649046963822,1.0,0.058996980237950546,-0.2936674606510538,-0.06239929811828766,5,valid
cli_input,663,10,0,goals,goal,NNS,general,1740,0.9311797752808989,0.042892686441010144,0.04707100965564104,0.0145069101652592,0.042892686441010144,1.0,0.006487687454600455,0.03017681902999325,0.05560855385202704,5,valid
cli_input,684,11,0,aspects,aspect,NNS,general,1792,0.9606741573033708,-0.2519236272084159,-0.283790115979657,0.0851988564294382,0.2519236272084159,1.0,0.03810208691629376,-0.32660371756435164,-0.17724353685248012,5,valid
cli_input,43,0,0,correct,correct,JJ,finance,112,0.1016548463356974,-0.28193703526332003,-0.2698375381195066,0.0596045479435088,0.28193703526332003,1.0,0.026655964193966195,-0.3341827250834938,-0.2296913454431463,5,valid
cli_input,84,1,0,dilemmas,dilemma,NNS,finance,226,0.19858156028368795,0.060498816617255494,0.11931089788309124,0.1294196322002152,0.12882860946796265,1.0,0.05787821904454037,-0.05294249271004363,0.1739401259445546,5,valid
cli_input,106,2,0,disparate,disparate,JJ,finance,293,0.25059101654846333,-0.14106718843883934,-0.2034495838370971,0.14400228430359882,0.16211860874548423,1.0,0.06439977932361958,-0.26729075591313367,-0.014843620964544973,5,valid
cli_input,108,2,0,preferences,preference,NNS,finance,303,0.2553191489361702,0.05419009497787308,0.07438975475759779,0.09500272994194654,0.08657513308577972,1.0,0.042486512439649425,-0.029083469403839796,0.13746365935958596,5,valid
cli_input,175,3,0,correct,correct,JJ,finance,493,0.41371158392434987,-0.03518478089157413,-0.030229887448742554,0.09414990875375488,0.06582179706567363,1.0,0.042105119209759685,-0.11771081454270312,0.04734125275955485,5,valid
cli_input,191,4,0,distinct,distinct,JJ,finance,545,0.4515366430260047,-0.02372244104329959,-0.038277421698811764,0.09079985271909005,0.07929480327104979,1.0,0.04060692860537089,-0.10331202110982654,0.055867139023227354,5,valid
cli_input,225,5,0,identify,identify,VB,finance,634,0.5319148936170213,0.06157464170941469,0.10485270072704234,0.10410237520487246,0.09785268701139409,1.0,0.04655599751545668,-0.029675113420880403,0.15282439683970978,5,valid
cli_input,243,5,0,correct,correct,JJ,finance,684,0.574468085106383,-0.20720534508978777,-0.20438537683179914,0.10386701446476482,0.20720534508978777,1.0,0.04645074099263361,-0.29824879743534966,-0.11616189274422589,5,valid
cli_input,290,7,0,form,form,VB,finance,834,0.6855791962174941,-0.04034879879956641,-0.0533116279434136,0.1023344501886822,0.09118131776232588,1.0,0.04576535741239191,-0.13004889932785454,0.04935130172872173,5,valid
cli_input,319,8,0,possibility,possibility,NN,finance,914,0.7541371158392435,0.020091976937588508,0.03258493377519023,0.03710285574745569,0.034929854059541875,1.0,0.01659290152213594,-0.012430110045797933,0.05261406392097495,5,valid
cli_input,364,8,0,demands,demand,NNS,finance,1043,0.8605200945626478,0.16437611614593153,0.21922056836367187,0.1471318922783543,0.20310430220896944,1.0,0.06579938255851532,0.0354093263312415,0.29334290596062157,5,valid
cli_input,372,9,0,option,option,NN,finance,1071,0.8794326241134752,-0.3684814675499294,-0.3799516696597176,0.08290889796302146,0.3684814675499294,1.0,0.037077986356981965,-0.44115432080961403,-0.29580861429024474,5,valid
cli_input,376,9,0,pick,pick,VBP,finance,1082,0.8888888888888888,-0.039774377769871846,-0.0607563118999872,0.05305662139996405,0.05348466936757812,1.0,0.023727642421357935,-0.0862805569157334,0.006731801375989707,5,valid
cli_input,387,9,0,act,act,VB,finance,1101,0.9148936170212766,-0.27173594038784377,-0.23038495641729728,0.1332852721213242,0.27173594038784377,1.0,0.059606985772567705,-0.3885656325020765,-0.15490624827361105,5,valid
cli_input,389,9,0,speedily,speedily,RB,finance,1105,0.9196217494089834,-0.419847606397051,-0.43133755510575233,0.0717782202971209,0.419847606397051,1.0,0.0321001959776635,-0.48276399051327146,-0.3569312222808305,5,valid
cli_input,409,9,0,obstacles,obstacle,NNS,finance,1160,0.966903073286052,-0.23990136180004104,-0.20199834856873933,0.13376198949986975,0.23990136180004104,1.0,0.05982018026546437,-0.3571489151203512,-0.12265380847973087,5,valid
cli_input,0,0,0,Sound,sound,JJ,general,0,0.0,0.10694115289979571,0.08236902522362888,0.05409908784137475,0.10694115289979571,0.0,0.02419384758680926,0.05952121162964956,0.15436109416994187,5,valid
cli_input,10,0,0,utilized,utilize,VBD,general,21,0.019880715705765408,-0.19693164133343286,-0.20714494956470775,0.02191876499628021,0.19693164133343286,0.0,0.009802369702905095,-0.21614428595112684,-0.17771899671573888,5,valid
cli_input,14,0,0,elucidate,elucidate,VB,general,33,0.027833001988071572,-0.06645472234037317,-0.011040351291724981,0.1279481753524342,0.07452979246843797,0.0,0.05722016353702119,-0.1786062428729347,0.04569679819218836,5,valid
cli_input,18,0,0,group,group,NN,general,45,0.03578528827037773,-0.055196631998360335,-0.07479671725010073,0.12077480645069293,0.10559271084697146,0.0,0.054012135438625895,-0.1610604174580671,0.05066715346134641,5,valid
cli_input,45,0,0,formed,form,VBD,general,122,0.08946322067594434,-0.03497161891883298,-0.12373386328936009,0.1913311472919295,0.17119428760236294,0.0,0.08556589031155583,-0.20268076392948242,0.13273752609181644,5,valid
cli_input,80,1,0,employed,employ,VBN,general,226,0.15904572564612326,-0.2451360859796848,-0.29003576988230595,0.1514827651097976,0.2451360859796848,0.0,0.06774515204102817,-0.37791658398010003,-0.11235558797926959,5,valid
cli_input,82,1,0,admirable,admirable,JJ,general,235,0.16302186878727634,-0.1644845164308057,-0.10458301778495604,0.10327877286459845,0.1644845164308057,0.0,0.04618767135160056,-0.2550123522799428,-0.0739566805816686,5,valid
cli_input,86,1,0,strategies,strategy,NNS,general,250,0.1709741550695825,-0.18145421268274778,-0.17063827356174066,0.03697587894851279,0.18145421268274778,0.0,0.01653611577133561,-0.21386499959456556,-0.14904342577093,5,valid
cli_input,133,1,0,positive,positive,JJ,general,385,0.2644135188866799,-0.07404859298124729,-0.06867383347142608,0.009116087663787922,0.07404859298124729,0.0,0.004076838341015408,-0.08203919612963749,-0.06605798983285709,5,valid
cli_input,137,1,0,strategies,strategy,NNS,general,399,0.27236580516898606,0.015547915563406001,0.02657882431166536,0.12774215227027,0.09541370728631157,0.0,0.057128027213690556,-0.09642301777542749,0.1275188489022395,5,valid
cli_input,148,2,0,often,often,RB,general,434,0.294234592445328,-0.23072857892298043,-0.237981438429256,0.02914651687208052,0.23072857892298043,0.0,0.013034718606663316,-0.25627662739204055,-0.20518053045392032,5,valid
cli_input,158,2,0,generate,generate,VB,general,467,0.31411530815109345,-0.16230307436577124,-0.1808241459975961,0.07307134926169391,0.16230307436577124,0.0,0.03267850083135533,-0.22635293599522768,-0.0982532127363148,5,valid
cli_input,162,2,0,definition,definition,NN,general,478,0.3220675944333996,-0.07339218237865763,-0.09120353988939955,0.09027743071096177,0.10566383443399863,0.0,0.040373294380747535,-0.1525238393649228,0.005739474607607528,5,valid
cli_input,212,3,0,positive,positive,JJ,general,618,0.42147117296222664,-0.1204868784398454,-0.08664902013114784,0.06416035171190936,0.1204868784398454,0.0,0.02869338157762486,-0.17672590633199015,-0.06424785054770067,5,valid
cli_input,216,3,0,strategies,strategy,NNS,general,632,0.4294234592445328,-0.08372525304127558,-0.12491953071864081,0.11952251131408433,0.12640344662744782,0.0,0.053452092027956054,-0.18849135341606943,0.021040847333518284,5,valid
cli_input,229,4,0,often,often,RB,general,674,0.4552683896620278,-0.1330676594054742,-0.12218276756331736,0.07415788913013689,0.1330676594054742,0.0,0.033164416232575766,-0.19806991522132267,-0.06806540358962569,5,valid
cli_input,244,4,0,developed,develop,VBN,general,726,0.4850894632206759,-0.08329689081398986,0.0012647491676496259,0.11579079429393671,0.0848145898151694,0.0,0.051783217441987446,-0.18479199700028526,0.018198215372305537,5,valid
cli_input,300,5,0,positive,positive,JJ,general,899,0.5964214711729622,-0.10281364067927798,-0.08067801955003162,0.05946220683875751,0.10281364067927798,0.0,0.02659230731672293,-0.15493456302005493,-0.05069271833850103,5,valid
cli_input,304,5,0,strategies,strategy,NNS,general,913,0.6043737574552683,-0.022453260386734362,-0.04942982208430324,0.12368244653045599,0.10780964755908347,0.0,0.05531247161311652,-0.13086570474844272,0.08595918397497401,5,valid
cli_input,315,6,0,commonly,commonly,RB,general,941,0.6262425447316103,-0.2873738115748676,-0.2583871085075087,0.07334964798464248,0.2873738115748676,0.0,0.03280295980386821,-0.3516676127904493,-0.22308001035928587,5,valid
cli_input,317,6,0,deployed,deploy,VBD,general,950,0.6302186878727635,-0.23850604442688708,-0.25560420290667407,0.04639277189956438,0.23850604442688708,0.0,0.0207474783264136,-0.27917110194665773,-0.19784098690711643,5,valid
cli_input,321,6,0,mechanisms,mechanism,NNS,general,965,0.6381709741550696,-0.07588794216855135,-0.058343402446305426,0.11268069913779649,0.08751332329391844,0.0,0.05039234060486298,-0.1746569297540828,0.022881045416980092,5,valid
cli_input,325,6,0,craft,craft,VB,general,979,0.6461232604373758,-0.07660046081166874,-0.030502406813953442,0.10562510683906604,0.08979525392089487,0.0,0.04723698380456592,-0.16918494906861792,0.01598402744528045,5,valid
cli_input,329,6,0,significance,significance,NN,general,987,0.6540755467196819,-0.1679017323395721,-0.17068897750800982,0.03983139811185363,0.1679017323395721,0.0,0.017813142763392294,-0.20281549215582098,-0.1329879725233232,5,valid
cli_input,369,7,0,exercised,exercise,VBD,general,1105,0.7335984095427436,-0.13140106981023134,-0.13658807160666742,0.1013035466635549,0.13628538471946605,0.0,0.04530432334030615,-0.2201975435572314,-0.042604596063231276,5,valid
cli_input,371,7,0,fine,fine,JJ,general,1115,0.7375745526838966,-0.08397039278368439,-0.12136290612603151,0.08136284570591298,0.10434111901386807,0.0,0.03638657076824966,-0.15528807148945373,-0.012652714077915059,5,valid
cli_input,375,7,0,approaches,approach,NNS,general,1125,0.7455268389662028,-0.16638293671765902,-0.15502196362280252,0.07360660105584439,0.16638293671765902,0.0,0.03291787271071517,-0.23090196723066075,-0.1018639062046573,5,valid
cli_input,399,8,0,crafted,craft,VBD,general,1205,0.7932405566600398,0.07558856613052489,0.07247337538940535,0.0658203848487771,0.08417525897311799,0.0,0.029435770965412562,0.01789445503831627,0.13328267722273351,5,valid
cli_input,453,9,0,positive,positive,JJ,general,1349,0.9005964214711729,-0.06890794727078794,-0.06974286951793518,0.001866942900548085,0.06890794727078794,0.0,0.0008349222471472294,-0.07054439487519651,-0.06727149966637938,5,valid
cli_input,457,9,0,strategies,strategy,NNS,general,1363,0.9085487077534792,-0.010744660787196113,-0.04942982208430324,0.07773036336726837,0.0640543840980368,0.0,0.0347620752809943,-0.07887832833794495,0.05738900676355271,5,valid
cli_input,481,10,0,developed,develop,VBD,general,1446,0.9562624254473161,-0.11990531880410726,-0.12714422470547326,0.08477793300748866,0.11990531880410726,0.0,0.03791384423933356,-0.19421645351320105,-0.04559418409501348,5,valid
cli_input,76,1,0,largely,largely,RB,general,200,0.23384615384615384,-0.047545253910897936,-0.04750294755885272,0.12405324968172615,0.1037085896138727,1.0,0.055478299823618765,-0.1562827215651907,0.06119221374339484,5,valid
cli_input,153,2,0,identified,identify,VBD,general,394,0.4707692307692308,-0.09232423619497394,-0.08964157826637348,0.14470608772886873,0.13363970052402568,1.0,0.06471452978395972,-0.21916471457153502,0.03451624218158712,5,valid
cli_input,205,3,0,aspects,aspect,NNS,general,545,0.6307692307692307,0.05360823553308479,0.10068577988789108,0.14151946763859935,0.12796089146164635,1.0,0.06328942995589795,-0.0704390471804752,0.17765551824664477,5,valid
cli_input,266,4,0,halted,halt,VBD,general,699,0.8184615384615385,-0.20465604610195842,-0.30599172704396105,0.15347410901567737,0.20465604610195842,1.0,0.06863570810905359,-0.33918203399570346,-0.07013005820821339,5,valid
cli_input,311,4,0,ended,end,VBD,general,822,0.9569230769230769,0.23373478596157482,0.2719343117460897,0.11608302135956111,0.23373478596157482,1.0,0.05191390535870774,0.13198353145850766,0.335486040464642,5,valid
cli_input,100,2,0,aspects,aspect,NNS,general,296,0.2898550724637681,-0.26280277681887604,-0.2627313626981709,0.16702231649480592,0.26280277681887604,1.0,0.07469465068837408,-0.40920429216808923,-0.11640126146966284,5,valid
cli_input,115,3,0,regularly,regularly,RB,general,336,0.3333333333333333,0.08006563858503267,0.08112150728832995,0.0776395290902533,0.08006563858503267,1.0,0.034721452957375755,0.012011590788576193,0.14811968638148915,5,valid
cli_input,127,3,0,improve,improve,VB,general,370,0.3681159420289855,0.001898909448714664,-0.000913690014544645,0.14798635280141648,0.11856513809156084,1.0,0.06618150892124673,-0.12781684803692894,0.13161466693435825,5,valid
cli_input,141,3,0,aspects,aspect,NNS,general,409,0.40869565217391307,0.13089580522031974,0.09405230346360668,0.18857422523916004,0.18508429271884305,1.0,0.08433295728782367,-0.03439679106381466,0.29618840150445414,5,valid
cli_input,165,4,0,facilitate,facilitate,VB,general,469,0.4782608695652174,0.1184695008889777,0.15646889824162263,0.16546693658912565,0.1590994451788847,1.0,0.07399906364838642,-0.026568663861859687,0.2635076656398151,5,valid
cli_input,200,5,0,employed,employ,VBN,general,558,0.5797101449275363,0.013638336862052527,-0.015086322101516975,0.06389214839465074,0.04365136068408925,1.0,0.028573437407788622,-0.04236560045721317,0.06964227418131823,5,valid
cli_input,206,5,0,types,type,NNS,general,576,0.5971014492753624,-0.02975831637980033,-0.019552346340585558,0.04725062367608712,0.041094695439491215,1.0,0.02113112130379836,-0.07117531413524511,0.011658681375644457,5,valid
cli_input,234,5,0,aspects,aspect,NNS,general,653,0.6782608695652174,-0.1467164941186063,-0.10467331533105917,0.14735021557123132,0.15289016608404807,1.0,0.06589701970330425,-0.2758746527370826,-0.017558335500129973,5,valid
cli_input,245,6,0,significant,significant,JJ,general,687,0.7101449275362319,0.0875982832323021,0.08911812859214564,0.1280079898101661,0.13270503081310486,1.0,0.05724691337572635,-0.024605666984121546,0.19980223344872572,5,valid
cli_input,282,6,0,challenges,challenge,NNS,general,805,0.8173913043478261,-0.12026061746833974,-0.13671410797159225,0.15048533817575419,0.14394421048019954,1.0,0.0672990891556061,-0.2521668322133277,0.011645597276648212,5,valid
cli_input,297,7,0,sound,sound,JJ,general,850,0.8608695652173913,-0.08000606666976955,-0.06832373655047633,0.05053504376832265,0.08000606666976955,1.0,0.022599958622379315,-0.12430198556963301,-0.03571014776990609,5,valid
cli_input,14,0,0,employed,employ,VBN,general,30,0.022950819672131147,-0.16821668973707848,-0.16083520745893454,0.01232151891641353,0.16821668973707848,1.0,0.0055103507766300405,-0.17901697725927337,-0.1574164022148836,5,valid
cli_input,48,0,0,bodies,body,NNS,general,118,0.07868852459016394,-0.07160426942544573,-0.08659855720394871,0.11170753994390743,0.11622620131879939,0.8,0.04995713058277001,-0.16952024536767496,0.02631170651678348,5,valid
cli_input,61,1,0,dissimilar,dissimilar,JJ,general,153,0.1,-0.30534156677003377,-0.29802477667869454,0.06482066855874136,0.30534156677003377,1.0,0.028988684248865797,-0.3621593878978107,-0.24852374564225682,5,valid
cli_input,63,1,0,groups,group,NNS,general,164,0.10327868852459017,-0.24390843846567972,-0.22720432927856749,0.06926176962365534,0.24390843846567972,1.0,0.03097480502408467,-0.30461905631288566,-0.18319782061847378,5,valid
cli_input,74,1,0,work,work,NN,general,192,0.12131147540983607,-0.21249799388620297,-0.2364671907215401,0.05489895136783896,0.21249799388620297,1.0,0.024551557430388594,-0.26061904644976464,-0.16437694132264133,5,valid
cli_input,110,1,0,discipline,discipline,NN,general,286,0.18032786885245902,0.11666189236146556,0.12882309192122654,0.04547173283569242,0.11666189236146556,0.0,0.020335577135063503,0.07680416117674109,0.15651962354619003,5,valid
cli_input,117,2,0,persistent,persistent,JJ,general,305,0.1918032786885246,-0.007354179369175107,0.0883289134674472,0.1705092956419704,0.1457694303672586,0.4,0.07625407517021089,-0.15681216670278844,0.14210380796443825,5,valid
cli_input,119,2,0,group,group,NN,general,316,0.19508196721311474,-0.14856952338871893,-0.17348480543172795,0.10917549913731706,0.14856952338871893,0.6,0.04882476750970211,-0.24426606770773507,-0.052872979069702786,5,valid
cli_input,140,2,0,broad,broad,JJ,general,366,0.22950819672131148,-0.11178372452924452,-0.1542354920672342,0.10635066225193728,0.14276039354105108,0.8,0.04756146204949052,-0.20500419014624593,-0.0185632589122431,5,valid
cli_input,168,2,0,body,body,NN,general,432,0.2754098360655738,-0.09071759711017599,-0.10166584668682743,0.10105123792737591,0.12152922622816811,0.8,0.045191487443223495,-0.17929291249889404,-0.002142281721457945,5,valid
cli_input,253,4,0,discipline,discipline,NN,general,647,0.41475409836065574,0.0023930538031436744,-0.016407328869238347,0.042851070097751576,0.03651527710701781,0.0,0.019163581129436214,-0.0351675652105513,0.039953672816838655,5,valid
cli_input,270,4,0,system,system,NN,general,694,0.4426229508196721,-0.10449759741485462,-0.05490027618314497,0.10443380983426387,0.10815045892769493,0.4,0.04670421958774001,-0.19603786780682503,-0.012957327022884213,5,valid
cli_input,281,5,0,division,division,NN,general,722,0.460655737704918,0.046415588204345284,0.026531979361132052,0.03472361421811591,0.046415588204345284,0.0,0.015528872363237075,0.01597899837240062,0.07685217803628995,5,valid
cli_input,326,5,0,framework,framework,NN,general,842,0.5344262295081967,-0.07885511844282819,-0.0408594577589001,0.1272377214320108,0.10853376736711513,0.4,0.056902438884831597,-0.19038389865709812,0.03267366177144174,5,valid
cli_input,395,7,0,engine,engine,NN,general,1025,0.6475409836065574,-0.28462596049909605,-0.27654751295957336,0.05553892233420039,0.28462596049909605,1.0,0.02483776114727067,-0.33330797234774656,-0.23594394865044555,5,valid
cli_input,446,8,0,classes,class,NNS,general,1150,0.7311475409836066,-0.06387433780728333,-0.017732110098452214,0.12075343181689646,0.09706714035934443,0.4,0.054002576411793284,-0.16971938757439817,0.041970711959831514,5,valid
cli_input,472,8,0,big,big,JJ,general,1223,0.7737704918032787,-0.022466970773072737,-0.04388859685979041,0.09838495250171325,0.073802043005286,0.2,0.04399908835138376,-0.1087051839417849,0.06377124239563943,5,valid
cli_input,552,9,0,simple,simple,JJ,general,1418,0.9049180327868852,0.12944915638978555,0.10052433376879577,0.046580401883062304,0.12944915638978555,0.0,0.020831389005957303,0.08861963393810923,0.17027867884146186,5,valid
cli_input,554,9,0,tenet,tenet,NN,general,1425,0.9081967213114754,-0.0015310352000403426,0.03732632589906815,0.09372141375650493,0.06542415803740198,0.2,0.041913490421385785,-0.08368147642595648,0.08061940602587579,5,valid
cli_input,566,9,0,harness,harness,VB,general,1449,0.9278688524590164,-0.20454969473412293,-0.19307429886642047,0.16790166905367757,0.22912895561184551,0.8,0.07508790910793917,-0.3517219965856837,-0.05737739288256216,5,valid
cli_input,590,9,0,body,body,NN,general,1523,0.9672131147540983,-0.09071759711018243,-0.10166584668682743,0.1010512379273765,0.12152922622817197,0.8,0.04519148744322376,-0.179292912498901,-0.0021422817214638706,5,valid
cli_input,8,0,0,extensive,extensive,JJ,general,21,0.015267175572519083,-0.11185765639457368,-0.12974431906552786,0.03844800515576685,0.11185765639457368,1.0,0.017194470625511413,-0.14555881882057606,-0.0781564939685713,5,valid
cli_input,12,0,0,domain,domain,NN,general,40,0.022900763358778626,-0.059669167279299405,0.011419083221448134,0.15870447703827686,0.12496860287904021,1.0,0.07097479979822831,-0.1987797748838269,0.07944144032522807,5,valid
cli_input,47,1,0,recurrent,recurrent,JJ,general,147,0.08969465648854962,-0.11736515472414522,-0.12268323458459685,0.05882241773808765,0.11736515472414522,1.0,0.02630618493265068,-0.16892527719214054,-0.06580503225614989,5,valid
cli_input,53,1,0,divisions,division,NNS,general,169,0.10114503816793893,-0.2776622924656135,-0.24860007418675079,0.07528544445263481,0.2776622924656135,1.0,0.03366867430247517,-0.3436528940984649,-0.2116716908327622,5,valid
cli_input,93,1,0,diverse,diverse,JJ,general,288,0.17748091603053434,-0.009255319265031824,-0.019734808111440127,0.11338162486956271,0.08895202654657693,1.0,0.05070580412154459,-0.10863869534325922,0.09012805681319556,5,valid
cli_input,157,3,0,people,people,NN,general,469,0.29961832061068705,-0.04057648815129686,-0.025752083795756886,0.08637125584176586,0.06417861325930904,1.0,0.04318562792088293,-0.1252203188762274,0.04406734257363368,4,valid
cli_input,209,4,0,substance,substance,NN,general,609,0.3988549618320611,-0.25807714004464766,-0.25950467374712904,0.05013931205325202,0.25807714004464766,1.0,0.022422982019229213,-0.3020261848023369,-0.2141280952869584,5,valid
cli_input,248,5,0,scheme,scheme,NN,general,709,0.4732824427480916,-0.1070266249631121,-0.0925769890144521,0.0723471973257243,0.1070266249631121,1.0,0.0323546502403821,-0.17044173943426102,-0.043611510491963185,5,valid
cli_input,300,6,0,often,often,RB,general,853,0.5725190839694656,-0.075526890319538,-0.08839893288974165,0.09298263435955371,0.08221953528105044,1.0,0.041583098230993945,-0.15702976285228615,0.005975982213210121,5,valid
cli_input,346,7,0,diversity,diversity,NN,general,1003,0.6603053435114504,-0.09410149889492012,-0.07117860106140628,0.050972463244849706,0.09410149889492012,1.0,0.02279557855921869,-0.13878083287098875,-0.049422164918851486,5,valid
cli_input,369,7,0,distinct,distinct,JJ,general,1079,0.7041984732824428,-0.03258723226292557,0.027952602230523316,0.1650605202690416,0.12240601517782079,1.0,0.07381730874461177,-0.17726915740236462,0.1120946928765135,5,valid
cli_input,399,8,0,applied,apply,VBN,general,1165,0.7614503816793893,-0.09780779258369185,-0.14440977138536581,0.11446880669956534,0.11794123839290296,1.0,0.051192006616702285,-0.19814412555242833,0.002528540385044631,5,valid
cli_input,425,9,0,communicate,communicate,VB,general,1245,0.8110687022900763,-0.1172650765894289,-0.1396094796527937,0.07397223273112738,0.1172650765894289,1.0,0.03308138816684715,-0.18210459739644932,-0.052425555782408484,5,valid
cli_input,435,9,0,multiple,multiple,JJ,general,1282,0.8301526717557252,0.05587772151285468,0.04471933985144105,0.04962133100336911,0.05587772151285468,1.0,0.022191333851510234,0.01238270716389462,0.09937273586181475,5,valid
cli_input,461,10,0,purely,purely,RB,general,1354,0.8797709923664122,0.006132606227001125,-0.0020602185120753846,0.058799192271721853,0.03743863973294176,1.0,0.029399596135860927,-0.05149060219928629,0.06375581465328854,4,valid
cli_input,473,10,0,classifications,classification,NNS,general,1383,0.9026717557251909,-0.2543126530810743,-0.2705046497937128,0.09988224216028789,0.2543126530810743,1.0,0.04466869664309983,-0.34186329850154995,-0.16676200766059865,5,valid
cli_input,477,10,0,categories,category,NNS,general,1402,0.9103053435114504,-0.002618544666153988,-0.0024938348432890223,0.0258638896957763,0.01807666598694817,1.0,0.011566683104462431,-0.025289243550900353,0.02005215421859238,5,valid
cli_input,43,0,0,discontinue,discontinue,VB,general,128,0.1382636655948553,0.041555150415232146,0.0388797299018242,0.0620348813767403,0.05670212528869911,1.0,0.027742842346905407,-0.01282082058470245,0.09593112141516674,5,valid
cli_input,97,1,0,cease,cease,VB,general,288,0.31189710610932475,-0.04855468107442397,0.0517679890764684,0.1835370165698069,0.13947751599106603,1.0,0.0820802490875187,-0.20943196928596058,0.11232260713711266,5,valid
cli_input,179,3,0,display,display,VB,general,487,0.5755627009646302,-0.12199408881624922,-0.18552481964853337,0.11287176293079244,0.12199408881624922,1.0,0.05047778693069856,-0.22093055120041838,-0.02305762643208005,5,valid
cli_input,195,3,0,cease,cease,VB,general,533,0.6270096463022508,0.029374628656417462,-0.007739226767287277,0.16675308687346002,0.12467103228048097,1.0,0.0745742475413969,-0.11679089652472044,0.17554015383755536,5,valid
cli_input,211,3,0,indicated,indicate,VBD,general,573,0.6784565916398714,-0.18653272051305375,-0.2691388420653487,0.2192598930319179,0.2444792389471615,1.0,0.09805600511174017,-0.3787224905320645,0.005657049505956996,5,valid
cli_input,226,4,0,meaningful,meaningful,JJ,general,606,0.7266881028938906,-0.003136622237150588,0.03474130394615954,0.14477714913234102,0.12152453758586523,1.0,0.06474630940970784,-0.13003938868017795,0.12376614420587678,5,valid
cli_input,240,4,0,definitions,definition,NNS,general,644,0.7717041800643086,-0.021076030254323815,-0.062186953434940295,0.18747560931908946,0.14143060871704138,1.0,0.08384164131213542,-0.18540564722610922,0.1432535867174616,5,valid
cli_input,260,4,0,distinct,distinct,JJ,general,697,0.8360128617363344,-0.31696721087110735,-0.33122071981640583,0.06108987578170081,0.31696721087110735,1.0,0.027320222996980222,-0.3705148479451886,-0.26341957379702613,5,valid
cli_input,262,4,0,parts,part,NNS,general,706,0.842443729903537,-0.43302350295914244,-0.4298951926671099,0.10248204780261513,0.43302350295914244,1.0,0.045831365072006074,-0.5228529785002743,-0.3431940274180105,5,valid
cli_input,277,5,0,essential,essential,JJ,general,739,0.8906752411575563,0.08525991584836319,0.1318587830658417,0.16333168078013013,0.14885937672486865,1.0,0.07304414822073337,-0.0579066146642742,0.22842644636100057,5,valid
cli_input,309,5,0,arena,arena,NN,general,837,0.9935691318327974,-0.12443390817143316,-0.06218453214043307,0.0903001414835427,0.12443390817143316,1.0,0.04038345094701004,-0.20358547202757282,-0.045282344315293474,5,valid
cli_input,83,4,0,phase,phase,NN,general,217,0.3062730627306273,-0.02997905661998294,-0.04284442265307917,0.052557558759954416,0.0492656842430494,1.0,0.023504454823739526,-0.07604778807451242,0.01608967483454653,5,valid
cli_input,178,6,0,showcased,showcase,VBN,general,456,0.6568265682656826,-0.04049265869659553,-0.06917296258371355,0.13675660253658556,0.11169232981380324,1.0,0.06115941192874509,-0.1603651060769359,0.07937978868374485,5,valid
cli_input,39,1,0,discerned,discern,VBN,general,128,0.12149532710280374,-0.12144848263671419,-0.1252574007432865,0.05804392300991388,0.12144848263671419,0.0,0.025958031506186325,-0.17232622438883938,-0.070570740884589,5,valid
cli_input,101,2,0,sphere,sphere,NN,general,294,0.3146417445482866,-0.10887069345256037,-0.12872545522539292,0.05171954315915734,0.10887069345256037,0.0,0.023129682853822005,-0.1542048718460515,-0.06353651505906924,5,valid
cli_input,152,3,0,diverse,diverse,JJ,general,440,0.4735202492211838,-0.16294255890482362,-0.1840350146650136,0.05099979833923319,0.16294255890482362,0.0,0.022807803185061256,-0.2076458531475437,-0.11823926466210355,5,valid
cli_input,164,3,0,different,different,JJ,general,485,0.5109034267912772,0.05550769379925953,0.11658842316260332,0.10854865898988693,0.09931446161334226,0.0,0.04854443607356616,-0.03963940090493015,0.1506547885034492,5,valid
cli_input,195,4,0,meaningful,meaningful,JJ,general,577,0.6074766355140186,-0.2549869779315062,-0.25426538365648144,0.16302569176881163,0.2592742393107953,0.0,0.07290730577479815,-0.39788529725011057,-0.11208865861290185,5,valid
cli_input,226,5,0,system,system,NN,general,666,0.7040498442367601,-0.09627584433443341,-0.11856929186545306,0.07460991684894239,0.11042339687337246,0.0,0.033366569173968415,-0.1616743199154115,-0.030877368753455314,5,valid
cli_input,256,5,0,structure,structure,NN,general,741,0.7975077881619937,-0.10459501175751225,-0.08728321445984322,0.12665950589237976,0.11848709595878351,0.0,0.05664385303437926,-0.21561696370489558,0.006426940189871097,5,valid
cli_input,32,0,0,necessity,necessity,NN,general,101,0.0798004987531172,-0.11676792866904209,-0.10438451442510899,0.051490019717308724,0.11676792866904209,0.0,0.02302703685014136,-0.16190092089531916,-0.07163493644276503,5,valid
cli_input,95,1,0,significances,significance,NNS,general,277,0.23690773067331672,-0.36058775865221565,-0.357693903387986,0.0725240081903287,0.36058775865221565,0.2,0.03243372246286529,-0.4241578546794316,-0.2970176626249997,5,valid
cli_input,121,1,0,stretch,stretch,NN,general,349,0.30174563591022446,-0.22604240994544914,-0.24353421722222723,0.06721810965323051,0.22604240994544914,0.0,0.030060852500731646,-0.28496168084688317,-0.1671231390440151,5,valid
cli_input,152,2,0,minimize,minimize,VB,general,428,0.3790523690773067,-0.04619962205843322,-0.04919667272976325,0.04006559163195835,0.054628633473182295,0.0,0.01791787728956112,-0.08131866154597302,-0.011080582570893421,5,valid
cli_input,189,3,0,range,range,NN,general,525,0.4713216957605985,-0.17222722665059464,-0.1709838556023373,0.002780262185158574,0.17222722665059464,0.0,0.0012433710482573357,-0.17466423390517902,-0.16979021939601027,5,valid
cli_input,197,3,0,dilemmas,dilemma,NNS,general,549,0.4912718204488778,-0.19973907341191416,-0.20372182124400928,0.06066934753401641,0.19973907341191416,0.0,0.027132157047323986,-0.2529181012246692,-0.14656004559915914,5,valid
cli_input,226,3,0,unreliable,unreliable,JJ,general,636,0.5635910224438903,-0.05478209157504961,-0.052611062590633306,0.15533352483488042,0.11874262400300198,0.0,0.06946726414308887,-0.1909379292955038,0.08137374614540459,5,valid
cli_input,234,4,0,aspects,aspect,NNS,general,665,0.5835411471321695,-0.010046477549641341,0.07569231347583472,0.19438438343367623,0.15696753450955905,0.0,0.0869313390244168,-0.18043190203749826,0.1603389469382156,5,valid
cli_input,256,4,0,strain,strain,NN,general,745,0.6384039900249376,-0.11715209646060454,-0.13075409432671914,0.0892242615596517,0.11715209646060454,0.0,0.03990230281792052,-0.19536060998372876,-0.03894358293748032,5,valid
cli_input,285,4,0,criterion,criterion,NN,general,827,0.7107231920199502,0.10554408263539435,0.1859194962630326,0.1117590828502521,0.122538296975097,0.0,0.049980181271238926,0.007582927343766047,0.20350523792702263,5,valid
cli_input,306,5,0,alterations,alteration,NNS,general,906,0.7630922693266833,0.03854796173278237,-0.03311997615557072,0.15081806056358613,0.11962243414974845,0.0,0.06744788713097176,-0.09364989704392228,0.170745820509487,5,valid
cli_input,322,5,0,deploying,deploy,VBG,general,950,0.8029925187032418,-0.2140349824217728,-0.09695794908747857,0.1729777979577308,0.2140349824217728,0.2,0.07735802296634207,-0.36565670743580325,-0.06241325740774234,5,valid
cli_input,324,5,0,repeatedly,repeatedly,RB,general,960,0.8079800498753117,-0.16270191764682607,-0.12090793577472048,0.08974346940395739,0.16270191764682607,0.0,0.04013449962478425,-0.2413655369114032,-0.08403829838224894,5,valid
cli_input,373,6,0,preclude,preclude,VB,general,1095,0.9301745635910225,-0.3052945272050187,-0.33068731398071294,0.08558985329522262,0.3052945272050187,0.2,0.03827694603047043,-0.3803173414247407,-0.23027171298529667,5,valid
cli_input,399,6,0,dilemmas,dilemma,NNS,general,1183,0.9950124688279302,-0.13193871225816411,-0.1373100315470559,0.07129259116773673,0.13193871225816411,0.0,0.03188301602863208,-0.194429423674283,-0.06944800084204523,5,valid
cli_input,6,0,0,originated,originate,VBD,biomedical,24,0.011406844106463879,-0.16409063768926374,-0.22088718987245848,0.1499962054889084,0.20036895901189275,0.0,0.06708034236804525,-0.29556810873063244,-0.03261316664789507,5,valid
cli_input,14,0,0,structure,structure,NN,biomedical,49,0.026615969581749048,-0.046892596499241976,-0.07543618072589675,0.1117261925275288,0.1007220108573688,0.0,0.049965472271756683,-0.14482492215188508,0.05103972915340112,5,valid
cli_input,20,0,0,employed,employ,VBN,biomedical,68,0.03802281368821293,-0.040519668304088444,-0.03187608599721603,0.12984430257267307,0.10297059541701614,0.0,0.05806813740870956,-0.15433321762515917,0.07329388101698228,5,valid
cli_input,32,0,0,substances,substance,NNS,biomedical,113,0.060836501901140684,-0.07968359501864039,-0.13824958453218983,0.08352336072487437,0.08903277382446965,0.0,0.03735278245801104,-0.152895048636342,-0.006472141400938755,5,valid
cli_input,50,0,0,body,body,NN,biomedical,162,0.09505703422053231,-0.01213111496297925,-0.04535704017254538,0.0895592209961912,0.07287683132924636,0.0,0.040052101231881986,-0.09063323337746794,0.06637100345150944,5,valid
cli_input,59,1,0,meaningful,meaningful,JJ,biomedical,180,0.11216730038022814,-0.3414945712741493,-0.3779823236448894,0.08885949717203151,0.3414945712741493,0.0,0.03973917522462255,-0.41938335471440946,-0.2636057878338891,5,valid
cli_input,61,1,0,factor,factor,NN,biomedical,191,0.11596958174904944,-0.1069735668406195,-0.020230987235939857,0.1348284855239704,0.1069735668406195,0.0,0.060297131786988825,-0.2251559451431176,0.011208811461878604,5,valid
cli_input,83,1,0,elaborate,elaborate,JJ,biomedical,256,0.15779467680608364,-0.01293037091568534,-0.03427606157784835,0.09273874592700455,0.07726069189199399,0.0,0.041474028008172785,-0.094219465811704,0.06835872398033331,5,valid
cli_input,114,2,0,applied,apply,VBN,biomedical,353,0.21673003802281368,-0.2602033146853131,-0.2559339343982092,0.06602660201040948,0.2602033146853131,0.0,0.029527994083719974,-0.3180781830894043,-0.20232844628122196,5,valid
cli_input,120,2,0,range,range,NN,biomedical,366,0.22813688212927757,-0.03900139484470096,-0.00017046837906864454,0.12378082590006297,0.06333389657894309,0.0,0.055356468204721475,-0.14750007252595504,0.06949728283655313,5,valid
cli_input,143,2,0,applied,apply,VBN,biomedical,433,0.2718631178707224,-0.10557366384535358,-0.07564841256867672,0.1232601653098752,0.12504173309771885,0.0,0.05512362171014847,-0.21361596239724456,0.002468634706537423,5,valid
cli_input,147,2,0,identify,identify,VB,biomedical,444,0.279467680608365,-0.22960165142067224,-0.18738041011123885,0.0838863224760791,0.22960165142067224,0.0,0.03751510388779627,-0.3031312550407529,-0.15607204780059156,5,valid
cli_input,159,2,0,substance,substance,NN,biomedical,480,0.30228136882129275,-0.16953369691753029,-0.23454731445531252,0.089023562176142,0.16953369691753029,0.0,0.039812547325006525,-0.24756628967454308,-0.0915011041605175,5,valid
cli_input,185,3,0,commonly,commonly,RB,biomedical,540,0.3517110266159696,-0.13597494634931886,-0.12428221822937102,0.03360534595451213,0.13597494634931886,0.0,0.015028767592337336,-0.16543133083030004,-0.10651856186833769,5,valid
cli_input,193,3,0,strategy,strategy,NN,biomedical,564,0.3669201520912547,-0.11591916915107223,-0.1266216183801876,0.13655037658570873,0.1284776265524025,0.0,0.06106718487976807,-0.23561085151541764,0.003772513213273182,5,valid
cli_input,216,3,0,definition,definition,NN,biomedical,643,0.41064638783269963,-0.14304363375466575,-0.05906151849445562,0.11936838419335423,0.14304363375466575,0.0,0.053383164284130286,-0.24767463575156112,-0.03841263175777039,5,valid
cli_input,236,4,0,applied,apply,VBN,biomedical,704,0.44866920152091255,-0.054350675169940924,-0.05995508490947632,0.15234106378651974,0.13297425869549695,0.0,0.06812899487825792,-0.18788350513132646,0.0791821547914446,5,valid
cli_input,289,5,0,applied,apply,VBN,biomedical,870,0.5494296577946768,0.16749822790858068,0.2340075951766365,0.11194045957175108,0.17520830958879738,0.0,0.05006129540700048,0.06937808891085974,0.26561836690630164,5,valid
cli_input,301,5,0,significances,significance,NNS,biomedical,912,0.5722433460076045,-0.06432446282652071,-0.05160162042527228,0.07935227709477272,0.07458627064401542,0.0,0.03548741715066226,-0.13387980044181874,0.005230874788777318,5,valid
cli_input,307,5,0,body,body,NN,biomedical,933,0.5836501901140685,-0.1791589493048626,-0.2076121262285624,0.09003109243999179,0.1791589493048626,0.0,0.0402631285568778,-0.2580746812763431,-0.1002432173333821,5,valid
cli_input,330,6,0,applied,apply,VBN,biomedical,992,0.6273764258555133,-0.14255552362313068,-0.17662656182606762,0.10548373719869691,0.14255552362313068,0.0,0.04717376137940191,-0.23501609592675843,-0.05009495131950294,5,valid
cli_input,338,6,0,explore,explore,VB,biomedical,1015,0.6425855513307985,-0.19677084438967177,-0.2084888192575911,0.0467452457475142,0.19677084438967177,0.0,0.020905109423274944,-0.23774485885929064,-0.1557968299200529,5,valid
cli_input,354,6,0,connotations,connotation,NNS,biomedical,1067,0.6730038022813688,-0.21195397616520353,-0.17014985805620864,0.07156206583728544,0.21195397616520353,0.0,0.03200352876449713,-0.27468089254361794,-0.14922705978678916,5,valid
cli_input,360,6,0,body,body,NN,biomedical,1087,0.6844106463878327,-0.14401269053989124,-0.14896549500416167,0.10343162335810685,0.153319893184117,0.0,0.0462560281703764,-0.23467450575382898,-0.053350875325953506,5,valid
cli_input,378,7,0,explore,explore,VB,biomedical,1140,0.7186311787072244,-0.1662683072800138,-0.12323286182276805,0.1753904560467364,0.19983456717212275,0.0,0.07843699646503832,-0.3200048203514889,-0.012531794208538699,5,valid
cli_input,402,7,0,procedure,procedure,NN,biomedical,1208,0.7642585551330798,0.018101940878107303,0.0018293636760069454,0.07408670310235177,0.04422742896941232,0.0,0.033132580873140624,-0.04683791763324832,0.08304179938946293,5,valid
cli_input,416,8,0,applied,apply,VBN,biomedical,1250,0.7908745247148289,-0.20847070465026524,-0.11221280402763378,0.13238548790367133,0.20847070465026524,0.0,0.05920459003741704,-0.3245117011236026,-0.09242970817692783,5,valid
cli_input,435,8,0,stimulate,stimulate,VB,biomedical,1304,0.8269961977186312,-0.0726832193033216,-0.07692482972397707,0.04324055116221511,0.0726832193033216,0.0,0.019337762356654103,-0.11058523352236363,-0.03478120508427956,5,valid
cli_input,441,8,0,structure,structure,NN,biomedical,1325,0.8384030418250951,-0.3520043306329647,-0.3604525092206323,0.07181798506972767,0.3520043306329647,0.0,0.03211797932459521,-0.41495557010917133,-0.2890530911567581,5,valid
cli_input,445,8,0,develop,develop,VB,biomedical,1338,0.8460076045627376,-0.07391546287602627,-0.02493726831558085,0.11987891428956612,0.08879235777357923,0.0,0.05361148028406815,-0.17899396423279984,0.031163038480747293,5,valid
cli_input,470,9,0,retain,retain,VB,biomedical,1412,0.8935361216730038,-0.12978244197200023,-0.16375848046523078,0.07486946307770698,0.12978244197200023,0.0,0.03348264177613268,-0.19540841985322027,-0.06415646409078017,5,valid
cli_input,496,10,0,fundamental,fundamental,JJ,biomedical,1492,0.9429657794676806,-0.024429556931894504,0.003398236151177514,0.10861118168783143,0.08605328945920601,0.0,0.04857239707411428,-0.11963145519715848,0.07077234133336949,5,valid
cli_input,512,10,0,safeguard,safeguard,VB,biomedical,1543,0.973384030418251,-0.09905684790177202,-0.13356550404198497,0.052655407198810435,0.09905684790177202,0.0,0.02354821397589438,-0.145211347294525,-0.05290234850901904,5,valid
cli_input,516,10,0,frame,frame,NN,biomedical,1557,0.9809885931558935,-0.011418581778788984,-0.020312131429476743,0.04299682295561277,0.03478476839419944,0.0,0.019228763789054717,-0.04910695880533623,0.026269795247758264,5,valid
cli_input,108,2,0,crucial,crucial,JJ,general,304,0.1945945945945946,-0.14909094558077118,-0.09871133641239149,0.10222020740041914,0.14909094558077118,0.0,0.045714266484292845,-0.23869090788998515,-0.059490983271557205,5,valid
cli_input,110,2,0,undertakings,undertaking,NNS,general,312,0.1981981981981982,-0.17296333191483332,-0.1450265945540643,0.09382602644623121,0.17296333191483332,0.0,0.0419602746384932,-0.25520547020628,-0.09072119362338664,5,valid
cli_input,239,4,0,power,power,NN,general,711,0.4306306306306306,-0.15045874993544467,-0.1008677227554724,0.11839238634006144,0.15045874993544467,0.0,0.05294668477495898,-0.2542342520943643,-0.046683247776525064,5,valid
cli_input,359,6,0,power,power,NN,general,1079,0.6468468468468469,-0.051207205980749126,-0.10596625888385969,0.12427474815186568,0.10705342067860793,0.0,0.055577356950847596,-0.1601388256044104,0.057724413642912156,5,valid
cli_input,419,7,0,log,log,NN,general,1240,0.7549549549549549,-0.1736555871319637,-0.19083895529813644,0.023529295896322477,0.1736555871319637,0.0,0.01052262101737678,-0.19427992432602217,-0.1530312499379052,5,valid
cli_input,481,8,0,conserve,conserve,VB,general,1423,0.8666666666666667,-0.18767996566971296,-0.16488926739076382,0.0441345000246682,0.18767996566971296,0.0,0.019737548441624845,-0.22636556061529767,-0.14899437072412824,5,valid
cli_input,63,1,0,strengths,strength,NNS,general,173,0.16279069767441862,-0.10624700722449801,-0.11490381606468529,0.04375227386371946,0.10624700722449801,1.0,0.019566611705892814,-0.14459756616804792,-0.0678964482809481,5,valid
cli_input,160,2,0,multiple,multiple,JJ,general,490,0.4134366925064599,-0.18480737359700922,-0.2608527987209744,0.1538061346282722,0.1991259714396441,1.0,0.06878419447706019,-0.3196243947720472,-0.04999035242197125,5,valid
cli_input,175,3,0,spur,spur,VB,general,543,0.45219638242894056,-0.16200898544724182,-0.18032304311221603,0.06841788437197285,0.16200898544724182,1.0,0.03059740806649036,-0.22197990525756292,-0.10203806563692072,5,valid
cli_input,202,4,0,energies,energy,NNS,general,623,0.5219638242894057,-0.12035483709773365,-0.14318953639122262,0.10169174640914104,0.13224886294914864,1.0,0.0454779315443019,-0.20949158292456538,-0.031218091270901915,5,valid
cli_input,315,6,0,often,often,RB,general,959,0.813953488372093,0.16410443105318795,0.09544082505802368,0.11177313391635542,0.16410443105318795,1.0,0.049986465099031596,0.06613095945908602,0.26207790264728986,5,valid
cli_input,347,6,0,strong,strong,JJ,general,1058,0.896640826873385,0.07521869326107584,0.07622092371122416,0.018242570695583108,0.07521869326107584,1.0,0.00815832563193389,0.059228375022485416,0.09120901149966627,5,valid
cli_input,353,6,0,fostered,foster,VBD,general,1076,0.9121447028423773,-0.013349059876951879,-0.03432818133247953,0.19919943685526395,0.14295810618317267,1.0,0.08908469637760942,-0.18795506477706633,0.1612569450231626,5,valid
cli_input,373,6,0,time,time,NN,general,1137,0.9638242894056848,-0.021298725047094243,0.0443153917327099,0.12303681831163825,0.09986761322294394,1.0,0.0550237378960228,-0.12914525132329893,0.08654780122911043,5,valid
cli_input,385,6,0,burden,burden,NN,general,1184,0.9948320413436692,-0.0839387479170213,-0.05590315368186892,0.05693692577658279,0.0839387479170213,1.0,0.025462967293259822,-0.13384616381181055,-0.03403133202223205,5,valid
